2025-11-30 23:23:46.567 [INFO] Booking System Server Started
2025-11-30 23:23:46.570 [INFO] API Server: http://localhost:5000
2025-11-30 23:23:46.570 [INFO] Health Check: http://localhost:5000/health
2025-11-30 23:23:46.570 [INFO] Deep Health Check: http://localhost:5000/health/deep
2025-11-30 23:23:46.571 [INFO] Circuit Breaker Status: http://localhost:5000/health/circuits

2025-11-30 23:23:46.575 [ERROR] [REDIS] Redis error: connect ECONNREFUSED 127.0.0.1:6379
2025-11-30 23:24:09.243 [INFO] Booking System Server Started
2025-11-30 23:24:09.245 [INFO] API Server: http://localhost:5000
2025-11-30 23:24:09.245 [INFO] Health Check: http://localhost:5000/health
2025-11-30 23:24:09.246 [INFO] Deep Health Check: http://localhost:5000/health/deep
2025-11-30 23:24:09.246 [INFO] Circuit Breaker Status: http://localhost:5000/health/circuits

2025-11-30 23:24:09.250 [ERROR] [REDIS] Redis error: connect ECONNREFUSED 127.0.0.1:6379
2025-11-30 23:45:24.411 [INFO] Booking System Server Started
2025-11-30 23:45:24.413 [INFO] API Server: http://localhost:5000
2025-11-30 23:45:24.414 [INFO] Health Check: http://localhost:5000/health
2025-11-30 23:45:24.414 [INFO] Deep Health Check: http://localhost:5000/health/deep
2025-11-30 23:45:24.414 [INFO] Circuit Breaker Status: http://localhost:5000/health/circuits

2025-11-30 23:45:24.420 [ERROR] [REDIS] Redis error: connect ECONNREFUSED 127.0.0.1:6379
2025-11-30 23:48:05.958 [INFO] Booking System Server Started
2025-11-30 23:48:05.961 [INFO] API Server: http://localhost:5000
2025-11-30 23:48:05.962 [INFO] Health Check: http://localhost:5000/health
2025-11-30 23:48:05.962 [INFO] Deep Health Check: http://localhost:5000/health/deep
2025-11-30 23:48:05.962 [INFO] Circuit Breaker Status: http://localhost:5000/health/circuits

2025-11-30 23:48:05.968 [INFO] [REDIS] Connecting to Redis...
2025-11-30 23:48:06.314 [INFO] [REDIS] Redis client ready. Host: 127.0.0.1:6379
2025-11-30 23:48:06.355 [INFO] Database connection established successfully. Host: localhost:3306. Database: meetingroombooking
2025-11-30 23:48:20.758 [INFO] Booking System Server Started
2025-11-30 23:48:20.760 [INFO] API Server: http://localhost:5000
2025-11-30 23:48:20.761 [INFO] Health Check: http://localhost:5000/health
2025-11-30 23:48:20.761 [INFO] Deep Health Check: http://localhost:5000/health/deep
2025-11-30 23:48:20.761 [INFO] Circuit Breaker Status: http://localhost:5000/health/circuits

2025-11-30 23:48:20.767 [INFO] [REDIS] Connecting to Redis...
2025-11-30 23:48:20.771 [INFO] [REDIS] Redis client ready. Host: 127.0.0.1:6379
2025-11-30 23:48:20.815 [INFO] Database connection established successfully. Host: localhost:3306. Database: meetingroombooking
2025-11-30 23:48:23.175 [INFO] Booking System Server Started
2025-11-30 23:48:23.178 [INFO] API Server: http://localhost:5000
2025-11-30 23:48:23.178 [INFO] Health Check: http://localhost:5000/health
2025-11-30 23:48:23.179 [INFO] Deep Health Check: http://localhost:5000/health/deep
2025-11-30 23:48:23.179 [INFO] Circuit Breaker Status: http://localhost:5000/health/circuits

2025-11-30 23:48:23.186 [INFO] [REDIS] Connecting to Redis...
2025-11-30 23:48:23.201 [INFO] [REDIS] Redis client ready. Host: 127.0.0.1:6379
2025-11-30 23:48:23.221 [INFO] Database connection established successfully. Host: localhost:3306. Database: meetingroombooking
2025-11-30 23:48:27.665 [INFO] 
  Received shutdown signal, starting graceful shutdown...
2025-11-30 23:48:35.162 [INFO] Booking System Server Started
2025-11-30 23:48:35.165 [INFO] API Server: http://localhost:5000
2025-11-30 23:48:35.166 [INFO] Health Check: http://localhost:5000/health
2025-11-30 23:48:35.166 [INFO] Deep Health Check: http://localhost:5000/health/deep
2025-11-30 23:48:35.166 [INFO] Circuit Breaker Status: http://localhost:5000/health/circuits

2025-11-30 23:48:35.170 [INFO] [REDIS] Connecting to Redis...
2025-11-30 23:48:35.185 [INFO] [REDIS] Redis client ready. Host: 127.0.0.1:6379
2025-11-30 23:48:35.206 [INFO] Database connection established successfully. Host: localhost:3306. Database: meetingroombooking
2025-11-30T16:49:47.154Z [INFO] [REQUEST_MIDDLEWARE] [d0fb0586-b297-4c4a-a177-5e552084d80c] ::1 [GET] /health/circuits Incoming request {"userAgent":"Mozilla/5.0 (Windows NT 10.0; Win64; x64) AppleWebKit/537.36 (KHTML, like Gecko) Chrome/142.0.0.0 Safari/537.36 Edg/142.0.0.0"}
2025-11-30T16:49:47.234Z [INFO] [REQUEST_MIDDLEWARE] [0be021c0-6800-4c22-86ca-5e5d8d4cf881] ::1 [GET] /favicon.ico Incoming request {"userAgent":"Mozilla/5.0 (Windows NT 10.0; Win64; x64) AppleWebKit/537.36 (KHTML, like Gecko) Chrome/142.0.0.0 Safari/537.36 Edg/142.0.0.0"}
2025-11-30T16:49:53.419Z [INFO] [REQUEST_MIDDLEWARE] [9924ae55-34c1-4585-9d11-a227559cabb8] ::1 [GET] /api/docs Incoming request {"userAgent":"Mozilla/5.0 (Windows NT 10.0; Win64; x64) AppleWebKit/537.36 (KHTML, like Gecko) Chrome/142.0.0.0 Safari/537.36 Edg/142.0.0.0"}
2025-11-30T16:50:01.894Z [INFO] [REQUEST_MIDDLEWARE] [08d3b1ba-c2fe-409a-8ed6-6be039140d7c] ::1 [GET] /api-docs Incoming request {"userAgent":"Mozilla/5.0 (Windows NT 10.0; Win64; x64) AppleWebKit/537.36 (KHTML, like Gecko) Chrome/142.0.0.0 Safari/537.36 Edg/142.0.0.0"}
2025-11-30T16:50:01.900Z [INFO] [REQUEST_MIDDLEWARE] [eb234dbb-9f15-4306-9ae7-2386214d7418] ::1 [GET] /api-docs/ Incoming request {"userAgent":"Mozilla/5.0 (Windows NT 10.0; Win64; x64) AppleWebKit/537.36 (KHTML, like Gecko) Chrome/142.0.0.0 Safari/537.36 Edg/142.0.0.0"}
2025-11-30T16:50:01.939Z [INFO] [REQUEST_MIDDLEWARE] [404e2e50-8320-449a-9b4f-962395fa0725] ::1 [GET] /api-docs/swagger-ui.css Incoming request {"userAgent":"Mozilla/5.0 (Windows NT 10.0; Win64; x64) AppleWebKit/537.36 (KHTML, like Gecko) Chrome/142.0.0.0 Safari/537.36 Edg/142.0.0.0"}
2025-11-30T16:50:01.942Z [INFO] [REQUEST_MIDDLEWARE] [eafe9bc9-69d2-48e5-a4a6-ad62700e5683] ::1 [GET] /api-docs/swagger-ui-bundle.js Incoming request {"userAgent":"Mozilla/5.0 (Windows NT 10.0; Win64; x64) AppleWebKit/537.36 (KHTML, like Gecko) Chrome/142.0.0.0 Safari/537.36 Edg/142.0.0.0"}
2025-11-30T16:50:01.944Z [INFO] [REQUEST_MIDDLEWARE] [93790feb-31e7-407e-a7b8-270bc1dde3a1] ::1 [GET] /api-docs/swagger-ui-standalone-preset.js Incoming request {"userAgent":"Mozilla/5.0 (Windows NT 10.0; Win64; x64) AppleWebKit/537.36 (KHTML, like Gecko) Chrome/142.0.0.0 Safari/537.36 Edg/142.0.0.0"}
2025-11-30T16:50:01.945Z [INFO] [REQUEST_MIDDLEWARE] [1bec68ba-42f7-4839-a21c-ed528451ade7] ::1 [GET] /api-docs/swagger-ui-init.js Incoming request {"userAgent":"Mozilla/5.0 (Windows NT 10.0; Win64; x64) AppleWebKit/537.36 (KHTML, like Gecko) Chrome/142.0.0.0 Safari/537.36 Edg/142.0.0.0"}
2025-11-30T16:50:02.246Z [INFO] [REQUEST_MIDDLEWARE] [529cdbf5-360b-468f-a3e7-b40db1e85c4f] ::1 [GET] /api-docs/favicon-32x32.png Incoming request {"userAgent":"Mozilla/5.0 (Windows NT 10.0; Win64; x64) AppleWebKit/537.36 (KHTML, like Gecko) Chrome/142.0.0.0 Safari/537.36 Edg/142.0.0.0"}
2025-11-30 23:51:10.588 [INFO] Booking System Server Started
2025-11-30 23:51:10.591 [INFO] API Server: http://localhost:5000
2025-11-30 23:51:10.592 [INFO] Health Check: http://localhost:5000/health
2025-11-30 23:51:10.592 [INFO] Deep Health Check: http://localhost:5000/health/deep
2025-11-30 23:51:10.592 [INFO] Circuit Breaker Status: http://localhost:5000/health/circuits

2025-11-30 23:51:10.601 [INFO] [REDIS] Connecting to Redis...
2025-11-30 23:51:10.618 [INFO] [REDIS] Redis client ready. Host: 127.0.0.1:6379
2025-11-30 23:51:10.638 [INFO] Database connection established successfully. Host: localhost:3306. Database: meetingroombooking
2025-11-30T16:51:19.185Z [INFO] [REQUEST_MIDDLEWARE] [b649aa24-8bbe-4f8e-89cc-a7f9fb8b8b4e] ::1 [GET] /health Incoming request {"userAgent":"Go-http-client/1.1"}
2025-11-30T16:51:27.865Z [INFO] [REQUEST_MIDDLEWARE] [de632190-f0b8-4e8a-b02e-b3c51a0010f4] ::1 [GET] /api-docs/ Incoming request {"userAgent":"Go-http-client/1.1"}
2025-11-30T16:51:57.344Z [INFO] [REQUEST_MIDDLEWARE] [75450e90-a24a-41b4-b0fb-55aac5051be6] ::1 [POST] /api/auth/register Incoming request {"userAgent":"Mozilla/5.0 (Windows NT 10.0; Win64; x64) AppleWebKit/537.36 (KHTML, like Gecko) Chrome/142.0.0.0 Safari/537.36 Edg/142.0.0.0"}
2025-11-30 23:51:57.357 [INFO] [USER_CONTROLLER] [75450e90-a24a-41b4-b0fb-55aac5051be6] ::1 [POST] /api/auth/register User registration attempt {"payload":{"email":"string@gmail.com","hasPassword":true}}
2025-11-30 23:51:57.414 [INFO] [USER_CONTROLLER] [75450e90-a24a-41b4-b0fb-55aac5051be6] ::1 [POST] /api/auth/register 57ms 201 User registration successful {"payload":{"email":"string@gmail.com","role":"user"}}
2025-11-30T16:52:14.726Z [INFO] [REQUEST_MIDDLEWARE] [e4386df8-b14b-4cec-a7f4-626546f7c94c] ::1 [POST] /api/auth/login Incoming request {"userAgent":"Mozilla/5.0 (Windows NT 10.0; Win64; x64) AppleWebKit/537.36 (KHTML, like Gecko) Chrome/142.0.0.0 Safari/537.36 Edg/142.0.0.0"}
2025-11-30 23:52:14.730 [INFO] [USER_CONTROLLER] [e4386df8-b14b-4cec-a7f4-626546f7c94c] ::1 [POST] /api/auth/login User login attempt {"payload":{"email":"string@gmail.com","hasPassword":true}}
2025-11-30 23:52:14.747 [INFO] [USER_CONTROLLER] [e4386df8-b14b-4cec-a7f4-626546f7c94c] ::1 [POST] /api/auth/login 17ms 200 User login successful {"payload":{"email":"string@gmail.com","role":"user"}}
2025-11-30T16:52:27.899Z [INFO] [REQUEST_MIDDLEWARE] [5508d25f-1d54-424d-b765-15a30d0aed65] ::1 [GET] /api/rooms Incoming request {"userAgent":"Mozilla/5.0 (Windows NT 10.0; Win64; x64) AppleWebKit/537.36 (KHTML, like Gecko) Chrome/142.0.0.0 Safari/537.36 Edg/142.0.0.0"}
2025-11-30 23:52:27.915 [INFO] [ROOM_CONTROLLER] [5508d25f-1d54-424d-b765-15a30d0aed65] ::1 [GET] /api/rooms Fetching all rooms {"payload":{"pageNumber":null}}
2025-11-30 23:52:27.956 [INFO] [ROOM_CONTROLLER] [5508d25f-1d54-424d-b765-15a30d0aed65] ::1 [GET] /api/rooms 1764521547915ms 200 Successfully retrieved all rooms {"payload":{"currentPage":null}}
2025-11-30T16:52:36.185Z [INFO] [REQUEST_MIDDLEWARE] [beecec73-5742-4967-a77c-284db16ff709] ::1 [POST] /api/rooms Incoming request {"userAgent":"Mozilla/5.0 (Windows NT 10.0; Win64; x64) AppleWebKit/537.36 (KHTML, like Gecko) Chrome/142.0.0.0 Safari/537.36 Edg/142.0.0.0"}
2025-11-30 23:52:36.192 [INFO] [ROOM_CONTROLLER] [beecec73-5742-4967-a77c-284db16ff709] ::1 [POST] /api/rooms Creating a new room {"payload":{"capacity":0,"districtId":"string"}}
2025-11-30 23:52:36.200 [ERROR] [CONTROLLER] [beecec73-5742-4967-a77c-284db16ff709] ::1 [POST] /api/rooms 1764521556191ms 500 Failed to create room {"payload":{"error":"Incorrect integer value: 'string' for column 'district_id' at row 1"}}
2025-11-30T16:53:00.238Z [INFO] [REQUEST_MIDDLEWARE] [bc687e54-f58f-4f83-a3be-b983e50db4e7] ::1 [POST] /api/rooms Incoming request {"userAgent":"Mozilla/5.0 (Windows NT 10.0; Win64; x64) AppleWebKit/537.36 (KHTML, like Gecko) Chrome/142.0.0.0 Safari/537.36 Edg/142.0.0.0"}
2025-11-30 23:53:00.244 [INFO] [ROOM_CONTROLLER] [bc687e54-f58f-4f83-a3be-b983e50db4e7] ::1 [POST] /api/rooms Creating a new room {"payload":{"capacity":0,"districtId":"1"}}
2025-11-30 23:53:00.270 [ERROR] [CONTROLLER] [bc687e54-f58f-4f83-a3be-b983e50db4e7] ::1 [POST] /api/rooms 1764521580243ms 500 Failed to create room {"payload":{"error":"Cannot add or update a child row: a foreign key constraint fails (`meetingroombooking`.`rooms`, CONSTRAINT `rooms_ibfk_1` FOREIGN KEY (`district_id`) REFERENCES `districts` (`id`) ON DELETE SET NULL)"}}
2025-11-30T17:03:21.601Z [INFO] [REQUEST_MIDDLEWARE] [997440c9-5686-4125-a005-8bac82404559] ::1 [POST] /api/rooms Incoming request {"userAgent":"Mozilla/5.0 (Windows NT 10.0; Win64; x64) AppleWebKit/537.36 (KHTML, like Gecko) Chrome/142.0.0.0 Safari/537.36 Edg/142.0.0.0"}
2025-12-01 00:03:21.608 [INFO] [ROOM_CONTROLLER] [997440c9-5686-4125-a005-8bac82404559] ::1 [POST] /api/rooms Creating a new room {"payload":{"capacity":0,"districtId":"74"}}
2025-12-01 00:03:21.656 [INFO] [ROOM_CONTROLLER] [997440c9-5686-4125-a005-8bac82404559] ::1 [POST] /api/rooms 1764522201608ms 201 Room created successfully {"payload":{}}
2025-12-01 01:28:53.615 [INFO] Booking System Server Started
2025-12-01 01:28:53.617 [INFO] API Server: http://localhost:5000
2025-12-01 01:28:53.617 [INFO] Health Check: http://localhost:5000/health
2025-12-01 01:28:53.618 [INFO] Deep Health Check: http://localhost:5000/health/deep
2025-12-01 01:28:53.618 [INFO] Circuit Breaker Status: http://localhost:5000/health/circuits

2025-12-01 01:28:53.625 [INFO] [REDIS] Connecting to Redis...
2025-12-01 01:28:53.629 [INFO] [REDIS] Redis client ready. Host: 127.0.0.1:6379
2025-12-01 01:28:53.674 [INFO] Database connection established successfully. Host: localhost:3306. Database: meetingroombooking
2025-12-01 01:29:07.737 [INFO] Booking System Server Started
2025-12-01 01:29:07.739 [INFO] API Server: http://localhost:5000
2025-12-01 01:29:07.740 [INFO] Health Check: http://localhost:5000/health
2025-12-01 01:29:07.740 [INFO] Deep Health Check: http://localhost:5000/health/deep
2025-12-01 01:29:07.740 [INFO] Circuit Breaker Status: http://localhost:5000/health/circuits

2025-12-01 01:29:07.747 [INFO] [REDIS] Connecting to Redis...
2025-12-01 01:29:07.764 [INFO] [REDIS] Redis client ready. Host: 127.0.0.1:6379
2025-12-01 01:29:07.797 [INFO] Database connection established successfully. Host: localhost:3306. Database: meetingroombooking
2025-12-01 01:29:10.173 [INFO] Booking System Server Started
2025-12-01 01:29:10.175 [INFO] API Server: http://localhost:5000
2025-12-01 01:29:10.176 [INFO] Health Check: http://localhost:5000/health
2025-12-01 01:29:10.176 [INFO] Deep Health Check: http://localhost:5000/health/deep
2025-12-01 01:29:10.176 [INFO] Circuit Breaker Status: http://localhost:5000/health/circuits

2025-12-01 01:29:10.183 [INFO] [REDIS] Connecting to Redis...
2025-12-01 01:29:10.198 [INFO] [REDIS] Redis client ready. Host: 127.0.0.1:6379
2025-12-01 01:29:10.222 [INFO] Database connection established successfully. Host: localhost:3306. Database: meetingroombooking
2025-12-01 01:29:33.097 [INFO] Booking System Server Started
2025-12-01 01:29:33.099 [INFO] API Server: http://localhost:5000
2025-12-01 01:29:33.100 [INFO] Health Check: http://localhost:5000/health
2025-12-01 01:29:33.100 [INFO] Deep Health Check: http://localhost:5000/health/deep
2025-12-01 01:29:33.100 [INFO] Circuit Breaker Status: http://localhost:5000/health/circuits

2025-12-01 01:29:33.107 [INFO] [REDIS] Connecting to Redis...
2025-12-01 01:29:33.122 [INFO] [REDIS] Redis client ready. Host: 127.0.0.1:6379
2025-12-01 01:29:33.150 [INFO] Database connection established successfully. Host: localhost:3306. Database: meetingroombooking
2025-12-01 01:29:35.595 [INFO] Booking System Server Started
2025-12-01 01:29:35.598 [INFO] API Server: http://localhost:5000
2025-12-01 01:29:35.599 [INFO] Health Check: http://localhost:5000/health
2025-12-01 01:29:35.599 [INFO] Deep Health Check: http://localhost:5000/health/deep
2025-12-01 01:29:35.599 [INFO] Circuit Breaker Status: http://localhost:5000/health/circuits

2025-12-01 01:29:35.606 [INFO] [REDIS] Connecting to Redis...
2025-12-01 01:29:35.620 [INFO] [REDIS] Redis client ready. Host: 127.0.0.1:6379
2025-12-01 01:29:35.644 [INFO] Database connection established successfully. Host: localhost:3306. Database: meetingroombooking
2025-12-01 01:56:24.840 [INFO] Booking System Server Started
2025-12-01 01:56:24.842 [INFO] API Server: http://localhost:5000
2025-12-01 01:56:24.843 [INFO] Health Check: http://localhost:5000/health
2025-12-01 01:56:24.843 [INFO] Deep Health Check: http://localhost:5000/health/deep
2025-12-01 01:56:24.843 [INFO] Circuit Breaker Status: http://localhost:5000/health/circuits

2025-12-01 01:56:24.848 [INFO] [REDIS] Connecting to Redis...
2025-12-01 01:56:24.869 [INFO] [REDIS] Redis client ready. Host: 127.0.0.1:6379
2025-12-01 01:56:24.892 [INFO] Database connection established successfully. Host: localhost:3306. Database: meetingroombooking
2025-11-30T18:56:52.372Z [INFO] [REQUEST_MIDDLEWARE] [06d8c918-afe8-4333-9eae-f6517724b8ea] ::1 [POST] /api/bookings Incoming request {"userAgent":"curl/8.16.0"}
2025-12-01 01:56:52.374 [WARN] [VALIDATION_MIDDLEWARE] [06d8c918-afe8-4333-9eae-f6517724b8ea] ::1 [POST] /api/bookings 0ms 400 Validation failed {"payload":{"error":"Room ID is required, User ID is required, Date is required, Start time is required, End time is required"}}
2025-12-01 01:57:41.413 [INFO] Booking System Server Started
2025-12-01 01:57:41.415 [INFO] API Server: http://localhost:5000
2025-12-01 01:57:41.416 [INFO] Health Check: http://localhost:5000/health
2025-12-01 01:57:41.416 [INFO] Deep Health Check: http://localhost:5000/health/deep
2025-12-01 01:57:41.416 [INFO] Circuit Breaker Status: http://localhost:5000/health/circuits

2025-12-01 01:57:41.421 [INFO] [REDIS] Connecting to Redis...
2025-12-01 01:57:41.435 [INFO] [REDIS] Redis client ready. Host: 127.0.0.1:6379
2025-12-01 01:57:41.457 [INFO] Database connection established successfully. Host: localhost:3306. Database: meetingroombooking
2025-11-30T18:58:15.153Z [INFO] [REQUEST_MIDDLEWARE] [51313720-4f48-4b2c-aab3-a13c28187c7e] ::1 [POST] /api/bookings Incoming request {"userAgent":"curl/8.16.0"}
2025-12-01 01:58:15.155 [WARN] [VALIDATION_MIDDLEWARE] [51313720-4f48-4b2c-aab3-a13c28187c7e] ::1 [POST] /api/bookings 0ms 400 Validation failed {"payload":{"error":"Room ID is required, User ID is required, Date is required, Start time is required, End time is required"}}
2025-12-01 01:58:40.357 [INFO] 
  Received shutdown signal, starting graceful shutdown...
2025-12-01 01:58:42.296 [INFO] Booking System Server Started
2025-12-01 01:58:42.298 [INFO] API Server: http://localhost:5000
2025-12-01 01:58:42.298 [INFO] Health Check: http://localhost:5000/health
2025-12-01 01:58:42.298 [INFO] Deep Health Check: http://localhost:5000/health/deep
2025-12-01 01:58:42.298 [INFO] Circuit Breaker Status: http://localhost:5000/health/circuits

2025-12-01 01:58:42.302 [INFO] [REDIS] Connecting to Redis...
2025-12-01 01:58:42.316 [INFO] [REDIS] Redis client ready. Host: 127.0.0.1:6379
2025-12-01 01:58:42.337 [INFO] Database connection established successfully. Host: localhost:3306. Database: meetingroombooking
2025-12-01 02:03:56.461 [INFO] Booking System Server Started
2025-12-01 02:03:56.463 [INFO] API Server: http://localhost:5000
2025-12-01 02:03:56.464 [INFO] Health Check: http://localhost:5000/health
2025-12-01 02:03:56.464 [INFO] Deep Health Check: http://localhost:5000/health/deep
2025-12-01 02:03:56.464 [INFO] Circuit Breaker Status: http://localhost:5000/health/circuits

2025-12-01 02:03:56.471 [INFO] [REDIS] Connecting to Redis...
2025-12-01 02:03:56.496 [INFO] [REDIS] Redis client ready. Host: 127.0.0.1:6379
2025-12-01 02:03:56.520 [INFO] Database connection established successfully. Host: localhost:3306. Database: meetingroombooking
2025-12-01 02:03:59.152 [INFO] Booking System Server Started
2025-12-01 02:03:59.155 [INFO] API Server: http://localhost:5000
2025-12-01 02:03:59.155 [INFO] Health Check: http://localhost:5000/health
2025-12-01 02:03:59.155 [INFO] Deep Health Check: http://localhost:5000/health/deep
2025-12-01 02:03:59.155 [INFO] Circuit Breaker Status: http://localhost:5000/health/circuits

2025-12-01 02:03:59.161 [INFO] [REDIS] Connecting to Redis...
2025-12-01 02:03:59.182 [INFO] [REDIS] Redis client ready. Host: 127.0.0.1:6379
2025-12-01 02:03:59.205 [INFO] Database connection established successfully. Host: localhost:3306. Database: meetingroombooking
2025-12-01 02:04:09.236 [INFO] Booking System Server Started
2025-12-01 02:04:09.238 [INFO] API Server: http://localhost:5000
2025-12-01 02:04:09.239 [INFO] Health Check: http://localhost:5000/health
2025-12-01 02:04:09.239 [INFO] Deep Health Check: http://localhost:5000/health/deep
2025-12-01 02:04:09.239 [INFO] Circuit Breaker Status: http://localhost:5000/health/circuits

2025-12-01 02:04:09.243 [INFO] [REDIS] Connecting to Redis...
2025-12-01 02:04:09.258 [INFO] [REDIS] Redis client ready. Host: 127.0.0.1:6379
2025-12-01 02:04:09.282 [INFO] Database connection established successfully. Host: localhost:3306. Database: meetingroombooking
2025-12-01 02:04:41.317 [INFO] Booking System Server Started
2025-12-01 02:04:41.320 [INFO] API Server: http://localhost:5000
2025-12-01 02:04:41.320 [INFO] Health Check: http://localhost:5000/health
2025-12-01 02:04:41.320 [INFO] Deep Health Check: http://localhost:5000/health/deep
2025-12-01 02:04:41.321 [INFO] Circuit Breaker Status: http://localhost:5000/health/circuits

2025-12-01 02:04:41.325 [INFO] [REDIS] Connecting to Redis...
2025-12-01 02:04:41.341 [INFO] [REDIS] Redis client ready. Host: 127.0.0.1:6379
2025-12-01 02:04:41.365 [INFO] Database connection established successfully. Host: localhost:3306. Database: meetingroombooking
2025-12-01 02:04:42.866 [INFO] Database connection established successfully. Host: localhost:3306. Database: meetingroombooking
2025-12-01 02:10:28.531 [INFO] Booking System Server Started
2025-12-01 02:10:28.534 [INFO] API Server: http://localhost:5000
2025-12-01 02:10:28.534 [INFO] Health Check: http://localhost:5000/health
2025-12-01 02:10:28.534 [INFO] Deep Health Check: http://localhost:5000/health/deep
2025-12-01 02:10:28.535 [INFO] Circuit Breaker Status: http://localhost:5000/health/circuits

2025-12-01 02:10:28.540 [INFO] [REDIS] Connecting to Redis...
2025-12-01 02:10:28.563 [INFO] [REDIS] Redis client ready. Host: 127.0.0.1:6379
2025-12-01 02:10:28.585 [INFO] Database connection established successfully. Host: localhost:3306. Database: meetingroombooking
2025-12-01 02:12:50.938 [INFO] Booking System Server Started
2025-12-01 02:12:50.942 [INFO] API Server: http://localhost:5000
2025-12-01 02:12:50.942 [INFO] Health Check: http://localhost:5000/health
2025-12-01 02:12:50.942 [INFO] Deep Health Check: http://localhost:5000/health/deep
2025-12-01 02:12:50.943 [INFO] Circuit Breaker Status: http://localhost:5000/health/circuits

2025-12-01 02:12:50.948 [INFO] [REDIS] Connecting to Redis...
2025-12-01 02:12:50.967 [INFO] [REDIS] Redis client ready. Host: 127.0.0.1:6379
2025-12-01 02:12:50.995 [INFO] Database connection established successfully. Host: localhost:3306. Database: meetingroombooking
2025-12-01 02:12:57.959 [INFO] Booking System Server Started
2025-12-01 02:12:57.962 [INFO] API Server: http://localhost:5000
2025-12-01 02:12:57.962 [INFO] Health Check: http://localhost:5000/health
2025-12-01 02:12:57.962 [INFO] Deep Health Check: http://localhost:5000/health/deep
2025-12-01 02:12:57.963 [INFO] Circuit Breaker Status: http://localhost:5000/health/circuits

2025-12-01 02:12:57.966 [INFO] [REDIS] Connecting to Redis...
2025-12-01 02:12:57.980 [INFO] [REDIS] Redis client ready. Host: 127.0.0.1:6379
2025-12-01 02:12:58.002 [INFO] Database connection established successfully. Host: localhost:3306. Database: meetingroombooking
2025-12-01 02:13:00.297 [INFO] Booking System Server Started
2025-12-01 02:13:00.299 [INFO] API Server: http://localhost:5000
2025-12-01 02:13:00.299 [INFO] Health Check: http://localhost:5000/health
2025-12-01 02:13:00.300 [INFO] Deep Health Check: http://localhost:5000/health/deep
2025-12-01 02:13:00.300 [INFO] Circuit Breaker Status: http://localhost:5000/health/circuits

2025-12-01 02:13:00.303 [INFO] [REDIS] Connecting to Redis...
2025-12-01 02:13:00.318 [INFO] [REDIS] Redis client ready. Host: 127.0.0.1:6379
2025-12-01 02:13:00.340 [INFO] Database connection established successfully. Host: localhost:3306. Database: meetingroombooking
2025-12-01 02:15:13.972 [INFO] Booking System Server Started
2025-12-01 02:15:13.974 [INFO] API Server: http://localhost:5000
2025-12-01 02:15:13.974 [INFO] Health Check: http://localhost:5000/health
2025-12-01 02:15:13.974 [INFO] Deep Health Check: http://localhost:5000/health/deep
2025-12-01 02:15:13.975 [INFO] Circuit Breaker Status: http://localhost:5000/health/circuits

2025-12-01 02:15:13.979 [INFO] [REDIS] Connecting to Redis...
2025-12-01 02:15:13.994 [INFO] [REDIS] Redis client ready. Host: 127.0.0.1:6379
2025-12-01 02:15:14.017 [INFO] Database connection established successfully. Host: localhost:3306. Database: meetingroombooking
2025-12-01 02:15:29.571 [INFO] Database connection established successfully. Host: localhost:3306. Database: meetingroombooking
2025-12-01 02:15:50.742 [INFO] Database connection established successfully. Host: localhost:3306. Database: meetingroombooking
2025-12-01 02:16:14.101 [INFO] Database connection established successfully. Host: localhost:3306. Database: meetingroombooking
2025-12-01 02:16:29.534 [INFO] Booking System Server Started
2025-12-01 02:16:29.536 [INFO] API Server: http://localhost:5000
2025-12-01 02:16:29.537 [INFO] Health Check: http://localhost:5000/health
2025-12-01 02:16:29.537 [INFO] Deep Health Check: http://localhost:5000/health/deep
2025-12-01 02:16:29.537 [INFO] Circuit Breaker Status: http://localhost:5000/health/circuits

2025-12-01 02:16:29.542 [INFO] [REDIS] Connecting to Redis...
2025-12-01 02:16:29.558 [INFO] [REDIS] Redis client ready. Host: 127.0.0.1:6379
2025-12-01 02:16:29.582 [INFO] Database connection established successfully. Host: localhost:3306. Database: meetingroombooking
2025-12-01 02:16:33.363 [INFO] Booking System Server Started
2025-12-01 02:16:33.365 [INFO] API Server: http://localhost:5000
2025-12-01 02:16:33.366 [INFO] Health Check: http://localhost:5000/health
2025-12-01 02:16:33.366 [INFO] Deep Health Check: http://localhost:5000/health/deep
2025-12-01 02:16:33.366 [INFO] Circuit Breaker Status: http://localhost:5000/health/circuits

2025-12-01 02:16:33.373 [INFO] [REDIS] Connecting to Redis...
2025-12-01 02:16:33.394 [INFO] [REDIS] Redis client ready. Host: 127.0.0.1:6379
2025-12-01 02:16:33.419 [INFO] Database connection established successfully. Host: localhost:3306. Database: meetingroombooking
2025-12-01 02:16:42.365 [INFO] Database connection established successfully. Host: localhost:3306. Database: meetingroombooking
2025-12-01 02:23:59.378 [INFO] Database connection established successfully. Host: localhost:3306. Database: meetingroombooking
2025-12-01 02:24:15.816 [INFO] Booking System Server Started
2025-12-01 02:24:15.819 [INFO] API Server: http://localhost:5000
2025-12-01 02:24:15.819 [INFO] Health Check: http://localhost:5000/health
2025-12-01 02:24:15.819 [INFO] Deep Health Check: http://localhost:5000/health/deep
2025-12-01 02:24:15.820 [INFO] Circuit Breaker Status: http://localhost:5000/health/circuits

2025-12-01 02:24:15.826 [INFO] [REDIS] Connecting to Redis...
2025-12-01 02:24:15.851 [INFO] [REDIS] Redis client ready. Host: 127.0.0.1:6379
2025-12-01 02:24:15.875 [INFO] Database connection established successfully. Host: localhost:3306. Database: meetingroombooking
2025-12-01 02:24:18.240 [INFO] Booking System Server Started
2025-12-01 02:24:18.242 [INFO] API Server: http://localhost:5000
2025-12-01 02:24:18.242 [INFO] Health Check: http://localhost:5000/health
2025-12-01 02:24:18.243 [INFO] Deep Health Check: http://localhost:5000/health/deep
2025-12-01 02:24:18.243 [INFO] Circuit Breaker Status: http://localhost:5000/health/circuits

2025-12-01 02:24:18.246 [INFO] [REDIS] Connecting to Redis...
2025-12-01 02:24:18.260 [INFO] [REDIS] Redis client ready. Host: 127.0.0.1:6379
2025-12-01 02:24:18.280 [INFO] Database connection established successfully. Host: localhost:3306. Database: meetingroombooking
2025-12-01 02:24:19.446 [INFO] Database connection established successfully. Host: localhost:3306. Database: meetingroombooking
2025-12-01 02:29:30.173 [INFO] Booking System Server Started
2025-12-01 02:29:30.175 [INFO] API Server: http://localhost:5000
2025-12-01 02:29:30.176 [INFO] Health Check: http://localhost:5000/health
2025-12-01 02:29:30.176 [INFO] Deep Health Check: http://localhost:5000/health/deep
2025-12-01 02:29:30.176 [INFO] Circuit Breaker Status: http://localhost:5000/health/circuits

2025-12-01 02:29:30.183 [INFO] [REDIS] Connecting to Redis...
2025-12-01 02:29:30.209 [INFO] [REDIS] Redis client ready. Host: 127.0.0.1:6379
2025-12-01 02:29:30.231 [INFO] Database connection established successfully. Host: localhost:3306. Database: meetingroombooking
2025-12-01 02:29:50.479 [INFO] Database connection established successfully. Host: localhost:3306. Database: meetingroombooking
2025-12-01 02:32:08.763 [INFO] Database connection established successfully. Host: localhost:3306. Database: meetingroombooking
2025-12-01 02:32:34.094 [INFO] Booking System Server Started
2025-12-01 02:32:34.097 [INFO] API Server: http://localhost:5000
2025-12-01 02:32:34.098 [INFO] Health Check: http://localhost:5000/health
2025-12-01 02:32:34.098 [INFO] Deep Health Check: http://localhost:5000/health/deep
2025-12-01 02:32:34.098 [INFO] Circuit Breaker Status: http://localhost:5000/health/circuits

2025-12-01 02:32:34.101 [INFO] [REDIS] Connecting to Redis...
2025-12-01 02:32:34.115 [INFO] [REDIS] Redis client ready. Host: 127.0.0.1:6379
2025-12-01 02:32:34.136 [INFO] Database connection established successfully. Host: localhost:3306. Database: meetingroombooking
2025-12-01 02:32:36.151 [INFO] Booking System Server Started
2025-12-01 02:32:36.153 [INFO] API Server: http://localhost:5000
2025-12-01 02:32:36.154 [INFO] Health Check: http://localhost:5000/health
2025-12-01 02:32:36.154 [INFO] Deep Health Check: http://localhost:5000/health/deep
2025-12-01 02:32:36.154 [INFO] Circuit Breaker Status: http://localhost:5000/health/circuits

2025-12-01 02:32:36.158 [INFO] [REDIS] Connecting to Redis...
2025-12-01 02:32:36.171 [INFO] [REDIS] Redis client ready. Host: 127.0.0.1:6379
2025-12-01 02:32:36.192 [INFO] Database connection established successfully. Host: localhost:3306. Database: meetingroombooking
2025-12-01 02:32:37.594 [INFO] Database connection established successfully. Host: localhost:3306. Database: meetingroombooking
2025-12-01 02:51:39.487 [INFO] Database connection established successfully. Host: localhost:3306. Database: meetingroombooking
2025-12-01 02:52:19.294 [INFO] Booking System Server Started
2025-12-01 02:52:19.297 [INFO] API Server: http://localhost:5000
2025-12-01 02:52:19.298 [INFO] Health Check: http://localhost:5000/health
2025-12-01 02:52:19.298 [INFO] Deep Health Check: http://localhost:5000/health/deep
2025-12-01 02:52:19.298 [INFO] Circuit Breaker Status: http://localhost:5000/health/circuits

2025-12-01 02:52:19.302 [INFO] [REDIS] Connecting to Redis...
2025-12-01 02:52:19.317 [INFO] [REDIS] Redis client ready. Host: 127.0.0.1:6379
2025-12-01 02:52:19.340 [INFO] Database connection established successfully. Host: localhost:3306. Database: meetingroombooking
2025-12-01 02:52:22.457 [INFO] Booking System Server Started
2025-12-01 02:52:22.459 [INFO] API Server: http://localhost:5000
2025-12-01 02:52:22.460 [INFO] Health Check: http://localhost:5000/health
2025-12-01 02:52:22.460 [INFO] Deep Health Check: http://localhost:5000/health/deep
2025-12-01 02:52:22.460 [INFO] Circuit Breaker Status: http://localhost:5000/health/circuits

2025-12-01 02:52:22.463 [INFO] [REDIS] Connecting to Redis...
2025-12-01 02:52:22.478 [INFO] [REDIS] Redis client ready. Host: 127.0.0.1:6379
2025-12-01 02:52:22.497 [INFO] Database connection established successfully. Host: localhost:3306. Database: meetingroombooking
2025-12-01 02:52:23.567 [INFO] Database connection established successfully. Host: localhost:3306. Database: meetingroombooking
2025-12-01 02:53:20.216 [INFO] Booking System Server Started
2025-12-01 02:53:20.218 [INFO] API Server: http://localhost:5000
2025-12-01 02:53:20.218 [INFO] Health Check: http://localhost:5000/health
2025-12-01 02:53:20.218 [INFO] Deep Health Check: http://localhost:5000/health/deep
2025-12-01 02:53:20.219 [INFO] Circuit Breaker Status: http://localhost:5000/health/circuits

2025-12-01 02:53:20.223 [INFO] [REDIS] Connecting to Redis...
2025-12-01 02:53:20.242 [INFO] [REDIS] Redis client ready. Host: 127.0.0.1:6379
2025-12-01 02:53:20.262 [INFO] Database connection established successfully. Host: localhost:3306. Database: meetingroombooking
2025-12-01 02:54:03.455 [INFO] Booking System Server Started
2025-12-01 02:54:03.457 [INFO] API Server: http://localhost:5000
2025-12-01 02:54:03.458 [INFO] Health Check: http://localhost:5000/health
2025-12-01 02:54:03.458 [INFO] Deep Health Check: http://localhost:5000/health/deep
2025-12-01 02:54:03.458 [INFO] Circuit Breaker Status: http://localhost:5000/health/circuits

2025-12-01 02:54:03.461 [INFO] [REDIS] Connecting to Redis...
2025-12-01 02:54:03.475 [INFO] [REDIS] Redis client ready. Host: 127.0.0.1:6379
2025-12-01 02:54:03.494 [INFO] Database connection established successfully. Host: localhost:3306. Database: meetingroombooking
2025-12-01 02:55:54.997 [INFO] Booking System Server Started
2025-12-01 02:55:54.999 [INFO] API Server: http://localhost:5000
2025-12-01 02:55:54.999 [INFO] Health Check: http://localhost:5000/health
2025-12-01 02:55:54.999 [INFO] Deep Health Check: http://localhost:5000/health/deep
2025-12-01 02:55:55.000 [INFO] Circuit Breaker Status: http://localhost:5000/health/circuits

2025-12-01 02:55:55.003 [INFO] [REDIS] Connecting to Redis...
2025-12-01 02:55:55.017 [INFO] [REDIS] Redis client ready. Host: 127.0.0.1:6379
2025-12-01 02:55:55.037 [INFO] Database connection established successfully. Host: localhost:3306. Database: meetingroombooking
2025-12-01 02:55:59.825 [INFO] Booking System Server Started
2025-12-01 02:55:59.827 [INFO] API Server: http://localhost:5000
2025-12-01 02:55:59.828 [INFO] Health Check: http://localhost:5000/health
2025-12-01 02:55:59.828 [INFO] Deep Health Check: http://localhost:5000/health/deep
2025-12-01 02:55:59.828 [INFO] Circuit Breaker Status: http://localhost:5000/health/circuits

2025-12-01 02:55:59.832 [INFO] [REDIS] Connecting to Redis...
2025-12-01 02:55:59.846 [INFO] [REDIS] Redis client ready. Host: 127.0.0.1:6379
2025-12-01 02:55:59.866 [INFO] Database connection established successfully. Host: localhost:3306. Database: meetingroombooking
2025-12-01 02:56:23.859 [INFO] Booking System Server Started
2025-12-01 02:56:23.862 [INFO] API Server: http://localhost:5000
2025-12-01 02:56:23.863 [INFO] Health Check: http://localhost:5000/health
2025-12-01 02:56:23.863 [INFO] Deep Health Check: http://localhost:5000/health/deep
2025-12-01 02:56:23.863 [INFO] Circuit Breaker Status: http://localhost:5000/health/circuits

2025-12-01 02:56:23.867 [INFO] [REDIS] Connecting to Redis...
2025-12-01 02:56:23.881 [INFO] [REDIS] Redis client ready. Host: 127.0.0.1:6379
2025-12-01 02:56:23.902 [INFO] Database connection established successfully. Host: localhost:3306. Database: meetingroombooking
2025-12-01 02:59:36.068 [INFO] Booking System Server Started
2025-12-01 02:59:36.071 [INFO] API Server: http://localhost:5000
2025-12-01 02:59:36.072 [INFO] Health Check: http://localhost:5000/health
2025-12-01 02:59:36.072 [INFO] Deep Health Check: http://localhost:5000/health/deep
2025-12-01 02:59:36.072 [INFO] Circuit Breaker Status: http://localhost:5000/health/circuits

2025-12-01 02:59:36.078 [INFO] [REDIS] Connecting to Redis...
2025-12-01 02:59:36.097 [INFO] [REDIS] Redis client ready. Host: 127.0.0.1:6379
2025-12-01 02:59:36.125 [INFO] Database connection established successfully. Host: localhost:3306. Database: meetingroombooking
2025-12-01 02:59:39.262 [INFO] Booking System Server Started
2025-12-01 02:59:39.264 [INFO] API Server: http://localhost:5000
2025-12-01 02:59:39.265 [INFO] Health Check: http://localhost:5000/health
2025-12-01 02:59:39.265 [INFO] Deep Health Check: http://localhost:5000/health/deep
2025-12-01 02:59:39.265 [INFO] Circuit Breaker Status: http://localhost:5000/health/circuits

2025-12-01 02:59:39.270 [INFO] [REDIS] Connecting to Redis...
2025-12-01 02:59:39.288 [INFO] [REDIS] Redis client ready. Host: 127.0.0.1:6379
2025-12-01 02:59:39.313 [INFO] Database connection established successfully. Host: localhost:3306. Database: meetingroombooking
2025-12-01 02:59:43.288 [INFO] Booking System Server Started
2025-12-01 02:59:43.290 [INFO] API Server: http://localhost:5000
2025-12-01 02:59:43.291 [INFO] Health Check: http://localhost:5000/health
2025-12-01 02:59:43.291 [INFO] Deep Health Check: http://localhost:5000/health/deep
2025-12-01 02:59:43.291 [INFO] Circuit Breaker Status: http://localhost:5000/health/circuits

2025-12-01 02:59:43.298 [INFO] [REDIS] Connecting to Redis...
2025-12-01 02:59:43.321 [INFO] [REDIS] Redis client ready. Host: 127.0.0.1:6379
2025-12-01 02:59:43.340 [INFO] Database connection established successfully. Host: localhost:3306. Database: meetingroombooking
2025-12-01 03:00:17.344 [INFO] Booking System Server Started
2025-12-01 03:00:17.347 [INFO] API Server: http://localhost:5000
2025-12-01 03:00:17.347 [INFO] Health Check: http://localhost:5000/health
2025-12-01 03:00:17.347 [INFO] Deep Health Check: http://localhost:5000/health/deep
2025-12-01 03:00:17.348 [INFO] Circuit Breaker Status: http://localhost:5000/health/circuits

2025-12-01 03:00:17.353 [INFO] [REDIS] Connecting to Redis...
2025-12-01 03:00:17.376 [INFO] [REDIS] Redis client ready. Host: 127.0.0.1:6379
2025-12-01 03:00:17.401 [INFO] Database connection established successfully. Host: localhost:3306. Database: meetingroombooking
2025-12-01 03:00:20.665 [INFO] Booking System Server Started
2025-12-01 03:00:20.668 [INFO] API Server: http://localhost:5000
2025-12-01 03:00:20.668 [INFO] Health Check: http://localhost:5000/health
2025-12-01 03:00:20.668 [INFO] Deep Health Check: http://localhost:5000/health/deep
2025-12-01 03:00:20.669 [INFO] Circuit Breaker Status: http://localhost:5000/health/circuits

2025-12-01 03:00:20.674 [INFO] [REDIS] Connecting to Redis...
2025-12-01 03:00:20.698 [INFO] [REDIS] Redis client ready. Host: 127.0.0.1:6379
2025-12-01 03:00:20.724 [INFO] Database connection established successfully. Host: localhost:3306. Database: meetingroombooking
2025-12-01 03:01:18.575 [INFO] Booking System Server Started
2025-12-01 03:01:18.578 [INFO] API Server: http://localhost:5000
2025-12-01 03:01:18.578 [INFO] Health Check: http://localhost:5000/health
2025-12-01 03:01:18.578 [INFO] Deep Health Check: http://localhost:5000/health/deep
2025-12-01 03:01:18.579 [INFO] Circuit Breaker Status: http://localhost:5000/health/circuits

2025-12-01 03:01:18.583 [INFO] [REDIS] Connecting to Redis...
2025-12-01 03:01:18.596 [INFO] [REDIS] Redis client ready. Host: 127.0.0.1:6379
2025-12-01 03:01:18.616 [INFO] Database connection established successfully. Host: localhost:3306. Database: meetingroombooking
2025-12-01 03:01:21.492 [INFO] Booking System Server Started
2025-12-01 03:01:21.495 [INFO] API Server: http://localhost:5000
2025-12-01 03:01:21.495 [INFO] Health Check: http://localhost:5000/health
2025-12-01 03:01:21.495 [INFO] Deep Health Check: http://localhost:5000/health/deep
2025-12-01 03:01:21.496 [INFO] Circuit Breaker Status: http://localhost:5000/health/circuits

2025-12-01 03:01:21.500 [INFO] [REDIS] Connecting to Redis...
2025-12-01 03:01:21.514 [INFO] [REDIS] Redis client ready. Host: 127.0.0.1:6379
2025-12-01 03:01:21.534 [INFO] Database connection established successfully. Host: localhost:3306. Database: meetingroombooking
2025-12-01 03:01:52.564 [INFO] Booking System Server Started
2025-12-01 03:01:52.567 [INFO] API Server: http://localhost:5000
2025-12-01 03:01:52.567 [INFO] Health Check: http://localhost:5000/health
2025-12-01 03:01:52.568 [INFO] Deep Health Check: http://localhost:5000/health/deep
2025-12-01 03:01:52.568 [INFO] Circuit Breaker Status: http://localhost:5000/health/circuits

2025-12-01 03:01:52.572 [INFO] [REDIS] Connecting to Redis...
2025-12-01 03:01:52.588 [INFO] [REDIS] Redis client ready. Host: 127.0.0.1:6379
2025-12-01 03:01:52.614 [INFO] Database connection established successfully. Host: localhost:3306. Database: meetingroombooking
2025-12-01 03:01:56.296 [INFO] Booking System Server Started
2025-12-01 03:01:56.300 [INFO] API Server: http://localhost:5000
2025-12-01 03:01:56.300 [INFO] Health Check: http://localhost:5000/health
2025-12-01 03:01:56.301 [INFO] Deep Health Check: http://localhost:5000/health/deep
2025-12-01 03:01:56.301 [INFO] Circuit Breaker Status: http://localhost:5000/health/circuits

2025-12-01 03:01:56.308 [INFO] [REDIS] Connecting to Redis...
2025-12-01 03:01:56.346 [INFO] [REDIS] Redis client ready. Host: 127.0.0.1:6379
2025-12-01 03:01:56.372 [INFO] Database connection established successfully. Host: localhost:3306. Database: meetingroombooking
2025-11-30T20:05:27.732Z [INFO] [REQUEST_MIDDLEWARE] [6d17eb22-77e9-4f91-a66b-86fcca196a40] ::1 [GET] /api/rooms?page=1 Incoming request {"userAgent":"curl/8.16.0"}
2025-12-01 03:05:27.733 [INFO] Incoming Request: GET /api/rooms?page=1
2025-12-01 03:05:27.739 [ERROR] [GET] Error: 401 - No token provided
ApiError: No token provided
    at verifyTokenMiddleware (file:///E:/Code/Booking/BE/middlewares/verifyTokenMiddleware.js:8:21)
    at Layer.handle [as handle_request] (E:\Code\Booking\BE\node_modules\express\lib\router\layer.js:95:5)
    at trim_prefix (E:\Code\Booking\BE\node_modules\express\lib\router\index.js:328:13)
    at E:\Code\Booking\BE\node_modules\express\lib\router\index.js:286:9
    at Function.process_params (E:\Code\Booking\BE\node_modules\express\lib\router\index.js:346:12)
    at next (E:\Code\Booking\BE\node_modules\express\lib\router\index.js:280:10)
    at file:///E:/Code/Booking/BE/middlewares/rateLimitMiddleware.js:38:16
    at process.processTicksAndRejections (node:internal/process/task_queues:105:5)
2025-12-01 03:05:27.743 [ERROR] Response: GET /api/rooms?page=1 401 10ms
2025-11-30T20:05:30.117Z [INFO] [REQUEST_MIDDLEWARE] [fefbedf8-f22a-4d4f-a1e7-42ab01e5b04b] ::1 [GET] /api/rooms/999999 Incoming request {"userAgent":"curl/8.16.0"}
2025-12-01 03:05:30.117 [INFO] Incoming Request: GET /api/rooms/999999
2025-12-01 03:05:30.120 [ERROR] [GET] Error: 401 - No token provided
ApiError: No token provided
    at verifyTokenMiddleware (file:///E:/Code/Booking/BE/middlewares/verifyTokenMiddleware.js:8:21)
    at Layer.handle [as handle_request] (E:\Code\Booking\BE\node_modules\express\lib\router\layer.js:95:5)
    at trim_prefix (E:\Code\Booking\BE\node_modules\express\lib\router\index.js:328:13)
    at E:\Code\Booking\BE\node_modules\express\lib\router\index.js:286:9
    at Function.process_params (E:\Code\Booking\BE\node_modules\express\lib\router\index.js:346:12)
    at next (E:\Code\Booking\BE\node_modules\express\lib\router\index.js:280:10)
    at file:///E:/Code/Booking/BE/middlewares/rateLimitMiddleware.js:53:16
    at process.processTicksAndRejections (node:internal/process/task_queues:105:5)
2025-12-01 03:05:30.121 [ERROR] Response: GET /api/rooms/999999 401 4ms
2025-12-01 03:09:39.648 [INFO] Booking System Server Started
2025-12-01 03:09:39.651 [INFO] API Server: http://localhost:5000
2025-12-01 03:09:39.651 [INFO] Health Check: http://localhost:5000/health
2025-12-01 03:09:39.651 [INFO] Deep Health Check: http://localhost:5000/health/deep
2025-12-01 03:09:39.652 [INFO] Circuit Breaker Status: http://localhost:5000/health/circuits

2025-12-01 03:09:39.655 [INFO] [REDIS] Connecting to Redis...
2025-12-01 03:09:39.670 [INFO] [REDIS] Redis client ready. Host: 127.0.0.1:6379
2025-12-01 03:09:39.693 [INFO] Database connection established successfully. Host: localhost:3306. Database: meetingroombooking
2025-12-01 03:09:58.458 [INFO] Booking System Server Started
2025-12-01 03:09:58.461 [INFO] API Server: http://localhost:5000
2025-12-01 03:09:58.461 [INFO] Health Check: http://localhost:5000/health
2025-12-01 03:09:58.461 [INFO] Deep Health Check: http://localhost:5000/health/deep
2025-12-01 03:09:58.462 [INFO] Circuit Breaker Status: http://localhost:5000/health/circuits

2025-12-01 03:09:58.465 [INFO] [REDIS] Connecting to Redis...
2025-12-01 03:09:58.481 [INFO] [REDIS] Redis client ready. Host: 127.0.0.1:6379
2025-12-01 03:09:58.504 [INFO] Database connection established successfully. Host: localhost:3306. Database: meetingroombooking
2025-11-30T20:11:10.407Z [INFO] [REQUEST_MIDDLEWARE] [4b7250ef-eff8-41f5-a44a-918663d69b77] ::1 [GET] /api/rooms?page=1 Incoming request {"userAgent":"curl/8.16.0"}
2025-12-01 03:11:10.408 [INFO] Incoming Request: GET /api/rooms?page=1
2025-12-01 03:11:10.411 [ERROR] [GET] Error: 401 - No token provided
ApiError: No token provided
    at verifyTokenMiddleware (file:///E:/Code/Booking/BE/middlewares/verifyTokenMiddleware.js:8:21)
    at Layer.handle [as handle_request] (E:\Code\Booking\BE\node_modules\express\lib\router\layer.js:95:5)
    at trim_prefix (E:\Code\Booking\BE\node_modules\express\lib\router\index.js:328:13)
    at E:\Code\Booking\BE\node_modules\express\lib\router\index.js:286:9
    at Function.process_params (E:\Code\Booking\BE\node_modules\express\lib\router\index.js:346:12)
    at next (E:\Code\Booking\BE\node_modules\express\lib\router\index.js:280:10)
    at file:///E:/Code/Booking/BE/middlewares/rateLimitMiddleware.js:53:16
    at process.processTicksAndRejections (node:internal/process/task_queues:105:5)
2025-12-01 03:11:10.415 [ERROR] Response: GET /api/rooms?page=1 401 7ms
2025-11-30T20:11:11.960Z [INFO] [REQUEST_MIDDLEWARE] [11345c73-e19e-4220-8a16-2f1d1763e1a8] ::1 [GET] /api/rooms/999999 Incoming request {"userAgent":"curl/8.16.0"}
2025-12-01 03:11:11.960 [INFO] Incoming Request: GET /api/rooms/999999
2025-12-01 03:11:11.963 [ERROR] [GET] Error: 401 - No token provided
ApiError: No token provided
    at verifyTokenMiddleware (file:///E:/Code/Booking/BE/middlewares/verifyTokenMiddleware.js:8:21)
    at Layer.handle [as handle_request] (E:\Code\Booking\BE\node_modules\express\lib\router\layer.js:95:5)
    at trim_prefix (E:\Code\Booking\BE\node_modules\express\lib\router\index.js:328:13)
    at E:\Code\Booking\BE\node_modules\express\lib\router\index.js:286:9
    at Function.process_params (E:\Code\Booking\BE\node_modules\express\lib\router\index.js:346:12)
    at next (E:\Code\Booking\BE\node_modules\express\lib\router\index.js:280:10)
    at file:///E:/Code/Booking/BE/middlewares/rateLimitMiddleware.js:53:16
    at process.processTicksAndRejections (node:internal/process/task_queues:105:5)
2025-12-01 03:11:11.964 [ERROR] Response: GET /api/rooms/999999 401 4ms
2025-12-01 03:12:54.602 [INFO] Booking System Server Started
2025-12-01 03:12:54.605 [INFO] API Server: http://localhost:5000
2025-12-01 03:12:54.606 [INFO] Health Check: http://localhost:5000/health
2025-12-01 03:12:54.606 [INFO] Deep Health Check: http://localhost:5000/health/deep
2025-12-01 03:12:54.606 [INFO] Circuit Breaker Status: http://localhost:5000/health/circuits

2025-12-01 03:12:54.611 [INFO] [REDIS] Connecting to Redis...
2025-12-01 03:12:54.629 [INFO] [REDIS] Redis client ready. Host: 127.0.0.1:6379
2025-12-01 03:12:54.659 [INFO] Database connection established successfully. Host: localhost:3306. Database: meetingroombooking
2025-12-01 03:12:57.020 [INFO] Booking System Server Started
2025-12-01 03:12:57.022 [INFO] API Server: http://localhost:5000
2025-12-01 03:12:57.022 [INFO] Health Check: http://localhost:5000/health
2025-12-01 03:12:57.023 [INFO] Deep Health Check: http://localhost:5000/health/deep
2025-12-01 03:12:57.023 [INFO] Circuit Breaker Status: http://localhost:5000/health/circuits

2025-12-01 03:12:57.027 [INFO] [REDIS] Connecting to Redis...
2025-12-01 03:12:57.042 [INFO] [REDIS] Redis client ready. Host: 127.0.0.1:6379
2025-12-01 03:12:57.067 [INFO] Database connection established successfully. Host: localhost:3306. Database: meetingroombooking
2025-12-01 03:13:35.984 [INFO] Booking System Server Started
2025-12-01 03:13:35.987 [INFO] API Server: http://localhost:5000
2025-12-01 03:13:35.987 [INFO] Health Check: http://localhost:5000/health
2025-12-01 03:13:35.988 [INFO] Deep Health Check: http://localhost:5000/health/deep
2025-12-01 03:13:35.988 [INFO] Circuit Breaker Status: http://localhost:5000/health/circuits

2025-12-01 03:13:35.993 [INFO] [REDIS] Connecting to Redis...
2025-12-01 03:13:36.010 [INFO] [REDIS] Redis client ready. Host: 127.0.0.1:6379
2025-12-01 03:13:36.036 [INFO] Database connection established successfully. Host: localhost:3306. Database: meetingroombooking
2025-11-30T20:14:27.728Z [INFO] [REQUEST_MIDDLEWARE] [44bb0d54-f8cb-459c-bdd9-60347b1b098f] ::1 [GET] /api/rooms?page=1 Incoming request {"userAgent":"curl/8.16.0"}
2025-12-01 03:14:27.729 [INFO] Incoming Request: GET /api/rooms?page=1
2025-12-01 03:14:27.733 [ERROR] [GET] Error: 401 - No token provided
ApiError: No token provided
    at verifyTokenMiddleware (file:///E:/Code/Booking/BE/middlewares/verifyTokenMiddleware.js:8:21)
    at Layer.handle [as handle_request] (E:\Code\Booking\BE\node_modules\express\lib\router\layer.js:95:5)
    at trim_prefix (E:\Code\Booking\BE\node_modules\express\lib\router\index.js:328:13)
    at E:\Code\Booking\BE\node_modules\express\lib\router\index.js:286:9
    at Function.process_params (E:\Code\Booking\BE\node_modules\express\lib\router\index.js:346:12)
    at next (E:\Code\Booking\BE\node_modules\express\lib\router\index.js:280:10)
    at file:///E:/Code/Booking/BE/middlewares/rateLimitMiddleware.js:53:16
    at process.processTicksAndRejections (node:internal/process/task_queues:105:5)
2025-12-01 03:14:27.736 [ERROR] Response: GET /api/rooms?page=1 401 7ms
2025-11-30T20:14:29.280Z [INFO] [REQUEST_MIDDLEWARE] [f826674c-f83e-4cbd-abfa-442f034926e4] ::1 [GET] /api/rooms/999999 Incoming request {"userAgent":"curl/8.16.0"}
2025-12-01 03:14:29.280 [INFO] Incoming Request: GET /api/rooms/999999
2025-12-01 03:14:29.283 [ERROR] [GET] Error: 401 - No token provided
ApiError: No token provided
    at verifyTokenMiddleware (file:///E:/Code/Booking/BE/middlewares/verifyTokenMiddleware.js:8:21)
    at Layer.handle [as handle_request] (E:\Code\Booking\BE\node_modules\express\lib\router\layer.js:95:5)
    at trim_prefix (E:\Code\Booking\BE\node_modules\express\lib\router\index.js:328:13)
    at E:\Code\Booking\BE\node_modules\express\lib\router\index.js:286:9
    at Function.process_params (E:\Code\Booking\BE\node_modules\express\lib\router\index.js:346:12)
    at next (E:\Code\Booking\BE\node_modules\express\lib\router\index.js:280:10)
    at file:///E:/Code/Booking/BE/middlewares/rateLimitMiddleware.js:53:16
    at process.processTicksAndRejections (node:internal/process/task_queues:105:5)
2025-12-01 03:14:29.284 [ERROR] Response: GET /api/rooms/999999 401 4ms
2025-11-30T20:14:31.477Z [INFO] [REQUEST_MIDDLEWARE] [ff6aa3e8-63ac-4d4e-84ab-3ead54398206] ::1 [GET] /api/rooms/1 Incoming request {"userAgent":"curl/8.16.0"}
2025-12-01 03:14:31.477 [INFO] Incoming Request: GET /api/rooms/1
2025-12-01 03:14:31.479 [ERROR] [GET] Error: 401 - No token provided
ApiError: No token provided
    at verifyTokenMiddleware (file:///E:/Code/Booking/BE/middlewares/verifyTokenMiddleware.js:8:21)
    at Layer.handle [as handle_request] (E:\Code\Booking\BE\node_modules\express\lib\router\layer.js:95:5)
    at trim_prefix (E:\Code\Booking\BE\node_modules\express\lib\router\index.js:328:13)
    at E:\Code\Booking\BE\node_modules\express\lib\router\index.js:286:9
    at Function.process_params (E:\Code\Booking\BE\node_modules\express\lib\router\index.js:346:12)
    at next (E:\Code\Booking\BE\node_modules\express\lib\router\index.js:280:10)
    at file:///E:/Code/Booking/BE/middlewares/rateLimitMiddleware.js:53:16
    at process.processTicksAndRejections (node:internal/process/task_queues:105:5)
2025-12-01 03:14:31.481 [ERROR] Response: GET /api/rooms/1 401 4ms
2025-12-01 03:16:11.711 [INFO] Booking System Server Started
2025-12-01 03:16:11.714 [INFO] API Server: http://localhost:5000
2025-12-01 03:16:11.714 [INFO] Health Check: http://localhost:5000/health
2025-12-01 03:16:11.715 [INFO] Deep Health Check: http://localhost:5000/health/deep
2025-12-01 03:16:11.715 [INFO] Circuit Breaker Status: http://localhost:5000/health/circuits

2025-12-01 03:16:11.719 [INFO] [REDIS] Connecting to Redis...
2025-12-01 03:16:11.736 [INFO] [REDIS] Redis client ready. Host: 127.0.0.1:6379
2025-12-01 03:16:11.760 [INFO] Database connection established successfully. Host: localhost:3306. Database: meetingroombooking
2025-12-01 03:16:17.921 [INFO] Booking System Server Started
2025-12-01 03:16:17.926 [INFO] API Server: http://localhost:5000
2025-12-01 03:16:17.927 [INFO] Health Check: http://localhost:5000/health
2025-12-01 03:16:17.927 [INFO] Deep Health Check: http://localhost:5000/health/deep
2025-12-01 03:16:17.928 [INFO] Circuit Breaker Status: http://localhost:5000/health/circuits

2025-12-01 03:16:17.934 [INFO] [REDIS] Connecting to Redis...
2025-12-01 03:16:17.956 [INFO] [REDIS] Redis client ready. Host: 127.0.0.1:6379
2025-12-01 03:16:17.993 [INFO] Database connection established successfully. Host: localhost:3306. Database: meetingroombooking
2025-11-30T20:16:37.921Z [INFO] [REQUEST_MIDDLEWARE] [4e066fe1-ca6b-4f65-9490-ba91894ad9a1] ::1 [GET] /api/bookings Incoming request {"userAgent":"curl/8.16.0"}
2025-12-01 03:16:37.923 [INFO] Incoming Request: GET /api/bookings
2025-12-01 03:16:38.503 [INFO] Response: GET /api/bookings 200 580ms
2025-12-01 03:24:24.045 [ERROR] [POST] Error: 400 - Expected property name or '}' in JSON at position 1 (line 1 column 2)
SyntaxError: Expected property name or '}' in JSON at position 1 (line 1 column 2)
    at JSON.parse (<anonymous>)
    at parse (E:\Code\Booking\BE\node_modules\body-parser\lib\types\json.js:92:19)
    at E:\Code\Booking\BE\node_modules\body-parser\lib\read.js:128:18
    at AsyncResource.runInAsyncScope (node:async_hooks:214:14)
    at invokeCallback (E:\Code\Booking\BE\node_modules\raw-body\index.js:238:16)
    at done (E:\Code\Booking\BE\node_modules\raw-body\index.js:227:7)
    at IncomingMessage.onEnd (E:\Code\Booking\BE\node_modules\raw-body\index.js:287:7)
    at IncomingMessage.emit (node:events:518:28)
    at endReadableNT (node:internal/streams/readable:1698:12)
    at process.processTicksAndRejections (node:internal/process/task_queues:90:21)
2025-12-01 03:27:28.539 [INFO] Booking System Server Started
2025-12-01 03:27:28.542 [INFO] API Server: http://localhost:5000
2025-12-01 03:27:28.542 [INFO] Health Check: http://localhost:5000/health
2025-12-01 03:27:28.542 [INFO] Deep Health Check: http://localhost:5000/health/deep
2025-12-01 03:27:28.543 [INFO] Circuit Breaker Status: http://localhost:5000/health/circuits

2025-12-01 03:27:28.548 [INFO] [REDIS] Connecting to Redis...
2025-12-01 03:27:28.572 [INFO] [REDIS] Redis client ready. Host: 127.0.0.1:6379
2025-12-01 03:27:28.594 [INFO] Database connection established successfully. Host: localhost:3306. Database: meetingroombooking
2025-12-01 09:56:52.033 [INFO] [REDIS] Connecting to Redis...
2025-12-01 09:56:52.039 [INFO] [REDIS] Redis client ready. Host: 127.0.0.1:6379
2025-12-01 10:32:57.510 [INFO] Booking System Server Started
2025-12-01 10:32:57.513 [INFO] API Server: http://localhost:5000
2025-12-01 10:32:57.513 [INFO] Health Check: http://localhost:5000/health
2025-12-01 10:32:57.514 [INFO] Deep Health Check: http://localhost:5000/health/deep
2025-12-01 10:32:57.514 [INFO] Circuit Breaker Status: http://localhost:5000/health/circuits

2025-12-01 10:32:57.522 [INFO] [REDIS] Connecting to Redis...
2025-12-01 10:33:39.031 [INFO] Booking System Server Started
2025-12-01 10:33:39.034 [INFO] API Server: http://localhost:5000
2025-12-01 10:33:39.035 [INFO] Health Check: http://localhost:5000/health
2025-12-01 10:33:39.036 [INFO] Deep Health Check: http://localhost:5000/health/deep
2025-12-01 10:33:39.036 [INFO] Circuit Breaker Status: http://localhost:5000/health/circuits

2025-12-01 10:33:39.050 [INFO] [REDIS] Connecting to Redis...
2025-12-01 10:33:39.057 [INFO] [REDIS] Redis client ready. Host: 127.0.0.1:6379
2025-12-01 10:33:39.133 [INFO] Database connection established successfully. Host: localhost:3307. Database: meetingroombooking
2025-12-01T03:33:39.426Z [INFO] [REQUEST_MIDDLEWARE] [fec7f791-a46b-4d78-ac65-fd345a115c1c] ::ffff:127.0.0.1 [GET] /metrics Incoming request {"userAgent":"Prometheus/3.7.3"}
2025-12-01 10:33:39.428 [INFO] [API_REQUEST] [fec7f791-a46b-4d78-ac65-fd345a115c1c] ::ffff:127.0.0.1 [GET] /metrics Incoming Request: GET /metrics {"payload":{}}
2025-12-01 10:33:39.438 [INFO] [API_RESPONSE] [fec7f791-a46b-4d78-ac65-fd345a115c1c] ::ffff:127.0.0.1 [GET] /metrics 11ms 200 Response: GET /metrics 200 11ms {"payload":{}}
2025-12-01T03:33:44.407Z [INFO] [REQUEST_MIDDLEWARE] [f6bb8438-9053-4889-8836-b2ff3d342357] ::ffff:127.0.0.1 [GET] /metrics Incoming request {"userAgent":"Prometheus/3.7.3"}
2025-12-01 10:33:44.407 [INFO] [API_REQUEST] [f6bb8438-9053-4889-8836-b2ff3d342357] ::ffff:127.0.0.1 [GET] /metrics Incoming Request: GET /metrics {"payload":{}}
2025-12-01 10:33:44.409 [INFO] [API_RESPONSE] [f6bb8438-9053-4889-8836-b2ff3d342357] ::ffff:127.0.0.1 [GET] /metrics 2ms 200 Response: GET /metrics 200 2ms {"payload":{}}
2025-12-01T03:33:49.407Z [INFO] [REQUEST_MIDDLEWARE] [de3ff466-e2ee-416a-9c47-4d8af6669c38] ::ffff:127.0.0.1 [GET] /metrics Incoming request {"userAgent":"Prometheus/3.7.3"}
2025-12-01 10:33:49.408 [INFO] [API_REQUEST] [de3ff466-e2ee-416a-9c47-4d8af6669c38] ::ffff:127.0.0.1 [GET] /metrics Incoming Request: GET /metrics {"payload":{}}
2025-12-01 10:33:49.410 [INFO] [API_RESPONSE] [de3ff466-e2ee-416a-9c47-4d8af6669c38] ::ffff:127.0.0.1 [GET] /metrics 3ms 200 Response: GET /metrics 200 3ms {"payload":{}}
2025-12-01T03:33:54.407Z [INFO] [REQUEST_MIDDLEWARE] [27f8bc72-2866-4ada-b739-a556885ea1ca] ::ffff:127.0.0.1 [GET] /metrics Incoming request {"userAgent":"Prometheus/3.7.3"}
2025-12-01 10:33:54.407 [INFO] [API_REQUEST] [27f8bc72-2866-4ada-b739-a556885ea1ca] ::ffff:127.0.0.1 [GET] /metrics Incoming Request: GET /metrics {"payload":{}}
2025-12-01 10:33:54.410 [INFO] [API_RESPONSE] [27f8bc72-2866-4ada-b739-a556885ea1ca] ::ffff:127.0.0.1 [GET] /metrics 3ms 200 Response: GET /metrics 200 3ms {"payload":{}}
2025-12-01T03:33:59.405Z [INFO] [REQUEST_MIDDLEWARE] [75b78f5c-90ae-4e6c-8cba-8b9ef41c8fa4] ::ffff:127.0.0.1 [GET] /metrics Incoming request {"userAgent":"Prometheus/3.7.3"}
2025-12-01 10:33:59.406 [INFO] [API_REQUEST] [75b78f5c-90ae-4e6c-8cba-8b9ef41c8fa4] ::ffff:127.0.0.1 [GET] /metrics Incoming Request: GET /metrics {"payload":{}}
2025-12-01 10:33:59.408 [INFO] [API_RESPONSE] [75b78f5c-90ae-4e6c-8cba-8b9ef41c8fa4] ::ffff:127.0.0.1 [GET] /metrics 2ms 200 Response: GET /metrics 200 2ms {"payload":{}}
2025-12-01T03:34:04.407Z [INFO] [REQUEST_MIDDLEWARE] [1bbaeebe-b65c-4025-8c49-589d9f1596fd] ::ffff:127.0.0.1 [GET] /metrics Incoming request {"userAgent":"Prometheus/3.7.3"}
2025-12-01 10:34:04.407 [INFO] [API_REQUEST] [1bbaeebe-b65c-4025-8c49-589d9f1596fd] ::ffff:127.0.0.1 [GET] /metrics Incoming Request: GET /metrics {"payload":{}}
2025-12-01 10:34:04.409 [INFO] [API_RESPONSE] [1bbaeebe-b65c-4025-8c49-589d9f1596fd] ::ffff:127.0.0.1 [GET] /metrics 2ms 200 Response: GET /metrics 200 2ms {"payload":{}}
2025-12-01T03:34:09.405Z [INFO] [REQUEST_MIDDLEWARE] [e5e1b526-2bbd-4888-b510-5f9a09f8eccb] ::ffff:127.0.0.1 [GET] /metrics Incoming request {"userAgent":"Prometheus/3.7.3"}
2025-12-01 10:34:09.406 [INFO] [API_REQUEST] [e5e1b526-2bbd-4888-b510-5f9a09f8eccb] ::ffff:127.0.0.1 [GET] /metrics Incoming Request: GET /metrics {"payload":{}}
2025-12-01 10:34:09.408 [INFO] [API_RESPONSE] [e5e1b526-2bbd-4888-b510-5f9a09f8eccb] ::ffff:127.0.0.1 [GET] /metrics 2ms 200 Response: GET /metrics 200 2ms {"payload":{}}
2025-12-01T03:34:14.406Z [INFO] [REQUEST_MIDDLEWARE] [144bb48e-7647-4569-a88b-b43aed58be5b] ::ffff:127.0.0.1 [GET] /metrics Incoming request {"userAgent":"Prometheus/3.7.3"}
2025-12-01 10:34:14.407 [INFO] [API_REQUEST] [144bb48e-7647-4569-a88b-b43aed58be5b] ::ffff:127.0.0.1 [GET] /metrics Incoming Request: GET /metrics {"payload":{}}
2025-12-01 10:34:14.408 [INFO] [API_RESPONSE] [144bb48e-7647-4569-a88b-b43aed58be5b] ::ffff:127.0.0.1 [GET] /metrics 1ms 200 Response: GET /metrics 200 1ms {"payload":{}}
2025-12-01T03:34:19.408Z [INFO] [REQUEST_MIDDLEWARE] [ff814aee-203e-4eea-bf5c-0d019be1c68b] ::ffff:127.0.0.1 [GET] /metrics Incoming request {"userAgent":"Prometheus/3.7.3"}
2025-12-01 10:34:19.408 [INFO] [API_REQUEST] [ff814aee-203e-4eea-bf5c-0d019be1c68b] ::ffff:127.0.0.1 [GET] /metrics Incoming Request: GET /metrics {"payload":{}}
2025-12-01 10:34:19.411 [INFO] [API_RESPONSE] [ff814aee-203e-4eea-bf5c-0d019be1c68b] ::ffff:127.0.0.1 [GET] /metrics 3ms 200 Response: GET /metrics 200 3ms {"payload":{}}
2025-12-01T03:34:24.407Z [INFO] [REQUEST_MIDDLEWARE] [4944be56-83b1-428c-8684-16063a24bfa4] ::ffff:127.0.0.1 [GET] /metrics Incoming request {"userAgent":"Prometheus/3.7.3"}
2025-12-01 10:34:24.407 [INFO] [API_REQUEST] [4944be56-83b1-428c-8684-16063a24bfa4] ::ffff:127.0.0.1 [GET] /metrics Incoming Request: GET /metrics {"payload":{}}
2025-12-01 10:34:24.409 [INFO] [API_RESPONSE] [4944be56-83b1-428c-8684-16063a24bfa4] ::ffff:127.0.0.1 [GET] /metrics 2ms 200 Response: GET /metrics 200 2ms {"payload":{}}
2025-12-01T03:34:29.405Z [INFO] [REQUEST_MIDDLEWARE] [a6884ca2-4816-4a09-88e0-d6cb350b471a] ::ffff:127.0.0.1 [GET] /metrics Incoming request {"userAgent":"Prometheus/3.7.3"}
2025-12-01 10:34:29.406 [INFO] [API_REQUEST] [a6884ca2-4816-4a09-88e0-d6cb350b471a] ::ffff:127.0.0.1 [GET] /metrics Incoming Request: GET /metrics {"payload":{}}
2025-12-01 10:34:29.408 [INFO] [API_RESPONSE] [a6884ca2-4816-4a09-88e0-d6cb350b471a] ::ffff:127.0.0.1 [GET] /metrics 2ms 200 Response: GET /metrics 200 2ms {"payload":{}}
2025-12-01T03:34:34.405Z [INFO] [REQUEST_MIDDLEWARE] [da1f98c8-873f-473e-9abf-be2e614f9885] ::ffff:127.0.0.1 [GET] /metrics Incoming request {"userAgent":"Prometheus/3.7.3"}
2025-12-01 10:34:34.406 [INFO] [API_REQUEST] [da1f98c8-873f-473e-9abf-be2e614f9885] ::ffff:127.0.0.1 [GET] /metrics Incoming Request: GET /metrics {"payload":{}}
2025-12-01 10:34:34.408 [INFO] [API_RESPONSE] [da1f98c8-873f-473e-9abf-be2e614f9885] ::ffff:127.0.0.1 [GET] /metrics 2ms 200 Response: GET /metrics 200 2ms {"payload":{}}
2025-12-01T03:34:39.406Z [INFO] [REQUEST_MIDDLEWARE] [a558f150-471d-4117-bdbe-f80905f67f82] ::ffff:127.0.0.1 [GET] /metrics Incoming request {"userAgent":"Prometheus/3.7.3"}
2025-12-01 10:34:39.406 [INFO] [API_REQUEST] [a558f150-471d-4117-bdbe-f80905f67f82] ::ffff:127.0.0.1 [GET] /metrics Incoming Request: GET /metrics {"payload":{}}
2025-12-01 10:34:39.408 [INFO] [API_RESPONSE] [a558f150-471d-4117-bdbe-f80905f67f82] ::ffff:127.0.0.1 [GET] /metrics 2ms 200 Response: GET /metrics 200 2ms {"payload":{}}
2025-12-01 10:34:39.453 [ERROR] [REDIS] Redis error: Socket closed unexpectedly
2025-12-01 10:34:39.455 [INFO] [REDIS] Connecting to Redis...
2025-12-01 10:34:39.456 [ERROR] [REDIS] Redis error: Socket closed unexpectedly
2025-12-01 10:34:39.457 [INFO] [REDIS] Redis client ready. Host: 127.0.0.1:6379
2025-12-01T03:34:44.407Z [INFO] [REQUEST_MIDDLEWARE] [09965df3-1682-4fed-b175-e3845e46b3d4] ::ffff:127.0.0.1 [GET] /metrics Incoming request {"userAgent":"Prometheus/3.7.3"}
2025-12-01 10:34:44.407 [INFO] [API_REQUEST] [09965df3-1682-4fed-b175-e3845e46b3d4] ::ffff:127.0.0.1 [GET] /metrics Incoming Request: GET /metrics {"payload":{}}
2025-12-01 10:34:44.409 [INFO] [API_RESPONSE] [09965df3-1682-4fed-b175-e3845e46b3d4] ::ffff:127.0.0.1 [GET] /metrics 2ms 200 Response: GET /metrics 200 2ms {"payload":{}}
2025-12-01T03:34:49.406Z [INFO] [REQUEST_MIDDLEWARE] [2bdacc16-7307-4c2b-9a29-24d82978f880] ::ffff:127.0.0.1 [GET] /metrics Incoming request {"userAgent":"Prometheus/3.7.3"}
2025-12-01 10:34:49.407 [INFO] [API_REQUEST] [2bdacc16-7307-4c2b-9a29-24d82978f880] ::ffff:127.0.0.1 [GET] /metrics Incoming Request: GET /metrics {"payload":{}}
2025-12-01 10:34:49.409 [INFO] [API_RESPONSE] [2bdacc16-7307-4c2b-9a29-24d82978f880] ::ffff:127.0.0.1 [GET] /metrics 2ms 200 Response: GET /metrics 200 2ms {"payload":{}}
2025-12-01T03:34:54.407Z [INFO] [REQUEST_MIDDLEWARE] [0a7160d1-35ac-469c-b705-6f05e138f0eb] ::ffff:127.0.0.1 [GET] /metrics Incoming request {"userAgent":"Prometheus/3.7.3"}
2025-12-01 10:34:54.407 [INFO] [API_REQUEST] [0a7160d1-35ac-469c-b705-6f05e138f0eb] ::ffff:127.0.0.1 [GET] /metrics Incoming Request: GET /metrics {"payload":{}}
2025-12-01 10:34:54.409 [INFO] [API_RESPONSE] [0a7160d1-35ac-469c-b705-6f05e138f0eb] ::ffff:127.0.0.1 [GET] /metrics 2ms 200 Response: GET /metrics 200 2ms {"payload":{}}
2025-12-01T03:34:59.407Z [INFO] [REQUEST_MIDDLEWARE] [0d8c2eea-9a2c-4f49-a65e-9f04c5ca88a5] ::ffff:127.0.0.1 [GET] /metrics Incoming request {"userAgent":"Prometheus/3.7.3"}
2025-12-01 10:34:59.407 [INFO] [API_REQUEST] [0d8c2eea-9a2c-4f49-a65e-9f04c5ca88a5] ::ffff:127.0.0.1 [GET] /metrics Incoming Request: GET /metrics {"payload":{}}
2025-12-01 10:34:59.409 [INFO] [API_RESPONSE] [0d8c2eea-9a2c-4f49-a65e-9f04c5ca88a5] ::ffff:127.0.0.1 [GET] /metrics 2ms 200 Response: GET /metrics 200 2ms {"payload":{}}
2025-12-01T03:35:04.408Z [INFO] [REQUEST_MIDDLEWARE] [ef1b6ef4-1077-4c63-9878-0de2043a60e4] ::ffff:127.0.0.1 [GET] /metrics Incoming request {"userAgent":"Prometheus/3.7.3"}
2025-12-01 10:35:04.408 [INFO] [API_REQUEST] [ef1b6ef4-1077-4c63-9878-0de2043a60e4] ::ffff:127.0.0.1 [GET] /metrics Incoming Request: GET /metrics {"payload":{}}
2025-12-01 10:35:04.410 [INFO] [API_RESPONSE] [ef1b6ef4-1077-4c63-9878-0de2043a60e4] ::ffff:127.0.0.1 [GET] /metrics 2ms 200 Response: GET /metrics 200 2ms {"payload":{}}
2025-12-01T03:35:09.407Z [INFO] [REQUEST_MIDDLEWARE] [e31b8088-10db-4008-b19f-569bfe9fdcce] ::ffff:127.0.0.1 [GET] /metrics Incoming request {"userAgent":"Prometheus/3.7.3"}
2025-12-01 10:35:09.407 [INFO] [API_REQUEST] [e31b8088-10db-4008-b19f-569bfe9fdcce] ::ffff:127.0.0.1 [GET] /metrics Incoming Request: GET /metrics {"payload":{}}
2025-12-01 10:35:09.409 [INFO] [API_RESPONSE] [e31b8088-10db-4008-b19f-569bfe9fdcce] ::ffff:127.0.0.1 [GET] /metrics 2ms 200 Response: GET /metrics 200 2ms {"payload":{}}
2025-12-01T03:35:14.407Z [INFO] [REQUEST_MIDDLEWARE] [d9c2c0f6-812f-4783-a837-87b8918fb652] ::ffff:127.0.0.1 [GET] /metrics Incoming request {"userAgent":"Prometheus/3.7.3"}
2025-12-01 10:35:14.407 [INFO] [API_REQUEST] [d9c2c0f6-812f-4783-a837-87b8918fb652] ::ffff:127.0.0.1 [GET] /metrics Incoming Request: GET /metrics {"payload":{}}
2025-12-01 10:35:14.408 [INFO] [API_RESPONSE] [d9c2c0f6-812f-4783-a837-87b8918fb652] ::ffff:127.0.0.1 [GET] /metrics 1ms 200 Response: GET /metrics 200 1ms {"payload":{}}
2025-12-01T03:35:19.407Z [INFO] [REQUEST_MIDDLEWARE] [9e317368-7d9f-40e4-ab3e-69ed20a6802b] ::ffff:127.0.0.1 [GET] /metrics Incoming request {"userAgent":"Prometheus/3.7.3"}
2025-12-01 10:35:19.407 [INFO] [API_REQUEST] [9e317368-7d9f-40e4-ab3e-69ed20a6802b] ::ffff:127.0.0.1 [GET] /metrics Incoming Request: GET /metrics {"payload":{}}
2025-12-01 10:35:19.409 [INFO] [API_RESPONSE] [9e317368-7d9f-40e4-ab3e-69ed20a6802b] ::ffff:127.0.0.1 [GET] /metrics 2ms 200 Response: GET /metrics 200 2ms {"payload":{}}
2025-12-01T03:35:24.406Z [INFO] [REQUEST_MIDDLEWARE] [d46ec784-75a8-473b-a844-1723f85e0bdf] ::ffff:127.0.0.1 [GET] /metrics Incoming request {"userAgent":"Prometheus/3.7.3"}
2025-12-01 10:35:24.407 [INFO] [API_REQUEST] [d46ec784-75a8-473b-a844-1723f85e0bdf] ::ffff:127.0.0.1 [GET] /metrics Incoming Request: GET /metrics {"payload":{}}
2025-12-01 10:35:24.408 [INFO] [API_RESPONSE] [d46ec784-75a8-473b-a844-1723f85e0bdf] ::ffff:127.0.0.1 [GET] /metrics 1ms 200 Response: GET /metrics 200 1ms {"payload":{}}
2025-12-01T03:35:29.406Z [INFO] [REQUEST_MIDDLEWARE] [7891eec0-9567-402f-bb7e-3e96900d4cef] ::ffff:127.0.0.1 [GET] /metrics Incoming request {"userAgent":"Prometheus/3.7.3"}
2025-12-01 10:35:29.406 [INFO] [API_REQUEST] [7891eec0-9567-402f-bb7e-3e96900d4cef] ::ffff:127.0.0.1 [GET] /metrics Incoming Request: GET /metrics {"payload":{}}
2025-12-01 10:35:29.408 [INFO] [API_RESPONSE] [7891eec0-9567-402f-bb7e-3e96900d4cef] ::ffff:127.0.0.1 [GET] /metrics 2ms 200 Response: GET /metrics 200 2ms {"payload":{}}
2025-12-01T03:35:34.406Z [INFO] [REQUEST_MIDDLEWARE] [a05c217c-282f-4ef2-a6d2-925e201c83e6] ::ffff:127.0.0.1 [GET] /metrics Incoming request {"userAgent":"Prometheus/3.7.3"}
2025-12-01 10:35:34.406 [INFO] [API_REQUEST] [a05c217c-282f-4ef2-a6d2-925e201c83e6] ::ffff:127.0.0.1 [GET] /metrics Incoming Request: GET /metrics {"payload":{}}
2025-12-01 10:35:34.408 [INFO] [API_RESPONSE] [a05c217c-282f-4ef2-a6d2-925e201c83e6] ::ffff:127.0.0.1 [GET] /metrics 2ms 200 Response: GET /metrics 200 2ms {"payload":{}}
2025-12-01T03:35:39.409Z [INFO] [REQUEST_MIDDLEWARE] [e9599f0d-ec87-4f08-9537-8a820b33c24b] ::ffff:127.0.0.1 [GET] /metrics Incoming request {"userAgent":"Prometheus/3.7.3"}
2025-12-01 10:35:39.410 [INFO] [API_REQUEST] [e9599f0d-ec87-4f08-9537-8a820b33c24b] ::ffff:127.0.0.1 [GET] /metrics Incoming Request: GET /metrics {"payload":{}}
2025-12-01 10:35:39.417 [INFO] [API_RESPONSE] [e9599f0d-ec87-4f08-9537-8a820b33c24b] ::ffff:127.0.0.1 [GET] /metrics 7ms 200 Response: GET /metrics 200 7ms {"payload":{}}
2025-12-01T03:35:44.406Z [INFO] [REQUEST_MIDDLEWARE] [22272f42-236b-40ea-ac7d-55b56f27318d] ::ffff:127.0.0.1 [GET] /metrics Incoming request {"userAgent":"Prometheus/3.7.3"}
2025-12-01 10:35:44.406 [INFO] [API_REQUEST] [22272f42-236b-40ea-ac7d-55b56f27318d] ::ffff:127.0.0.1 [GET] /metrics Incoming Request: GET /metrics {"payload":{}}
2025-12-01 10:35:44.407 [INFO] [API_RESPONSE] [22272f42-236b-40ea-ac7d-55b56f27318d] ::ffff:127.0.0.1 [GET] /metrics 1ms 200 Response: GET /metrics 200 1ms {"payload":{}}
2025-12-01T03:35:49.408Z [INFO] [REQUEST_MIDDLEWARE] [58c28239-8212-4e9d-967b-58fe1c992aef] ::ffff:127.0.0.1 [GET] /metrics Incoming request {"userAgent":"Prometheus/3.7.3"}
2025-12-01 10:35:49.408 [INFO] [API_REQUEST] [58c28239-8212-4e9d-967b-58fe1c992aef] ::ffff:127.0.0.1 [GET] /metrics Incoming Request: GET /metrics {"payload":{}}
2025-12-01 10:35:49.410 [INFO] [API_RESPONSE] [58c28239-8212-4e9d-967b-58fe1c992aef] ::ffff:127.0.0.1 [GET] /metrics 2ms 200 Response: GET /metrics 200 2ms {"payload":{}}
2025-12-01T03:35:54.406Z [INFO] [REQUEST_MIDDLEWARE] [ed1c4cb6-edab-4cd5-a243-437ee55f70cf] ::ffff:127.0.0.1 [GET] /metrics Incoming request {"userAgent":"Prometheus/3.7.3"}
2025-12-01 10:35:54.407 [INFO] [API_REQUEST] [ed1c4cb6-edab-4cd5-a243-437ee55f70cf] ::ffff:127.0.0.1 [GET] /metrics Incoming Request: GET /metrics {"payload":{}}
2025-12-01 10:35:54.408 [INFO] [API_RESPONSE] [ed1c4cb6-edab-4cd5-a243-437ee55f70cf] ::ffff:127.0.0.1 [GET] /metrics 1ms 200 Response: GET /metrics 200 1ms {"payload":{}}
2025-12-01T03:35:59.406Z [INFO] [REQUEST_MIDDLEWARE] [bf4deaf7-1f1f-4529-ba34-8ee874ff3bd8] ::ffff:127.0.0.1 [GET] /metrics Incoming request {"userAgent":"Prometheus/3.7.3"}
2025-12-01 10:35:59.406 [INFO] [API_REQUEST] [bf4deaf7-1f1f-4529-ba34-8ee874ff3bd8] ::ffff:127.0.0.1 [GET] /metrics Incoming Request: GET /metrics {"payload":{}}
2025-12-01 10:35:59.407 [INFO] [API_RESPONSE] [bf4deaf7-1f1f-4529-ba34-8ee874ff3bd8] ::ffff:127.0.0.1 [GET] /metrics 1ms 200 Response: GET /metrics 200 1ms {"payload":{}}
2025-12-01T03:36:04.406Z [INFO] [REQUEST_MIDDLEWARE] [1fc2df3e-4259-495e-b5b2-3562c9f6d0b7] ::ffff:127.0.0.1 [GET] /metrics Incoming request {"userAgent":"Prometheus/3.7.3"}
2025-12-01 10:36:04.406 [INFO] [API_REQUEST] [1fc2df3e-4259-495e-b5b2-3562c9f6d0b7] ::ffff:127.0.0.1 [GET] /metrics Incoming Request: GET /metrics {"payload":{}}
2025-12-01 10:36:04.407 [INFO] [API_RESPONSE] [1fc2df3e-4259-495e-b5b2-3562c9f6d0b7] ::ffff:127.0.0.1 [GET] /metrics 1ms 200 Response: GET /metrics 200 1ms {"payload":{}}
2025-12-01T03:36:09.406Z [INFO] [REQUEST_MIDDLEWARE] [cb1b88f3-ff77-4da6-8063-92dc2da6b0c3] ::ffff:127.0.0.1 [GET] /metrics Incoming request {"userAgent":"Prometheus/3.7.3"}
2025-12-01 10:36:09.406 [INFO] [API_REQUEST] [cb1b88f3-ff77-4da6-8063-92dc2da6b0c3] ::ffff:127.0.0.1 [GET] /metrics Incoming Request: GET /metrics {"payload":{}}
2025-12-01 10:36:09.407 [INFO] [API_RESPONSE] [cb1b88f3-ff77-4da6-8063-92dc2da6b0c3] ::ffff:127.0.0.1 [GET] /metrics 1ms 200 Response: GET /metrics 200 1ms {"payload":{}}
2025-12-01T03:36:14.406Z [INFO] [REQUEST_MIDDLEWARE] [ab0c827d-0cc6-4d14-8d9d-063bb497be79] ::ffff:127.0.0.1 [GET] /metrics Incoming request {"userAgent":"Prometheus/3.7.3"}
2025-12-01 10:36:14.406 [INFO] [API_REQUEST] [ab0c827d-0cc6-4d14-8d9d-063bb497be79] ::ffff:127.0.0.1 [GET] /metrics Incoming Request: GET /metrics {"payload":{}}
2025-12-01 10:36:14.407 [INFO] [API_RESPONSE] [ab0c827d-0cc6-4d14-8d9d-063bb497be79] ::ffff:127.0.0.1 [GET] /metrics 1ms 200 Response: GET /metrics 200 1ms {"payload":{}}
2025-12-01T03:36:19.405Z [INFO] [REQUEST_MIDDLEWARE] [1867a254-0c66-4df2-94f8-251575e286f7] ::ffff:127.0.0.1 [GET] /metrics Incoming request {"userAgent":"Prometheus/3.7.3"}
2025-12-01 10:36:19.406 [INFO] [API_REQUEST] [1867a254-0c66-4df2-94f8-251575e286f7] ::ffff:127.0.0.1 [GET] /metrics Incoming Request: GET /metrics {"payload":{}}
2025-12-01 10:36:19.407 [INFO] [API_RESPONSE] [1867a254-0c66-4df2-94f8-251575e286f7] ::ffff:127.0.0.1 [GET] /metrics 1ms 200 Response: GET /metrics 200 1ms {"payload":{}}
2025-12-01T03:36:24.405Z [INFO] [REQUEST_MIDDLEWARE] [f62a017a-0708-47f0-a434-51777beb2b00] ::ffff:127.0.0.1 [GET] /metrics Incoming request {"userAgent":"Prometheus/3.7.3"}
2025-12-01 10:36:24.406 [INFO] [API_REQUEST] [f62a017a-0708-47f0-a434-51777beb2b00] ::ffff:127.0.0.1 [GET] /metrics Incoming Request: GET /metrics {"payload":{}}
2025-12-01 10:36:24.407 [INFO] [API_RESPONSE] [f62a017a-0708-47f0-a434-51777beb2b00] ::ffff:127.0.0.1 [GET] /metrics 1ms 200 Response: GET /metrics 200 1ms {"payload":{}}
2025-12-01T03:36:29.406Z [INFO] [REQUEST_MIDDLEWARE] [b46f6364-43fa-418d-af64-c67650e76e30] ::ffff:127.0.0.1 [GET] /metrics Incoming request {"userAgent":"Prometheus/3.7.3"}
2025-12-01 10:36:29.406 [INFO] [API_REQUEST] [b46f6364-43fa-418d-af64-c67650e76e30] ::ffff:127.0.0.1 [GET] /metrics Incoming Request: GET /metrics {"payload":{}}
2025-12-01 10:36:29.407 [INFO] [API_RESPONSE] [b46f6364-43fa-418d-af64-c67650e76e30] ::ffff:127.0.0.1 [GET] /metrics 1ms 200 Response: GET /metrics 200 1ms {"payload":{}}
2025-12-01T03:36:34.406Z [INFO] [REQUEST_MIDDLEWARE] [30b60473-902a-492e-8b3f-de720e67cabb] ::ffff:127.0.0.1 [GET] /metrics Incoming request {"userAgent":"Prometheus/3.7.3"}
2025-12-01 10:36:34.406 [INFO] [API_REQUEST] [30b60473-902a-492e-8b3f-de720e67cabb] ::ffff:127.0.0.1 [GET] /metrics Incoming Request: GET /metrics {"payload":{}}
2025-12-01 10:36:34.408 [INFO] [API_RESPONSE] [30b60473-902a-492e-8b3f-de720e67cabb] ::ffff:127.0.0.1 [GET] /metrics 2ms 200 Response: GET /metrics 200 2ms {"payload":{}}
2025-12-01T03:36:39.406Z [INFO] [REQUEST_MIDDLEWARE] [1f6bc7ca-c6be-447c-9b64-86a299c8d523] ::ffff:127.0.0.1 [GET] /metrics Incoming request {"userAgent":"Prometheus/3.7.3"}
2025-12-01 10:36:39.406 [INFO] [API_REQUEST] [1f6bc7ca-c6be-447c-9b64-86a299c8d523] ::ffff:127.0.0.1 [GET] /metrics Incoming Request: GET /metrics {"payload":{}}
2025-12-01 10:36:39.408 [INFO] [API_RESPONSE] [1f6bc7ca-c6be-447c-9b64-86a299c8d523] ::ffff:127.0.0.1 [GET] /metrics 2ms 200 Response: GET /metrics 200 2ms {"payload":{}}
2025-12-01T03:36:44.405Z [INFO] [REQUEST_MIDDLEWARE] [bb93eb73-1283-4904-8e66-81cfc0302b10] ::ffff:127.0.0.1 [GET] /metrics Incoming request {"userAgent":"Prometheus/3.7.3"}
2025-12-01 10:36:44.406 [INFO] [API_REQUEST] [bb93eb73-1283-4904-8e66-81cfc0302b10] ::ffff:127.0.0.1 [GET] /metrics Incoming Request: GET /metrics {"payload":{}}
2025-12-01 10:36:44.407 [INFO] [API_RESPONSE] [bb93eb73-1283-4904-8e66-81cfc0302b10] ::ffff:127.0.0.1 [GET] /metrics 1ms 200 Response: GET /metrics 200 1ms {"payload":{}}
2025-12-01T03:36:49.405Z [INFO] [REQUEST_MIDDLEWARE] [367500ba-c03b-4a21-8ecc-3bc7b5eb0e03] ::ffff:127.0.0.1 [GET] /metrics Incoming request {"userAgent":"Prometheus/3.7.3"}
2025-12-01 10:36:49.406 [INFO] [API_REQUEST] [367500ba-c03b-4a21-8ecc-3bc7b5eb0e03] ::ffff:127.0.0.1 [GET] /metrics Incoming Request: GET /metrics {"payload":{}}
2025-12-01 10:36:49.407 [INFO] [API_RESPONSE] [367500ba-c03b-4a21-8ecc-3bc7b5eb0e03] ::ffff:127.0.0.1 [GET] /metrics 1ms 200 Response: GET /metrics 200 1ms {"payload":{}}
2025-12-01T03:36:54.406Z [INFO] [REQUEST_MIDDLEWARE] [01b30ce1-ff78-4c4c-99b4-d3d2287bb7e9] ::ffff:127.0.0.1 [GET] /metrics Incoming request {"userAgent":"Prometheus/3.7.3"}
2025-12-01 10:36:54.406 [INFO] [API_REQUEST] [01b30ce1-ff78-4c4c-99b4-d3d2287bb7e9] ::ffff:127.0.0.1 [GET] /metrics Incoming Request: GET /metrics {"payload":{}}
2025-12-01 10:36:54.408 [INFO] [API_RESPONSE] [01b30ce1-ff78-4c4c-99b4-d3d2287bb7e9] ::ffff:127.0.0.1 [GET] /metrics 2ms 200 Response: GET /metrics 200 2ms {"payload":{}}
2025-12-01T03:36:58.993Z [INFO] [REQUEST_MIDDLEWARE] [ce2544dd-3021-4a90-9114-fa8922cecf21] ::1 [GET] /api-docs Incoming request {"userAgent":"Mozilla/5.0 (Windows NT 10.0; Win64; x64) AppleWebKit/537.36 (KHTML, like Gecko) Chrome/142.0.0.0 Safari/537.36 Edg/142.0.0.0"}
2025-12-01 10:36:58.993 [INFO] [API_REQUEST] [ce2544dd-3021-4a90-9114-fa8922cecf21] ::1 [GET] /api-docs Incoming Request: GET /api-docs {"payload":{}}
2025-12-01 10:36:58.996 [INFO] [API_RESPONSE] [ce2544dd-3021-4a90-9114-fa8922cecf21] ::1 [GET] /api-docs 3ms 301 Response: GET /api-docs 301 3ms {"payload":{}}
2025-12-01T03:36:59.002Z [INFO] [REQUEST_MIDDLEWARE] [10612d52-0a8c-4a07-9572-8b5123e903a2] ::1 [GET] /api-docs/ Incoming request {"userAgent":"Mozilla/5.0 (Windows NT 10.0; Win64; x64) AppleWebKit/537.36 (KHTML, like Gecko) Chrome/142.0.0.0 Safari/537.36 Edg/142.0.0.0"}
2025-12-01 10:36:59.003 [INFO] [API_REQUEST] [10612d52-0a8c-4a07-9572-8b5123e903a2] ::1 [GET] /api-docs/ Incoming Request: GET /api-docs/ {"payload":{}}
2025-12-01 10:36:59.008 [INFO] [API_RESPONSE] [10612d52-0a8c-4a07-9572-8b5123e903a2] ::1 [GET] /api-docs/ 5ms 200 Response: GET /api-docs/ 200 5ms {"payload":{}}
2025-12-01T03:36:59.047Z [INFO] [REQUEST_MIDDLEWARE] [17d368f3-d4da-447e-ac5a-c79bbcadb7df] ::1 [GET] /api-docs/swagger-ui.css Incoming request {"userAgent":"Mozilla/5.0 (Windows NT 10.0; Win64; x64) AppleWebKit/537.36 (KHTML, like Gecko) Chrome/142.0.0.0 Safari/537.36 Edg/142.0.0.0"}
2025-12-01 10:36:59.047 [INFO] [API_REQUEST] [17d368f3-d4da-447e-ac5a-c79bbcadb7df] ::1 [GET] /api-docs/swagger-ui.css Incoming Request: GET /api-docs/swagger-ui.css {"payload":{}}
2025-12-01T03:36:59.051Z [INFO] [REQUEST_MIDDLEWARE] [a707c82a-fa87-404a-a525-4f9124e36c71] ::1 [GET] /api-docs/swagger-ui-bundle.js Incoming request {"userAgent":"Mozilla/5.0 (Windows NT 10.0; Win64; x64) AppleWebKit/537.36 (KHTML, like Gecko) Chrome/142.0.0.0 Safari/537.36 Edg/142.0.0.0"}
2025-12-01 10:36:59.051 [INFO] [API_REQUEST] [a707c82a-fa87-404a-a525-4f9124e36c71] ::1 [GET] /api-docs/swagger-ui-bundle.js Incoming Request: GET /api-docs/swagger-ui-bundle.js {"payload":{}}
2025-12-01T03:36:59.053Z [INFO] [REQUEST_MIDDLEWARE] [527c3f26-6298-4621-bb06-60ee28de8477] ::1 [GET] /api-docs/swagger-ui-standalone-preset.js Incoming request {"userAgent":"Mozilla/5.0 (Windows NT 10.0; Win64; x64) AppleWebKit/537.36 (KHTML, like Gecko) Chrome/142.0.0.0 Safari/537.36 Edg/142.0.0.0"}
2025-12-01 10:36:59.054 [INFO] [API_REQUEST] [527c3f26-6298-4621-bb06-60ee28de8477] ::1 [GET] /api-docs/swagger-ui-standalone-preset.js Incoming Request: GET /api-docs/swagger-ui-standalone-preset.js {"payload":{}}
2025-12-01T03:36:59.054Z [INFO] [REQUEST_MIDDLEWARE] [2c7f75f7-d3f3-4659-8643-f26bf2b7e20b] ::1 [GET] /api-docs/swagger-ui-init.js Incoming request {"userAgent":"Mozilla/5.0 (Windows NT 10.0; Win64; x64) AppleWebKit/537.36 (KHTML, like Gecko) Chrome/142.0.0.0 Safari/537.36 Edg/142.0.0.0"}
2025-12-01 10:36:59.055 [INFO] [API_REQUEST] [2c7f75f7-d3f3-4659-8643-f26bf2b7e20b] ::1 [GET] /api-docs/swagger-ui-init.js Incoming Request: GET /api-docs/swagger-ui-init.js {"payload":{}}
2025-12-01 10:36:59.056 [INFO] [API_RESPONSE] [2c7f75f7-d3f3-4659-8643-f26bf2b7e20b] ::1 [GET] /api-docs/swagger-ui-init.js 1ms 200 Response: GET /api-docs/swagger-ui-init.js 200 1ms {"payload":{}}
2025-12-01 10:36:59.060 [INFO] [API_RESPONSE] [17d368f3-d4da-447e-ac5a-c79bbcadb7df] ::1 [GET] /api-docs/swagger-ui.css 13ms 200 Response: GET /api-docs/swagger-ui.css 200 13ms {"payload":{}}
2025-12-01 10:36:59.066 [INFO] [API_RESPONSE] [527c3f26-6298-4621-bb06-60ee28de8477] ::1 [GET] /api-docs/swagger-ui-standalone-preset.js 13ms 200 Response: GET /api-docs/swagger-ui-standalone-preset.js 200 13ms {"payload":{}}
2025-12-01 10:36:59.079 [INFO] [API_RESPONSE] [a707c82a-fa87-404a-a525-4f9124e36c71] ::1 [GET] /api-docs/swagger-ui-bundle.js 28ms 200 Response: GET /api-docs/swagger-ui-bundle.js 200 28ms {"payload":{}}
2025-12-01T03:36:59.406Z [INFO] [REQUEST_MIDDLEWARE] [c8fc5a4c-cd1b-4b5f-a1e2-50cfce074c35] ::ffff:127.0.0.1 [GET] /metrics Incoming request {"userAgent":"Prometheus/3.7.3"}
2025-12-01 10:36:59.406 [INFO] [API_REQUEST] [c8fc5a4c-cd1b-4b5f-a1e2-50cfce074c35] ::ffff:127.0.0.1 [GET] /metrics Incoming Request: GET /metrics {"payload":{}}
2025-12-01 10:36:59.410 [INFO] [API_RESPONSE] [c8fc5a4c-cd1b-4b5f-a1e2-50cfce074c35] ::ffff:127.0.0.1 [GET] /metrics 4ms 200 Response: GET /metrics 200 4ms {"payload":{}}
2025-12-01T03:37:04.405Z [INFO] [REQUEST_MIDDLEWARE] [cac2d6a2-844c-4ef5-af71-52aaf88f7576] ::ffff:127.0.0.1 [GET] /metrics Incoming request {"userAgent":"Prometheus/3.7.3"}
2025-12-01 10:37:04.406 [INFO] [API_REQUEST] [cac2d6a2-844c-4ef5-af71-52aaf88f7576] ::ffff:127.0.0.1 [GET] /metrics Incoming Request: GET /metrics {"payload":{}}
2025-12-01 10:37:04.407 [INFO] [API_RESPONSE] [cac2d6a2-844c-4ef5-af71-52aaf88f7576] ::ffff:127.0.0.1 [GET] /metrics 1ms 200 Response: GET /metrics 200 1ms {"payload":{}}
2025-12-01T03:37:06.802Z [INFO] [REQUEST_MIDDLEWARE] [c5e7d0b8-845f-4ee5-8851-bb959a954a9b] ::1 [GET] /api/rooms Incoming request {"userAgent":"Mozilla/5.0 (Windows NT 10.0; Win64; x64) AppleWebKit/537.36 (KHTML, like Gecko) Chrome/142.0.0.0 Safari/537.36 Edg/142.0.0.0"}
2025-12-01 10:37:06.802 [INFO] [API_REQUEST] [c5e7d0b8-845f-4ee5-8851-bb959a954a9b] ::1 [GET] /api/rooms Incoming Request: GET /api/rooms {"payload":{}}
2025-12-01T03:37:09.406Z [INFO] [REQUEST_MIDDLEWARE] [335ff551-458a-425a-b81b-d8cea6ac762c] ::ffff:127.0.0.1 [GET] /metrics Incoming request {"userAgent":"Prometheus/3.7.3"}
2025-12-01 10:37:09.406 [INFO] [API_REQUEST] [335ff551-458a-425a-b81b-d8cea6ac762c] ::ffff:127.0.0.1 [GET] /metrics Incoming Request: GET /metrics {"payload":{}}
2025-12-01 10:37:09.408 [INFO] [API_RESPONSE] [335ff551-458a-425a-b81b-d8cea6ac762c] ::ffff:127.0.0.1 [GET] /metrics 2ms 200 Response: GET /metrics 200 2ms {"payload":{}}
2025-12-01T03:37:14.405Z [INFO] [REQUEST_MIDDLEWARE] [6deda59c-4b5f-483f-96f0-716763f9cb93] ::ffff:127.0.0.1 [GET] /metrics Incoming request {"userAgent":"Prometheus/3.7.3"}
2025-12-01 10:37:14.406 [INFO] [API_REQUEST] [6deda59c-4b5f-483f-96f0-716763f9cb93] ::ffff:127.0.0.1 [GET] /metrics Incoming Request: GET /metrics {"payload":{}}
2025-12-01 10:37:14.407 [INFO] [API_RESPONSE] [6deda59c-4b5f-483f-96f0-716763f9cb93] ::ffff:127.0.0.1 [GET] /metrics 1ms 200 Response: GET /metrics 200 1ms {"payload":{}}
2025-12-01T03:37:19.406Z [INFO] [REQUEST_MIDDLEWARE] [29159a38-673e-49b5-91b2-3bb511d30c45] ::ffff:127.0.0.1 [GET] /metrics Incoming request {"userAgent":"Prometheus/3.7.3"}
2025-12-01 10:37:19.406 [INFO] [API_REQUEST] [29159a38-673e-49b5-91b2-3bb511d30c45] ::ffff:127.0.0.1 [GET] /metrics Incoming Request: GET /metrics {"payload":{}}
2025-12-01 10:37:19.408 [INFO] [API_RESPONSE] [29159a38-673e-49b5-91b2-3bb511d30c45] ::ffff:127.0.0.1 [GET] /metrics 2ms 200 Response: GET /metrics 200 2ms {"payload":{}}
2025-12-01T03:37:24.406Z [INFO] [REQUEST_MIDDLEWARE] [2936157c-0552-4519-9014-115808829895] ::ffff:127.0.0.1 [GET] /metrics Incoming request {"userAgent":"Prometheus/3.7.3"}
2025-12-01 10:37:24.406 [INFO] [API_REQUEST] [2936157c-0552-4519-9014-115808829895] ::ffff:127.0.0.1 [GET] /metrics Incoming Request: GET /metrics {"payload":{}}
2025-12-01 10:37:24.407 [INFO] [API_RESPONSE] [2936157c-0552-4519-9014-115808829895] ::ffff:127.0.0.1 [GET] /metrics 1ms 200 Response: GET /metrics 200 1ms {"payload":{}}
2025-12-01T03:37:29.406Z [INFO] [REQUEST_MIDDLEWARE] [ee2b6000-c26c-47c0-80d8-58227a234090] ::ffff:127.0.0.1 [GET] /metrics Incoming request {"userAgent":"Prometheus/3.7.3"}
2025-12-01 10:37:29.406 [INFO] [API_REQUEST] [ee2b6000-c26c-47c0-80d8-58227a234090] ::ffff:127.0.0.1 [GET] /metrics Incoming Request: GET /metrics {"payload":{}}
2025-12-01 10:37:29.407 [INFO] [API_RESPONSE] [ee2b6000-c26c-47c0-80d8-58227a234090] ::ffff:127.0.0.1 [GET] /metrics 1ms 200 Response: GET /metrics 200 1ms {"payload":{}}
2025-12-01T03:37:34.406Z [INFO] [REQUEST_MIDDLEWARE] [9cff8c5e-a32b-4964-a546-ead805ce4a5a] ::ffff:127.0.0.1 [GET] /metrics Incoming request {"userAgent":"Prometheus/3.7.3"}
2025-12-01 10:37:34.406 [INFO] [API_REQUEST] [9cff8c5e-a32b-4964-a546-ead805ce4a5a] ::ffff:127.0.0.1 [GET] /metrics Incoming Request: GET /metrics {"payload":{}}
2025-12-01 10:37:34.407 [INFO] [API_RESPONSE] [9cff8c5e-a32b-4964-a546-ead805ce4a5a] ::ffff:127.0.0.1 [GET] /metrics 1ms 200 Response: GET /metrics 200 1ms {"payload":{}}
2025-12-01 10:37:36.814 [WARN] [REDIS] GET failed for key "ratelimit:ip:::1": Timed out after 30000ms
2025-12-01T03:37:39.406Z [INFO] [REQUEST_MIDDLEWARE] [7381dc47-3e19-40dd-a413-86431fa94465] ::ffff:127.0.0.1 [GET] /metrics Incoming request {"userAgent":"Prometheus/3.7.3"}
2025-12-01 10:37:39.406 [INFO] [API_REQUEST] [7381dc47-3e19-40dd-a413-86431fa94465] ::ffff:127.0.0.1 [GET] /metrics Incoming Request: GET /metrics {"payload":{}}
2025-12-01 10:37:39.408 [INFO] [API_RESPONSE] [7381dc47-3e19-40dd-a413-86431fa94465] ::ffff:127.0.0.1 [GET] /metrics 2ms 200 Response: GET /metrics 200 2ms {"payload":{}}
2025-12-01T03:37:44.405Z [INFO] [REQUEST_MIDDLEWARE] [13c5f0de-5cc8-4c3b-9213-1af6203b526b] ::ffff:127.0.0.1 [GET] /metrics Incoming request {"userAgent":"Prometheus/3.7.3"}
2025-12-01 10:37:44.406 [INFO] [API_REQUEST] [13c5f0de-5cc8-4c3b-9213-1af6203b526b] ::ffff:127.0.0.1 [GET] /metrics Incoming Request: GET /metrics {"payload":{}}
2025-12-01 10:37:44.407 [INFO] [API_RESPONSE] [13c5f0de-5cc8-4c3b-9213-1af6203b526b] ::ffff:127.0.0.1 [GET] /metrics 1ms 200 Response: GET /metrics 200 1ms {"payload":{}}
2025-12-01T03:37:49.405Z [INFO] [REQUEST_MIDDLEWARE] [5d607ccd-967b-4a15-b128-dcc5162f1728] ::ffff:127.0.0.1 [GET] /metrics Incoming request {"userAgent":"Prometheus/3.7.3"}
2025-12-01 10:37:49.406 [INFO] [API_REQUEST] [5d607ccd-967b-4a15-b128-dcc5162f1728] ::ffff:127.0.0.1 [GET] /metrics Incoming Request: GET /metrics {"payload":{}}
2025-12-01 10:37:49.408 [INFO] [API_RESPONSE] [5d607ccd-967b-4a15-b128-dcc5162f1728] ::ffff:127.0.0.1 [GET] /metrics 2ms 200 Response: GET /metrics 200 2ms {"payload":{}}
2025-12-01T03:37:54.406Z [INFO] [REQUEST_MIDDLEWARE] [f05ebf97-2309-4cc0-a71f-c28fd9f2ec95] ::ffff:127.0.0.1 [GET] /metrics Incoming request {"userAgent":"Prometheus/3.7.3"}
2025-12-01 10:37:54.406 [INFO] [API_REQUEST] [f05ebf97-2309-4cc0-a71f-c28fd9f2ec95] ::ffff:127.0.0.1 [GET] /metrics Incoming Request: GET /metrics {"payload":{}}
2025-12-01 10:37:54.407 [INFO] [API_RESPONSE] [f05ebf97-2309-4cc0-a71f-c28fd9f2ec95] ::ffff:127.0.0.1 [GET] /metrics 1ms 200 Response: GET /metrics 200 1ms {"payload":{}}
2025-12-01T03:37:55.400Z [INFO] [REQUEST_MIDDLEWARE] [41a9ee07-b6ee-4d30-8298-ad74ab0eadcb] ::1 [GET] /api-docs/ Incoming request {"userAgent":"Mozilla/5.0 (Windows NT 10.0; Win64; x64) AppleWebKit/537.36 (KHTML, like Gecko) Chrome/142.0.0.0 Safari/537.36 Edg/142.0.0.0"}
2025-12-01 10:37:55.400 [INFO] [API_REQUEST] [41a9ee07-b6ee-4d30-8298-ad74ab0eadcb] ::1 [GET] /api-docs/ Incoming Request: GET /api-docs/ {"payload":{}}
2025-12-01 10:37:55.401 [INFO] [API_RESPONSE] [41a9ee07-b6ee-4d30-8298-ad74ab0eadcb] ::1 [GET] /api-docs/ 1ms 304 Response: GET /api-docs/ 304 1ms {"payload":{}}
2025-12-01T03:37:55.486Z [INFO] [REQUEST_MIDDLEWARE] [59086c4a-ba2f-4122-b8ca-6feccaa30ba3] ::1 [GET] /api-docs/swagger-ui.css Incoming request {"userAgent":"Mozilla/5.0 (Windows NT 10.0; Win64; x64) AppleWebKit/537.36 (KHTML, like Gecko) Chrome/142.0.0.0 Safari/537.36 Edg/142.0.0.0"}
2025-12-01 10:37:55.486 [INFO] [API_REQUEST] [59086c4a-ba2f-4122-b8ca-6feccaa30ba3] ::1 [GET] /api-docs/swagger-ui.css Incoming Request: GET /api-docs/swagger-ui.css {"payload":{}}
2025-12-01 10:37:55.488 [INFO] [API_RESPONSE] [59086c4a-ba2f-4122-b8ca-6feccaa30ba3] ::1 [GET] /api-docs/swagger-ui.css 2ms 304 Response: GET /api-docs/swagger-ui.css 304 2ms {"payload":{}}
2025-12-01T03:37:55.489Z [INFO] [REQUEST_MIDDLEWARE] [7be59df3-faed-493c-9cbe-4b38a09353f3] ::1 [GET] /api-docs/swagger-ui-bundle.js Incoming request {"userAgent":"Mozilla/5.0 (Windows NT 10.0; Win64; x64) AppleWebKit/537.36 (KHTML, like Gecko) Chrome/142.0.0.0 Safari/537.36 Edg/142.0.0.0"}
2025-12-01 10:37:55.490 [INFO] [API_REQUEST] [7be59df3-faed-493c-9cbe-4b38a09353f3] ::1 [GET] /api-docs/swagger-ui-bundle.js Incoming Request: GET /api-docs/swagger-ui-bundle.js {"payload":{}}
2025-12-01 10:37:55.492 [INFO] [API_RESPONSE] [7be59df3-faed-493c-9cbe-4b38a09353f3] ::1 [GET] /api-docs/swagger-ui-bundle.js 2ms 304 Response: GET /api-docs/swagger-ui-bundle.js 304 2ms {"payload":{}}
2025-12-01T03:37:55.494Z [INFO] [REQUEST_MIDDLEWARE] [d60ef0c4-7a08-43ff-a12e-38b52372c5b0] ::1 [GET] /api-docs/swagger-ui-standalone-preset.js Incoming request {"userAgent":"Mozilla/5.0 (Windows NT 10.0; Win64; x64) AppleWebKit/537.36 (KHTML, like Gecko) Chrome/142.0.0.0 Safari/537.36 Edg/142.0.0.0"}
2025-12-01 10:37:55.495 [INFO] [API_REQUEST] [d60ef0c4-7a08-43ff-a12e-38b52372c5b0] ::1 [GET] /api-docs/swagger-ui-standalone-preset.js Incoming Request: GET /api-docs/swagger-ui-standalone-preset.js {"payload":{}}
2025-12-01T03:37:55.496Z [INFO] [REQUEST_MIDDLEWARE] [db8b8030-8a32-42e9-9699-523949906815] ::1 [GET] /api-docs/swagger-ui-init.js Incoming request {"userAgent":"Mozilla/5.0 (Windows NT 10.0; Win64; x64) AppleWebKit/537.36 (KHTML, like Gecko) Chrome/142.0.0.0 Safari/537.36 Edg/142.0.0.0"}
2025-12-01 10:37:55.496 [INFO] [API_REQUEST] [db8b8030-8a32-42e9-9699-523949906815] ::1 [GET] /api-docs/swagger-ui-init.js Incoming Request: GET /api-docs/swagger-ui-init.js {"payload":{}}
2025-12-01 10:37:55.497 [INFO] [API_RESPONSE] [db8b8030-8a32-42e9-9699-523949906815] ::1 [GET] /api-docs/swagger-ui-init.js 1ms 304 Response: GET /api-docs/swagger-ui-init.js 304 1ms {"payload":{}}
2025-12-01 10:37:55.498 [INFO] [API_RESPONSE] [d60ef0c4-7a08-43ff-a12e-38b52372c5b0] ::1 [GET] /api-docs/swagger-ui-standalone-preset.js 3ms 304 Response: GET /api-docs/swagger-ui-standalone-preset.js 304 3ms {"payload":{}}
2025-12-01T03:37:55.743Z [INFO] [REQUEST_MIDDLEWARE] [0cf70f8c-3b70-43af-b9de-5a15a3f510b4] ::1 [GET] /api-docs/favicon-32x32.png Incoming request {"userAgent":"Mozilla/5.0 (Windows NT 10.0; Win64; x64) AppleWebKit/537.36 (KHTML, like Gecko) Chrome/142.0.0.0 Safari/537.36 Edg/142.0.0.0"}
2025-12-01 10:37:55.743 [INFO] [API_REQUEST] [0cf70f8c-3b70-43af-b9de-5a15a3f510b4] ::1 [GET] /api-docs/favicon-32x32.png Incoming Request: GET /api-docs/favicon-32x32.png {"payload":{}}
2025-12-01 10:37:55.746 [INFO] [API_RESPONSE] [0cf70f8c-3b70-43af-b9de-5a15a3f510b4] ::1 [GET] /api-docs/favicon-32x32.png 3ms 200 Response: GET /api-docs/favicon-32x32.png 200 3ms {"payload":{}}
2025-12-01T03:37:59.406Z [INFO] [REQUEST_MIDDLEWARE] [fd36d7e0-6a71-4981-a2ef-226993dba2eb] ::ffff:127.0.0.1 [GET] /metrics Incoming request {"userAgent":"Prometheus/3.7.3"}
2025-12-01 10:37:59.406 [INFO] [API_REQUEST] [fd36d7e0-6a71-4981-a2ef-226993dba2eb] ::ffff:127.0.0.1 [GET] /metrics Incoming Request: GET /metrics {"payload":{}}
2025-12-01 10:37:59.407 [INFO] [API_RESPONSE] [fd36d7e0-6a71-4981-a2ef-226993dba2eb] ::ffff:127.0.0.1 [GET] /metrics 1ms 200 Response: GET /metrics 200 1ms {"payload":{}}
2025-12-01T03:38:01.547Z [INFO] [REQUEST_MIDDLEWARE] [12db9e7a-e378-423a-8b16-7a7daf270300] ::1 [GET] /api/bookings Incoming request {"userAgent":"Mozilla/5.0 (Windows NT 10.0; Win64; x64) AppleWebKit/537.36 (KHTML, like Gecko) Chrome/142.0.0.0 Safari/537.36 Edg/142.0.0.0"}
2025-12-01 10:38:01.547 [INFO] [API_REQUEST] [12db9e7a-e378-423a-8b16-7a7daf270300] ::1 [GET] /api/bookings Incoming Request: GET /api/bookings {"payload":{}}
2025-12-01 10:38:02.152 [INFO] [API_RESPONSE] [12db9e7a-e378-423a-8b16-7a7daf270300] ::1 [GET] /api/bookings 605ms 200 Response: GET /api/bookings 200 605ms {"payload":{}}
2025-12-01T03:38:04.407Z [INFO] [REQUEST_MIDDLEWARE] [6f4d3c82-514b-4949-ad02-0eafdcc1e002] ::ffff:127.0.0.1 [GET] /metrics Incoming request {"userAgent":"Prometheus/3.7.3"}
2025-12-01 10:38:04.407 [INFO] [API_REQUEST] [6f4d3c82-514b-4949-ad02-0eafdcc1e002] ::ffff:127.0.0.1 [GET] /metrics Incoming Request: GET /metrics {"payload":{}}
2025-12-01 10:38:04.409 [INFO] [API_RESPONSE] [6f4d3c82-514b-4949-ad02-0eafdcc1e002] ::ffff:127.0.0.1 [GET] /metrics 2ms 200 Response: GET /metrics 200 2ms {"payload":{}}
2025-12-01 10:38:06.830 [WARN] [REDIS] SET failed for key "ratelimit:ip:::1": Timed out after 30000ms
2025-12-01 10:38:06.831 [ERROR] [GET] Error: 401 - No token provided
ApiError: No token provided
    at verifyTokenMiddleware (file:///E:/Code/Booking/BE/middlewares/verifyTokenMiddleware.js:8:21)
    at Layer.handle [as handle_request] (E:\Code\Booking\BE\node_modules\express\lib\router\layer.js:95:5)
    at trim_prefix (E:\Code\Booking\BE\node_modules\express\lib\router\index.js:328:13)
    at E:\Code\Booking\BE\node_modules\express\lib\router\index.js:286:9
    at Function.process_params (E:\Code\Booking\BE\node_modules\express\lib\router\index.js:346:12)
    at next (E:\Code\Booking\BE\node_modules\express\lib\router\index.js:280:10)
    at file:///E:/Code/Booking/BE/middlewares/rateLimitMiddleware.js:38:16
2025-12-01T03:38:09.407Z [INFO] [REQUEST_MIDDLEWARE] [b736d006-0b2b-4145-9ab4-2cfbbd7fe132] ::ffff:127.0.0.1 [GET] /metrics Incoming request {"userAgent":"Prometheus/3.7.3"}
2025-12-01 10:38:09.407 [INFO] [API_REQUEST] [b736d006-0b2b-4145-9ab4-2cfbbd7fe132] ::ffff:127.0.0.1 [GET] /metrics Incoming Request: GET /metrics {"payload":{}}
2025-12-01 10:38:09.409 [INFO] [API_RESPONSE] [b736d006-0b2b-4145-9ab4-2cfbbd7fe132] ::ffff:127.0.0.1 [GET] /metrics 2ms 200 Response: GET /metrics 200 2ms {"payload":{}}
2025-12-01T03:38:14.406Z [INFO] [REQUEST_MIDDLEWARE] [3a7bd720-ca96-46bb-8f4b-9982b882e61c] ::ffff:127.0.0.1 [GET] /metrics Incoming request {"userAgent":"Prometheus/3.7.3"}
2025-12-01 10:38:14.406 [INFO] [API_REQUEST] [3a7bd720-ca96-46bb-8f4b-9982b882e61c] ::ffff:127.0.0.1 [GET] /metrics Incoming Request: GET /metrics {"payload":{}}
2025-12-01 10:38:14.408 [INFO] [API_RESPONSE] [3a7bd720-ca96-46bb-8f4b-9982b882e61c] ::ffff:127.0.0.1 [GET] /metrics 2ms 200 Response: GET /metrics 200 2ms {"payload":{}}
2025-12-01T03:38:19.406Z [INFO] [REQUEST_MIDDLEWARE] [5a147ef0-484d-4d5c-92a0-33d81fe0d8cf] ::ffff:127.0.0.1 [GET] /metrics Incoming request {"userAgent":"Prometheus/3.7.3"}
2025-12-01 10:38:19.406 [INFO] [API_REQUEST] [5a147ef0-484d-4d5c-92a0-33d81fe0d8cf] ::ffff:127.0.0.1 [GET] /metrics Incoming Request: GET /metrics {"payload":{}}
2025-12-01 10:38:19.408 [INFO] [API_RESPONSE] [5a147ef0-484d-4d5c-92a0-33d81fe0d8cf] ::ffff:127.0.0.1 [GET] /metrics 2ms 200 Response: GET /metrics 200 2ms {"payload":{}}
2025-12-01T03:38:24.406Z [INFO] [REQUEST_MIDDLEWARE] [ddb21a3d-1c20-4443-a9af-f44f956b293c] ::ffff:127.0.0.1 [GET] /metrics Incoming request {"userAgent":"Prometheus/3.7.3"}
2025-12-01 10:38:24.406 [INFO] [API_REQUEST] [ddb21a3d-1c20-4443-a9af-f44f956b293c] ::ffff:127.0.0.1 [GET] /metrics Incoming Request: GET /metrics {"payload":{}}
2025-12-01 10:38:24.408 [INFO] [API_RESPONSE] [ddb21a3d-1c20-4443-a9af-f44f956b293c] ::ffff:127.0.0.1 [GET] /metrics 2ms 200 Response: GET /metrics 200 2ms {"payload":{}}
2025-12-01T03:38:29.406Z [INFO] [REQUEST_MIDDLEWARE] [01ae2ca4-35ef-4c81-87ac-4727fcdb9df5] ::ffff:127.0.0.1 [GET] /metrics Incoming request {"userAgent":"Prometheus/3.7.3"}
2025-12-01 10:38:29.406 [INFO] [API_REQUEST] [01ae2ca4-35ef-4c81-87ac-4727fcdb9df5] ::ffff:127.0.0.1 [GET] /metrics Incoming Request: GET /metrics {"payload":{}}
2025-12-01 10:38:29.407 [INFO] [API_RESPONSE] [01ae2ca4-35ef-4c81-87ac-4727fcdb9df5] ::ffff:127.0.0.1 [GET] /metrics 1ms 200 Response: GET /metrics 200 1ms {"payload":{}}
2025-12-01T03:38:32.736Z [INFO] [REQUEST_MIDDLEWARE] [49fc6dff-5a09-4fac-888e-62e6b5ffd3e0] ::1 [GET] /api-docs/ Incoming request {"userAgent":"Mozilla/5.0 (Windows NT 10.0; Win64; x64) AppleWebKit/537.36 (KHTML, like Gecko) Chrome/142.0.0.0 Safari/537.36 Edg/142.0.0.0"}
2025-12-01 10:38:32.737 [INFO] [API_REQUEST] [49fc6dff-5a09-4fac-888e-62e6b5ffd3e0] ::1 [GET] /api-docs/ Incoming Request: GET /api-docs/ {"payload":{}}
2025-12-01 10:38:32.738 [INFO] [API_RESPONSE] [49fc6dff-5a09-4fac-888e-62e6b5ffd3e0] ::1 [GET] /api-docs/ 1ms 304 Response: GET /api-docs/ 304 1ms {"payload":{}}
2025-12-01T03:38:34.406Z [INFO] [REQUEST_MIDDLEWARE] [52ca65a6-5b78-4bc5-9433-22535d5ccfec] ::ffff:127.0.0.1 [GET] /metrics Incoming request {"userAgent":"Prometheus/3.7.3"}
2025-12-01 10:38:34.407 [INFO] [API_REQUEST] [52ca65a6-5b78-4bc5-9433-22535d5ccfec] ::ffff:127.0.0.1 [GET] /metrics Incoming Request: GET /metrics {"payload":{}}
2025-12-01 10:38:34.408 [INFO] [API_RESPONSE] [52ca65a6-5b78-4bc5-9433-22535d5ccfec] ::ffff:127.0.0.1 [GET] /metrics 1ms 200 Response: GET /metrics 200 1ms {"payload":{}}
2025-12-01T03:38:34.818Z [INFO] [REQUEST_MIDDLEWARE] [ebe20bb6-8095-49d9-bb2d-9770a530e219] ::1 [GET] /api-docs/ Incoming request {"userAgent":"Mozilla/5.0 (Windows NT 10.0; Win64; x64) AppleWebKit/537.36 (KHTML, like Gecko) Chrome/142.0.0.0 Safari/537.36 Edg/142.0.0.0"}
2025-12-01 10:38:34.818 [INFO] [API_REQUEST] [ebe20bb6-8095-49d9-bb2d-9770a530e219] ::1 [GET] /api-docs/ Incoming Request: GET /api-docs/ {"payload":{}}
2025-12-01 10:38:34.819 [INFO] [API_RESPONSE] [ebe20bb6-8095-49d9-bb2d-9770a530e219] ::1 [GET] /api-docs/ 1ms 304 Response: GET /api-docs/ 304 1ms {"payload":{}}
2025-12-01T03:38:39.406Z [INFO] [REQUEST_MIDDLEWARE] [265e55f9-db0c-476e-85aa-5f3a757e478b] ::ffff:127.0.0.1 [GET] /metrics Incoming request {"userAgent":"Prometheus/3.7.3"}
2025-12-01 10:38:39.406 [INFO] [API_REQUEST] [265e55f9-db0c-476e-85aa-5f3a757e478b] ::ffff:127.0.0.1 [GET] /metrics Incoming Request: GET /metrics {"payload":{}}
2025-12-01 10:38:39.408 [INFO] [API_RESPONSE] [265e55f9-db0c-476e-85aa-5f3a757e478b] ::ffff:127.0.0.1 [GET] /metrics 2ms 200 Response: GET /metrics 200 2ms {"payload":{}}
2025-12-01T03:38:44.407Z [INFO] [REQUEST_MIDDLEWARE] [c9b5bdd8-7d9a-4738-b43b-99aaa41212de] ::ffff:127.0.0.1 [GET] /metrics Incoming request {"userAgent":"Prometheus/3.7.3"}
2025-12-01 10:38:44.407 [INFO] [API_REQUEST] [c9b5bdd8-7d9a-4738-b43b-99aaa41212de] ::ffff:127.0.0.1 [GET] /metrics Incoming Request: GET /metrics {"payload":{}}
2025-12-01 10:38:44.408 [INFO] [API_RESPONSE] [c9b5bdd8-7d9a-4738-b43b-99aaa41212de] ::ffff:127.0.0.1 [GET] /metrics 1ms 200 Response: GET /metrics 200 1ms {"payload":{}}
2025-12-01T03:38:49.407Z [INFO] [REQUEST_MIDDLEWARE] [e22ca335-6729-42bb-9402-2bec2201c1e0] ::ffff:127.0.0.1 [GET] /metrics Incoming request {"userAgent":"Prometheus/3.7.3"}
2025-12-01 10:38:49.407 [INFO] [API_REQUEST] [e22ca335-6729-42bb-9402-2bec2201c1e0] ::ffff:127.0.0.1 [GET] /metrics Incoming Request: GET /metrics {"payload":{}}
2025-12-01 10:38:49.408 [INFO] [API_RESPONSE] [e22ca335-6729-42bb-9402-2bec2201c1e0] ::ffff:127.0.0.1 [GET] /metrics 1ms 200 Response: GET /metrics 200 1ms {"payload":{}}
2025-12-01T03:38:52.995Z [INFO] [REQUEST_MIDDLEWARE] [34ed92a8-a697-428b-aab1-0daa7ce6c559] ::1 [GET] /api-docs/ Incoming request {"userAgent":"Mozilla/5.0 (Windows NT 10.0; Win64; x64) AppleWebKit/537.36 (KHTML, like Gecko) Chrome/142.0.0.0 Safari/537.36 Edg/142.0.0.0"}
2025-12-01 10:38:52.997 [INFO] [API_REQUEST] [34ed92a8-a697-428b-aab1-0daa7ce6c559] ::1 [GET] /api-docs/ Incoming Request: GET /api-docs/ {"payload":{}}
2025-12-01 10:38:53.000 [INFO] [API_RESPONSE] [34ed92a8-a697-428b-aab1-0daa7ce6c559] ::1 [GET] /api-docs/ 3ms 304 Response: GET /api-docs/ 304 3ms {"payload":{}}
2025-12-01T03:38:53.056Z [INFO] [REQUEST_MIDDLEWARE] [ad423081-3f67-4cd3-9897-66c5b181f363] ::1 [GET] /api-docs/swagger-ui.css Incoming request {"userAgent":"Mozilla/5.0 (Windows NT 10.0; Win64; x64) AppleWebKit/537.36 (KHTML, like Gecko) Chrome/142.0.0.0 Safari/537.36 Edg/142.0.0.0"}
2025-12-01 10:38:53.058 [INFO] [API_REQUEST] [ad423081-3f67-4cd3-9897-66c5b181f363] ::1 [GET] /api-docs/swagger-ui.css Incoming Request: GET /api-docs/swagger-ui.css {"payload":{}}
2025-12-01 10:38:53.060 [INFO] [API_RESPONSE] [ad423081-3f67-4cd3-9897-66c5b181f363] ::1 [GET] /api-docs/swagger-ui.css 2ms 304 Response: GET /api-docs/swagger-ui.css 304 2ms {"payload":{}}
2025-12-01T03:38:53.061Z [INFO] [REQUEST_MIDDLEWARE] [c1dd1fd6-1ea1-4a80-84e8-93c4e430599c] ::1 [GET] /api-docs/swagger-ui-bundle.js Incoming request {"userAgent":"Mozilla/5.0 (Windows NT 10.0; Win64; x64) AppleWebKit/537.36 (KHTML, like Gecko) Chrome/142.0.0.0 Safari/537.36 Edg/142.0.0.0"}
2025-12-01 10:38:53.062 [INFO] [API_REQUEST] [c1dd1fd6-1ea1-4a80-84e8-93c4e430599c] ::1 [GET] /api-docs/swagger-ui-bundle.js Incoming Request: GET /api-docs/swagger-ui-bundle.js {"payload":{}}
2025-12-01T03:38:53.064Z [INFO] [REQUEST_MIDDLEWARE] [11c789b4-3503-4675-8b43-afcf2f4bc610] ::1 [GET] /api-docs/swagger-ui-standalone-preset.js Incoming request {"userAgent":"Mozilla/5.0 (Windows NT 10.0; Win64; x64) AppleWebKit/537.36 (KHTML, like Gecko) Chrome/142.0.0.0 Safari/537.36 Edg/142.0.0.0"}
2025-12-01 10:38:53.064 [INFO] [API_REQUEST] [11c789b4-3503-4675-8b43-afcf2f4bc610] ::1 [GET] /api-docs/swagger-ui-standalone-preset.js Incoming Request: GET /api-docs/swagger-ui-standalone-preset.js {"payload":{}}
2025-12-01 10:38:53.066 [INFO] [API_RESPONSE] [c1dd1fd6-1ea1-4a80-84e8-93c4e430599c] ::1 [GET] /api-docs/swagger-ui-bundle.js 4ms 304 Response: GET /api-docs/swagger-ui-bundle.js 304 4ms {"payload":{}}
2025-12-01 10:38:53.067 [INFO] [API_RESPONSE] [11c789b4-3503-4675-8b43-afcf2f4bc610] ::1 [GET] /api-docs/swagger-ui-standalone-preset.js 3ms 304 Response: GET /api-docs/swagger-ui-standalone-preset.js 304 3ms {"payload":{}}
2025-12-01T03:38:53.069Z [INFO] [REQUEST_MIDDLEWARE] [08920442-8b14-441d-a91b-5ca0597319bf] ::1 [GET] /api-docs/swagger-ui-init.js Incoming request {"userAgent":"Mozilla/5.0 (Windows NT 10.0; Win64; x64) AppleWebKit/537.36 (KHTML, like Gecko) Chrome/142.0.0.0 Safari/537.36 Edg/142.0.0.0"}
2025-12-01 10:38:53.071 [INFO] [API_REQUEST] [08920442-8b14-441d-a91b-5ca0597319bf] ::1 [GET] /api-docs/swagger-ui-init.js Incoming Request: GET /api-docs/swagger-ui-init.js {"payload":{}}
2025-12-01 10:38:53.074 [INFO] [API_RESPONSE] [08920442-8b14-441d-a91b-5ca0597319bf] ::1 [GET] /api-docs/swagger-ui-init.js 3ms 304 Response: GET /api-docs/swagger-ui-init.js 304 3ms {"payload":{}}
2025-12-01T03:38:53.293Z [INFO] [REQUEST_MIDDLEWARE] [4a6d4247-b365-4665-9198-b8312676e63e] ::1 [GET] /api-docs/favicon-32x32.png Incoming request {"userAgent":"Mozilla/5.0 (Windows NT 10.0; Win64; x64) AppleWebKit/537.36 (KHTML, like Gecko) Chrome/142.0.0.0 Safari/537.36 Edg/142.0.0.0"}
2025-12-01 10:38:53.295 [INFO] [API_REQUEST] [4a6d4247-b365-4665-9198-b8312676e63e] ::1 [GET] /api-docs/favicon-32x32.png Incoming Request: GET /api-docs/favicon-32x32.png {"payload":{}}
2025-12-01 10:38:53.297 [INFO] [API_RESPONSE] [4a6d4247-b365-4665-9198-b8312676e63e] ::1 [GET] /api-docs/favicon-32x32.png 2ms 304 Response: GET /api-docs/favicon-32x32.png 304 2ms {"payload":{}}
2025-12-01T03:38:54.406Z [INFO] [REQUEST_MIDDLEWARE] [5fdf18e0-0375-4865-9b46-7a727fc7fa6e] ::ffff:127.0.0.1 [GET] /metrics Incoming request {"userAgent":"Prometheus/3.7.3"}
2025-12-01 10:38:54.407 [INFO] [API_REQUEST] [5fdf18e0-0375-4865-9b46-7a727fc7fa6e] ::ffff:127.0.0.1 [GET] /metrics Incoming Request: GET /metrics {"payload":{}}
2025-12-01 10:38:54.408 [INFO] [API_RESPONSE] [5fdf18e0-0375-4865-9b46-7a727fc7fa6e] ::ffff:127.0.0.1 [GET] /metrics 1ms 200 Response: GET /metrics 200 1ms {"payload":{}}
2025-12-01T03:38:59.405Z [INFO] [REQUEST_MIDDLEWARE] [fdc891c4-18a2-4a48-8d7c-b75a50201084] ::ffff:127.0.0.1 [GET] /metrics Incoming request {"userAgent":"Prometheus/3.7.3"}
2025-12-01 10:38:59.406 [INFO] [API_REQUEST] [fdc891c4-18a2-4a48-8d7c-b75a50201084] ::ffff:127.0.0.1 [GET] /metrics Incoming Request: GET /metrics {"payload":{}}
2025-12-01 10:38:59.407 [INFO] [API_RESPONSE] [fdc891c4-18a2-4a48-8d7c-b75a50201084] ::ffff:127.0.0.1 [GET] /metrics 1ms 200 Response: GET /metrics 200 1ms {"payload":{}}
2025-12-01T03:39:04.405Z [INFO] [REQUEST_MIDDLEWARE] [c66cdbd6-2ffc-470e-a466-a373d8ab9bda] ::ffff:127.0.0.1 [GET] /metrics Incoming request {"userAgent":"Prometheus/3.7.3"}
2025-12-01 10:39:04.406 [INFO] [API_REQUEST] [c66cdbd6-2ffc-470e-a466-a373d8ab9bda] ::ffff:127.0.0.1 [GET] /metrics Incoming Request: GET /metrics {"payload":{}}
2025-12-01 10:39:04.407 [INFO] [API_RESPONSE] [c66cdbd6-2ffc-470e-a466-a373d8ab9bda] ::ffff:127.0.0.1 [GET] /metrics 1ms 200 Response: GET /metrics 200 1ms {"payload":{}}
2025-12-01T03:39:07.096Z [INFO] [REQUEST_MIDDLEWARE] [ec415723-b6f7-4dcd-b074-2c6470866d38] ::1 [POST] /api/auth/register Incoming request {"userAgent":"Mozilla/5.0 (Windows NT 10.0; Win64; x64) AppleWebKit/537.36 (KHTML, like Gecko) Chrome/142.0.0.0 Safari/537.36 Edg/142.0.0.0"}
2025-12-01 10:39:07.096 [INFO] [API_REQUEST] [ec415723-b6f7-4dcd-b074-2c6470866d38] ::1 [POST] /api/auth/register Incoming Request: POST /api/auth/register {"payload":{}}
2025-12-01T03:39:09.406Z [INFO] [REQUEST_MIDDLEWARE] [be46ed4a-227c-4529-b172-4cb2c531a5cd] ::ffff:127.0.0.1 [GET] /metrics Incoming request {"userAgent":"Prometheus/3.7.3"}
2025-12-01 10:39:09.406 [INFO] [API_REQUEST] [be46ed4a-227c-4529-b172-4cb2c531a5cd] ::ffff:127.0.0.1 [GET] /metrics Incoming Request: GET /metrics {"payload":{}}
2025-12-01 10:39:09.407 [INFO] [API_RESPONSE] [be46ed4a-227c-4529-b172-4cb2c531a5cd] ::ffff:127.0.0.1 [GET] /metrics 1ms 200 Response: GET /metrics 200 1ms {"payload":{}}
2025-12-01T03:39:14.405Z [INFO] [REQUEST_MIDDLEWARE] [052ab66d-21f3-4e35-a655-a03bd11b5a34] ::ffff:127.0.0.1 [GET] /metrics Incoming request {"userAgent":"Prometheus/3.7.3"}
2025-12-01 10:39:14.406 [INFO] [API_REQUEST] [052ab66d-21f3-4e35-a655-a03bd11b5a34] ::ffff:127.0.0.1 [GET] /metrics Incoming Request: GET /metrics {"payload":{}}
2025-12-01 10:39:14.408 [INFO] [API_RESPONSE] [052ab66d-21f3-4e35-a655-a03bd11b5a34] ::ffff:127.0.0.1 [GET] /metrics 2ms 200 Response: GET /metrics 200 2ms {"payload":{}}
2025-12-01T03:39:19.406Z [INFO] [REQUEST_MIDDLEWARE] [ee963980-a972-4569-953a-0bb45281ff85] ::ffff:127.0.0.1 [GET] /metrics Incoming request {"userAgent":"Prometheus/3.7.3"}
2025-12-01 10:39:19.406 [INFO] [API_REQUEST] [ee963980-a972-4569-953a-0bb45281ff85] ::ffff:127.0.0.1 [GET] /metrics Incoming Request: GET /metrics {"payload":{}}
2025-12-01 10:39:19.408 [INFO] [API_RESPONSE] [ee963980-a972-4569-953a-0bb45281ff85] ::ffff:127.0.0.1 [GET] /metrics 2ms 200 Response: GET /metrics 200 2ms {"payload":{}}
2025-12-01T03:39:24.406Z [INFO] [REQUEST_MIDDLEWARE] [48b3fb71-875b-40d7-b85f-48614b7df74d] ::ffff:127.0.0.1 [GET] /metrics Incoming request {"userAgent":"Prometheus/3.7.3"}
2025-12-01 10:39:24.407 [INFO] [API_REQUEST] [48b3fb71-875b-40d7-b85f-48614b7df74d] ::ffff:127.0.0.1 [GET] /metrics Incoming Request: GET /metrics {"payload":{}}
2025-12-01 10:39:24.408 [INFO] [API_RESPONSE] [48b3fb71-875b-40d7-b85f-48614b7df74d] ::ffff:127.0.0.1 [GET] /metrics 1ms 200 Response: GET /metrics 200 1ms {"payload":{}}
2025-12-01T03:39:29.405Z [INFO] [REQUEST_MIDDLEWARE] [909a3ae0-e29e-4913-a50e-48e6f384d208] ::ffff:127.0.0.1 [GET] /metrics Incoming request {"userAgent":"Prometheus/3.7.3"}
2025-12-01 10:39:29.406 [INFO] [API_REQUEST] [909a3ae0-e29e-4913-a50e-48e6f384d208] ::ffff:127.0.0.1 [GET] /metrics Incoming Request: GET /metrics {"payload":{}}
2025-12-01 10:39:29.407 [INFO] [API_RESPONSE] [909a3ae0-e29e-4913-a50e-48e6f384d208] ::ffff:127.0.0.1 [GET] /metrics 1ms 200 Response: GET /metrics 200 1ms {"payload":{}}
2025-12-01T03:39:34.406Z [INFO] [REQUEST_MIDDLEWARE] [3f95d9c0-b91f-413d-885d-b4feb0f7140e] ::ffff:127.0.0.1 [GET] /metrics Incoming request {"userAgent":"Prometheus/3.7.3"}
2025-12-01 10:39:34.407 [INFO] [API_REQUEST] [3f95d9c0-b91f-413d-885d-b4feb0f7140e] ::ffff:127.0.0.1 [GET] /metrics Incoming Request: GET /metrics {"payload":{}}
2025-12-01 10:39:34.408 [INFO] [API_RESPONSE] [3f95d9c0-b91f-413d-885d-b4feb0f7140e] ::ffff:127.0.0.1 [GET] /metrics 2ms 200 Response: GET /metrics 200 2ms {"payload":{}}
2025-12-01 10:39:37.108 [WARN] [REDIS] GET failed for key "ratelimit:email:39874b10b1a7e0a2f9a35beefb05dbd2ebbf39351b18e2881ec146a82b0eaba1": Timed out after 30000ms
2025-12-01T03:39:39.405Z [INFO] [REQUEST_MIDDLEWARE] [8c227ee1-537b-466e-8093-1ad18bfbc1e9] ::ffff:127.0.0.1 [GET] /metrics Incoming request {"userAgent":"Prometheus/3.7.3"}
2025-12-01 10:39:39.405 [INFO] [API_REQUEST] [8c227ee1-537b-466e-8093-1ad18bfbc1e9] ::ffff:127.0.0.1 [GET] /metrics Incoming Request: GET /metrics {"payload":{}}
2025-12-01 10:39:39.407 [INFO] [API_RESPONSE] [8c227ee1-537b-466e-8093-1ad18bfbc1e9] ::ffff:127.0.0.1 [GET] /metrics 2ms 200 Response: GET /metrics 200 2ms {"payload":{}}
2025-12-01T03:39:44.406Z [INFO] [REQUEST_MIDDLEWARE] [f9c25cc5-f737-4228-b1f6-ef156e7f28f1] ::ffff:127.0.0.1 [GET] /metrics Incoming request {"userAgent":"Prometheus/3.7.3"}
2025-12-01 10:39:44.406 [INFO] [API_REQUEST] [f9c25cc5-f737-4228-b1f6-ef156e7f28f1] ::ffff:127.0.0.1 [GET] /metrics Incoming Request: GET /metrics {"payload":{}}
2025-12-01 10:39:44.408 [INFO] [API_RESPONSE] [f9c25cc5-f737-4228-b1f6-ef156e7f28f1] ::ffff:127.0.0.1 [GET] /metrics 2ms 200 Response: GET /metrics 200 2ms {"payload":{}}
2025-12-01T03:39:49.406Z [INFO] [REQUEST_MIDDLEWARE] [d70180b5-df0c-43da-ad5e-122fdf2ea094] ::ffff:127.0.0.1 [GET] /metrics Incoming request {"userAgent":"Prometheus/3.7.3"}
2025-12-01 10:39:49.406 [INFO] [API_REQUEST] [d70180b5-df0c-43da-ad5e-122fdf2ea094] ::ffff:127.0.0.1 [GET] /metrics Incoming Request: GET /metrics {"payload":{}}
2025-12-01 10:39:49.408 [INFO] [API_RESPONSE] [d70180b5-df0c-43da-ad5e-122fdf2ea094] ::ffff:127.0.0.1 [GET] /metrics 2ms 200 Response: GET /metrics 200 2ms {"payload":{}}
2025-12-01T03:39:54.407Z [INFO] [REQUEST_MIDDLEWARE] [7e58f9c1-4748-4851-ac95-829b7d1bf157] ::ffff:127.0.0.1 [GET] /metrics Incoming request {"userAgent":"Prometheus/3.7.3"}
2025-12-01 10:39:54.407 [INFO] [API_REQUEST] [7e58f9c1-4748-4851-ac95-829b7d1bf157] ::ffff:127.0.0.1 [GET] /metrics Incoming Request: GET /metrics {"payload":{}}
2025-12-01 10:39:54.408 [INFO] [API_RESPONSE] [7e58f9c1-4748-4851-ac95-829b7d1bf157] ::ffff:127.0.0.1 [GET] /metrics 1ms 200 Response: GET /metrics 200 1ms {"payload":{}}
2025-12-01T03:39:59.406Z [INFO] [REQUEST_MIDDLEWARE] [4e4562ad-af7f-4677-9272-42000d60e27e] ::ffff:127.0.0.1 [GET] /metrics Incoming request {"userAgent":"Prometheus/3.7.3"}
2025-12-01 10:39:59.407 [INFO] [API_REQUEST] [4e4562ad-af7f-4677-9272-42000d60e27e] ::ffff:127.0.0.1 [GET] /metrics Incoming Request: GET /metrics {"payload":{}}
2025-12-01 10:39:59.410 [INFO] [API_RESPONSE] [4e4562ad-af7f-4677-9272-42000d60e27e] ::ffff:127.0.0.1 [GET] /metrics 2ms 200 Response: GET /metrics 200 2ms {"payload":{}}
2025-12-01T03:40:04.406Z [INFO] [REQUEST_MIDDLEWARE] [25e9923f-6dc5-4e0b-b142-78fc81fd14d8] ::ffff:127.0.0.1 [GET] /metrics Incoming request {"userAgent":"Prometheus/3.7.3"}
2025-12-01 10:40:04.406 [INFO] [API_REQUEST] [25e9923f-6dc5-4e0b-b142-78fc81fd14d8] ::ffff:127.0.0.1 [GET] /metrics Incoming Request: GET /metrics {"payload":{}}
2025-12-01 10:40:04.408 [INFO] [API_RESPONSE] [25e9923f-6dc5-4e0b-b142-78fc81fd14d8] ::ffff:127.0.0.1 [GET] /metrics 2ms 200 Response: GET /metrics 200 2ms {"payload":{}}
2025-12-01 10:40:07.114 [WARN] [REDIS] SET failed for key "ratelimit:email:39874b10b1a7e0a2f9a35beefb05dbd2ebbf39351b18e2881ec146a82b0eaba1": Timed out after 30000ms
2025-12-01 10:40:07.175 [INFO] [API_RESPONSE] [ec415723-b6f7-4dcd-b074-2c6470866d38] ::1 [POST] /api/auth/register 60079ms 201 Response: POST /api/auth/register 201 60079ms {"payload":{}}
2025-12-01T03:40:09.406Z [INFO] [REQUEST_MIDDLEWARE] [0b79881e-fb6a-4eb1-9917-e7b5dd3e3017] ::ffff:127.0.0.1 [GET] /metrics Incoming request {"userAgent":"Prometheus/3.7.3"}
2025-12-01 10:40:09.406 [INFO] [API_REQUEST] [0b79881e-fb6a-4eb1-9917-e7b5dd3e3017] ::ffff:127.0.0.1 [GET] /metrics Incoming Request: GET /metrics {"payload":{}}
2025-12-01 10:40:09.408 [INFO] [API_RESPONSE] [0b79881e-fb6a-4eb1-9917-e7b5dd3e3017] ::ffff:127.0.0.1 [GET] /metrics 2ms 200 Response: GET /metrics 200 2ms {"payload":{}}
2025-12-01T03:40:14.406Z [INFO] [REQUEST_MIDDLEWARE] [e1d2325b-366d-47b1-8285-84572680de94] ::ffff:127.0.0.1 [GET] /metrics Incoming request {"userAgent":"Prometheus/3.7.3"}
2025-12-01 10:40:14.406 [INFO] [API_REQUEST] [e1d2325b-366d-47b1-8285-84572680de94] ::ffff:127.0.0.1 [GET] /metrics Incoming Request: GET /metrics {"payload":{}}
2025-12-01 10:40:14.408 [INFO] [API_RESPONSE] [e1d2325b-366d-47b1-8285-84572680de94] ::ffff:127.0.0.1 [GET] /metrics 2ms 200 Response: GET /metrics 200 2ms {"payload":{}}
2025-12-01T03:40:19.407Z [INFO] [REQUEST_MIDDLEWARE] [fba22acf-b0e1-4494-a4d3-20bc1733189b] ::ffff:127.0.0.1 [GET] /metrics Incoming request {"userAgent":"Prometheus/3.7.3"}
2025-12-01 10:40:19.407 [INFO] [API_REQUEST] [fba22acf-b0e1-4494-a4d3-20bc1733189b] ::ffff:127.0.0.1 [GET] /metrics Incoming Request: GET /metrics {"payload":{}}
2025-12-01 10:40:19.411 [INFO] [API_RESPONSE] [fba22acf-b0e1-4494-a4d3-20bc1733189b] ::ffff:127.0.0.1 [GET] /metrics 4ms 200 Response: GET /metrics 200 4ms {"payload":{}}
2025-12-01T03:40:24.406Z [INFO] [REQUEST_MIDDLEWARE] [2e550e27-53d4-45f2-82b4-a9d4688352a5] ::ffff:127.0.0.1 [GET] /metrics Incoming request {"userAgent":"Prometheus/3.7.3"}
2025-12-01 10:40:24.406 [INFO] [API_REQUEST] [2e550e27-53d4-45f2-82b4-a9d4688352a5] ::ffff:127.0.0.1 [GET] /metrics Incoming Request: GET /metrics {"payload":{}}
2025-12-01 10:40:24.408 [INFO] [API_RESPONSE] [2e550e27-53d4-45f2-82b4-a9d4688352a5] ::ffff:127.0.0.1 [GET] /metrics 2ms 200 Response: GET /metrics 200 2ms {"payload":{}}
2025-12-01T03:40:29.406Z [INFO] [REQUEST_MIDDLEWARE] [82b3bb49-5e5e-4dbb-89c1-dfea07bb67b0] ::ffff:127.0.0.1 [GET] /metrics Incoming request {"userAgent":"Prometheus/3.7.3"}
2025-12-01 10:40:29.406 [INFO] [API_REQUEST] [82b3bb49-5e5e-4dbb-89c1-dfea07bb67b0] ::ffff:127.0.0.1 [GET] /metrics Incoming Request: GET /metrics {"payload":{}}
2025-12-01 10:40:29.408 [INFO] [API_RESPONSE] [82b3bb49-5e5e-4dbb-89c1-dfea07bb67b0] ::ffff:127.0.0.1 [GET] /metrics 2ms 200 Response: GET /metrics 200 2ms {"payload":{}}
2025-12-01T03:40:34.406Z [INFO] [REQUEST_MIDDLEWARE] [427a2bb8-abc0-49e8-97f9-07258fdcf249] ::ffff:127.0.0.1 [GET] /metrics Incoming request {"userAgent":"Prometheus/3.7.3"}
2025-12-01 10:40:34.406 [INFO] [API_REQUEST] [427a2bb8-abc0-49e8-97f9-07258fdcf249] ::ffff:127.0.0.1 [GET] /metrics Incoming Request: GET /metrics {"payload":{}}
2025-12-01 10:40:34.407 [INFO] [API_RESPONSE] [427a2bb8-abc0-49e8-97f9-07258fdcf249] ::ffff:127.0.0.1 [GET] /metrics 1ms 200 Response: GET /metrics 200 1ms {"payload":{}}
2025-12-01T03:40:39.407Z [INFO] [REQUEST_MIDDLEWARE] [9eb297ba-b7ab-4119-8977-87404e8d7202] ::ffff:127.0.0.1 [GET] /metrics Incoming request {"userAgent":"Prometheus/3.7.3"}
2025-12-01 10:40:39.407 [INFO] [API_REQUEST] [9eb297ba-b7ab-4119-8977-87404e8d7202] ::ffff:127.0.0.1 [GET] /metrics Incoming Request: GET /metrics {"payload":{}}
2025-12-01 10:40:39.408 [INFO] [API_RESPONSE] [9eb297ba-b7ab-4119-8977-87404e8d7202] ::ffff:127.0.0.1 [GET] /metrics 1ms 200 Response: GET /metrics 200 1ms {"payload":{}}
2025-12-01T03:40:44.406Z [INFO] [REQUEST_MIDDLEWARE] [8de49ea2-1cb2-4a33-9ce3-6aada1c66dae] ::ffff:127.0.0.1 [GET] /metrics Incoming request {"userAgent":"Prometheus/3.7.3"}
2025-12-01 10:40:44.406 [INFO] [API_REQUEST] [8de49ea2-1cb2-4a33-9ce3-6aada1c66dae] ::ffff:127.0.0.1 [GET] /metrics Incoming Request: GET /metrics {"payload":{}}
2025-12-01 10:40:44.407 [INFO] [API_RESPONSE] [8de49ea2-1cb2-4a33-9ce3-6aada1c66dae] ::ffff:127.0.0.1 [GET] /metrics 1ms 200 Response: GET /metrics 200 1ms {"payload":{}}
2025-12-01T03:40:49.406Z [INFO] [REQUEST_MIDDLEWARE] [28bcea7a-6ed7-4f9a-bbcb-7e9e479fda10] ::ffff:127.0.0.1 [GET] /metrics Incoming request {"userAgent":"Prometheus/3.7.3"}
2025-12-01 10:40:49.406 [INFO] [API_REQUEST] [28bcea7a-6ed7-4f9a-bbcb-7e9e479fda10] ::ffff:127.0.0.1 [GET] /metrics Incoming Request: GET /metrics {"payload":{}}
2025-12-01 10:40:49.409 [INFO] [API_RESPONSE] [28bcea7a-6ed7-4f9a-bbcb-7e9e479fda10] ::ffff:127.0.0.1 [GET] /metrics 3ms 200 Response: GET /metrics 200 3ms {"payload":{}}
2025-12-01T03:40:54.406Z [INFO] [REQUEST_MIDDLEWARE] [b4a15746-7fc7-4527-9913-a0e9fabc414b] ::ffff:127.0.0.1 [GET] /metrics Incoming request {"userAgent":"Prometheus/3.7.3"}
2025-12-01 10:40:54.406 [INFO] [API_REQUEST] [b4a15746-7fc7-4527-9913-a0e9fabc414b] ::ffff:127.0.0.1 [GET] /metrics Incoming Request: GET /metrics {"payload":{}}
2025-12-01 10:40:54.407 [INFO] [API_RESPONSE] [b4a15746-7fc7-4527-9913-a0e9fabc414b] ::ffff:127.0.0.1 [GET] /metrics 1ms 200 Response: GET /metrics 200 1ms {"payload":{}}
2025-12-01T03:40:59.405Z [INFO] [REQUEST_MIDDLEWARE] [7b6f8d18-61e8-430a-a897-c6ed6252169b] ::ffff:127.0.0.1 [GET] /metrics Incoming request {"userAgent":"Prometheus/3.7.3"}
2025-12-01 10:40:59.406 [INFO] [API_REQUEST] [7b6f8d18-61e8-430a-a897-c6ed6252169b] ::ffff:127.0.0.1 [GET] /metrics Incoming Request: GET /metrics {"payload":{}}
2025-12-01 10:40:59.407 [INFO] [API_RESPONSE] [7b6f8d18-61e8-430a-a897-c6ed6252169b] ::ffff:127.0.0.1 [GET] /metrics 1ms 200 Response: GET /metrics 200 1ms {"payload":{}}
2025-12-01T03:41:04.406Z [INFO] [REQUEST_MIDDLEWARE] [6d894f52-3805-497a-bdf8-2e21131c0a4b] ::ffff:127.0.0.1 [GET] /metrics Incoming request {"userAgent":"Prometheus/3.7.3"}
2025-12-01 10:41:04.407 [INFO] [API_REQUEST] [6d894f52-3805-497a-bdf8-2e21131c0a4b] ::ffff:127.0.0.1 [GET] /metrics Incoming Request: GET /metrics {"payload":{}}
2025-12-01 10:41:04.408 [INFO] [API_RESPONSE] [6d894f52-3805-497a-bdf8-2e21131c0a4b] ::ffff:127.0.0.1 [GET] /metrics 1ms 200 Response: GET /metrics 200 1ms {"payload":{}}
2025-12-01T03:41:09.406Z [INFO] [REQUEST_MIDDLEWARE] [149b9c14-5ef1-473b-a789-79cd86f1af07] ::ffff:127.0.0.1 [GET] /metrics Incoming request {"userAgent":"Prometheus/3.7.3"}
2025-12-01 10:41:09.406 [INFO] [API_REQUEST] [149b9c14-5ef1-473b-a789-79cd86f1af07] ::ffff:127.0.0.1 [GET] /metrics Incoming Request: GET /metrics {"payload":{}}
2025-12-01 10:41:09.409 [INFO] [API_RESPONSE] [149b9c14-5ef1-473b-a789-79cd86f1af07] ::ffff:127.0.0.1 [GET] /metrics 3ms 200 Response: GET /metrics 200 3ms {"payload":{}}
2025-12-01T03:41:14.406Z [INFO] [REQUEST_MIDDLEWARE] [822dde8c-95ed-4897-bcc3-981c6b707159] ::ffff:127.0.0.1 [GET] /metrics Incoming request {"userAgent":"Prometheus/3.7.3"}
2025-12-01 10:41:14.406 [INFO] [API_REQUEST] [822dde8c-95ed-4897-bcc3-981c6b707159] ::ffff:127.0.0.1 [GET] /metrics Incoming Request: GET /metrics {"payload":{}}
2025-12-01 10:41:14.407 [INFO] [API_RESPONSE] [822dde8c-95ed-4897-bcc3-981c6b707159] ::ffff:127.0.0.1 [GET] /metrics 1ms 200 Response: GET /metrics 200 1ms {"payload":{}}
2025-12-01T03:41:19.407Z [INFO] [REQUEST_MIDDLEWARE] [d70400b2-48da-4b55-8dcc-0a2ec9990db2] ::ffff:127.0.0.1 [GET] /metrics Incoming request {"userAgent":"Prometheus/3.7.3"}
2025-12-01 10:41:19.408 [INFO] [API_REQUEST] [d70400b2-48da-4b55-8dcc-0a2ec9990db2] ::ffff:127.0.0.1 [GET] /metrics Incoming Request: GET /metrics {"payload":{}}
2025-12-01 10:41:19.411 [INFO] [API_RESPONSE] [d70400b2-48da-4b55-8dcc-0a2ec9990db2] ::ffff:127.0.0.1 [GET] /metrics 3ms 200 Response: GET /metrics 200 3ms {"payload":{}}
2025-12-01T03:41:24.407Z [INFO] [REQUEST_MIDDLEWARE] [87555c9a-f730-4728-9330-45d10bbc4135] ::ffff:127.0.0.1 [GET] /metrics Incoming request {"userAgent":"Prometheus/3.7.3"}
2025-12-01 10:41:24.407 [INFO] [API_REQUEST] [87555c9a-f730-4728-9330-45d10bbc4135] ::ffff:127.0.0.1 [GET] /metrics Incoming Request: GET /metrics {"payload":{}}
2025-12-01 10:41:24.409 [INFO] [API_RESPONSE] [87555c9a-f730-4728-9330-45d10bbc4135] ::ffff:127.0.0.1 [GET] /metrics 2ms 200 Response: GET /metrics 200 2ms {"payload":{}}
2025-12-01T03:41:29.407Z [INFO] [REQUEST_MIDDLEWARE] [ea50fb46-b129-48cb-8f3c-1da720c3ac56] ::ffff:127.0.0.1 [GET] /metrics Incoming request {"userAgent":"Prometheus/3.7.3"}
2025-12-01 10:41:29.407 [INFO] [API_REQUEST] [ea50fb46-b129-48cb-8f3c-1da720c3ac56] ::ffff:127.0.0.1 [GET] /metrics Incoming Request: GET /metrics {"payload":{}}
2025-12-01 10:41:29.410 [INFO] [API_RESPONSE] [ea50fb46-b129-48cb-8f3c-1da720c3ac56] ::ffff:127.0.0.1 [GET] /metrics 3ms 200 Response: GET /metrics 200 3ms {"payload":{}}
2025-12-01T03:41:34.407Z [INFO] [REQUEST_MIDDLEWARE] [9268620a-bf2f-44e9-88ac-db91eec023f6] ::ffff:127.0.0.1 [GET] /metrics Incoming request {"userAgent":"Prometheus/3.7.3"}
2025-12-01 10:41:34.408 [INFO] [API_REQUEST] [9268620a-bf2f-44e9-88ac-db91eec023f6] ::ffff:127.0.0.1 [GET] /metrics Incoming Request: GET /metrics {"payload":{}}
2025-12-01 10:41:34.409 [INFO] [API_RESPONSE] [9268620a-bf2f-44e9-88ac-db91eec023f6] ::ffff:127.0.0.1 [GET] /metrics 1ms 200 Response: GET /metrics 200 1ms {"payload":{}}
2025-12-01T03:41:39.406Z [INFO] [REQUEST_MIDDLEWARE] [9d367dc9-2473-4a11-9ddd-3610dfa6e4a5] ::ffff:127.0.0.1 [GET] /metrics Incoming request {"userAgent":"Prometheus/3.7.3"}
2025-12-01 10:41:39.406 [INFO] [API_REQUEST] [9d367dc9-2473-4a11-9ddd-3610dfa6e4a5] ::ffff:127.0.0.1 [GET] /metrics Incoming Request: GET /metrics {"payload":{}}
2025-12-01 10:41:39.408 [INFO] [API_RESPONSE] [9d367dc9-2473-4a11-9ddd-3610dfa6e4a5] ::ffff:127.0.0.1 [GET] /metrics 2ms 200 Response: GET /metrics 200 2ms {"payload":{}}
2025-12-01T03:41:44.407Z [INFO] [REQUEST_MIDDLEWARE] [a8a2ea63-ebd5-4b72-9b22-0462c12a77d4] ::ffff:127.0.0.1 [GET] /metrics Incoming request {"userAgent":"Prometheus/3.7.3"}
2025-12-01 10:41:44.407 [INFO] [API_REQUEST] [a8a2ea63-ebd5-4b72-9b22-0462c12a77d4] ::ffff:127.0.0.1 [GET] /metrics Incoming Request: GET /metrics {"payload":{}}
2025-12-01 10:41:44.409 [INFO] [API_RESPONSE] [a8a2ea63-ebd5-4b72-9b22-0462c12a77d4] ::ffff:127.0.0.1 [GET] /metrics 2ms 200 Response: GET /metrics 200 2ms {"payload":{}}
2025-12-01T03:41:49.407Z [INFO] [REQUEST_MIDDLEWARE] [a5710346-356b-40c3-9ed4-32e3dafd74f1] ::ffff:127.0.0.1 [GET] /metrics Incoming request {"userAgent":"Prometheus/3.7.3"}
2025-12-01 10:41:49.407 [INFO] [API_REQUEST] [a5710346-356b-40c3-9ed4-32e3dafd74f1] ::ffff:127.0.0.1 [GET] /metrics Incoming Request: GET /metrics {"payload":{}}
2025-12-01 10:41:49.409 [INFO] [API_RESPONSE] [a5710346-356b-40c3-9ed4-32e3dafd74f1] ::ffff:127.0.0.1 [GET] /metrics 2ms 200 Response: GET /metrics 200 2ms {"payload":{}}
2025-12-01 10:41:52.082 [INFO] 
  Received shutdown signal, starting graceful shutdown...
2025-12-01 10:41:55.338 [INFO] Booking System Server Started
2025-12-01 10:41:55.341 [INFO] API Server: http://localhost:5000
2025-12-01 10:41:55.342 [INFO] Health Check: http://localhost:5000/health
2025-12-01 10:41:55.342 [INFO] Deep Health Check: http://localhost:5000/health/deep
2025-12-01 10:41:55.342 [INFO] Circuit Breaker Status: http://localhost:5000/health/circuits

2025-12-01 10:41:55.353 [ERROR] [REDIS] Redis error: connect ECONNREFUSED 127.0.0.1:6379
2025-12-01 10:41:55.376 [ERROR] [REDIS] Redis error: connect ECONNREFUSED 127.0.0.1:6379
2025-12-01 10:41:55.395 [INFO] Database connection established successfully. Host: localhost:3307. Database: meetingroombooking
2025-12-01 10:41:55.441 [ERROR] [REDIS] Redis error: connect ECONNREFUSED 127.0.0.1:6379
2025-12-01 10:41:55.548 [ERROR] [REDIS] Redis error: connect ECONNREFUSED 127.0.0.1:6379
2025-12-01 10:41:55.703 [ERROR] [REDIS] Redis error: connect ECONNREFUSED 127.0.0.1:6379
2025-12-01 10:41:55.908 [ERROR] [REDIS] Redis error: connect ECONNREFUSED 127.0.0.1:6379
2025-12-01 10:41:56.172 [ERROR] [REDIS] Redis error: connect ECONNREFUSED 127.0.0.1:6379
2025-12-01 10:41:56.482 [ERROR] [REDIS] Redis error: connect ECONNREFUSED 127.0.0.1:6379
2025-12-01 10:41:56.838 [ERROR] [REDIS] Redis error: connect ECONNREFUSED 127.0.0.1:6379
2025-12-01 10:41:57.241 [ERROR] [REDIS] Redis error: connect ECONNREFUSED 127.0.0.1:6379
2025-12-01 10:41:57.694 [ERROR] [REDIS] Redis error: connect ECONNREFUSED 127.0.0.1:6379
2025-12-01 10:41:58.196 [ERROR] [REDIS] Redis max retries exceeded
2025-12-01 10:41:58.196 [ERROR] [REDIS] Redis error: connect ECONNREFUSED 127.0.0.1:6379
2025-12-01 10:41:58.197 [ERROR] [REDIS] Redis connection failed: Redis max retries exceeded
2025-12-01 10:41:58.197 [WARN] [REDIS] Redis is not available. Caching will be disabled.
2025-12-01T03:41:59.413Z [INFO] [REQUEST_MIDDLEWARE] [7d7c37fe-dc71-4f0d-ae05-af36979d5b82] ::ffff:127.0.0.1 [GET] /metrics Incoming request {"userAgent":"Prometheus/3.7.3"}
2025-12-01 10:41:59.414 [INFO] [API_REQUEST] [7d7c37fe-dc71-4f0d-ae05-af36979d5b82] ::ffff:127.0.0.1 [GET] /metrics Incoming Request: GET /metrics {"payload":{}}
2025-12-01 10:41:59.424 [INFO] [API_RESPONSE] [7d7c37fe-dc71-4f0d-ae05-af36979d5b82] ::ffff:127.0.0.1 [GET] /metrics 10ms 200 Response: GET /metrics 200 10ms {"payload":{}}
2025-12-01T03:42:04.405Z [INFO] [REQUEST_MIDDLEWARE] [5175c388-8b84-4822-aa0d-ce6dcef9e9b9] ::ffff:127.0.0.1 [GET] /metrics Incoming request {"userAgent":"Prometheus/3.7.3"}
2025-12-01 10:42:04.406 [INFO] [API_REQUEST] [5175c388-8b84-4822-aa0d-ce6dcef9e9b9] ::ffff:127.0.0.1 [GET] /metrics Incoming Request: GET /metrics {"payload":{}}
2025-12-01 10:42:04.408 [INFO] [API_RESPONSE] [5175c388-8b84-4822-aa0d-ce6dcef9e9b9] ::ffff:127.0.0.1 [GET] /metrics 2ms 200 Response: GET /metrics 200 2ms {"payload":{}}
2025-12-01T03:42:09.405Z [INFO] [REQUEST_MIDDLEWARE] [5e2c0633-e505-4916-ae34-044d368c34df] ::ffff:127.0.0.1 [GET] /metrics Incoming request {"userAgent":"Prometheus/3.7.3"}
2025-12-01 10:42:09.405 [INFO] [API_REQUEST] [5e2c0633-e505-4916-ae34-044d368c34df] ::ffff:127.0.0.1 [GET] /metrics Incoming Request: GET /metrics {"payload":{}}
2025-12-01 10:42:09.408 [INFO] [API_RESPONSE] [5e2c0633-e505-4916-ae34-044d368c34df] ::ffff:127.0.0.1 [GET] /metrics 2ms 200 Response: GET /metrics 200 2ms {"payload":{}}
2025-12-01T03:42:14.405Z [INFO] [REQUEST_MIDDLEWARE] [c345734b-21d5-41d6-9c10-4c3ab65ec7b2] ::ffff:127.0.0.1 [GET] /metrics Incoming request {"userAgent":"Prometheus/3.7.3"}
2025-12-01 10:42:14.405 [INFO] [API_REQUEST] [c345734b-21d5-41d6-9c10-4c3ab65ec7b2] ::ffff:127.0.0.1 [GET] /metrics Incoming Request: GET /metrics {"payload":{}}
2025-12-01 10:42:14.407 [INFO] [API_RESPONSE] [c345734b-21d5-41d6-9c10-4c3ab65ec7b2] ::ffff:127.0.0.1 [GET] /metrics 2ms 200 Response: GET /metrics 200 2ms {"payload":{}}
2025-12-01T03:42:19.405Z [INFO] [REQUEST_MIDDLEWARE] [fcd192e0-b97c-4657-bf1a-bc5d84221b9f] ::ffff:127.0.0.1 [GET] /metrics Incoming request {"userAgent":"Prometheus/3.7.3"}
2025-12-01 10:42:19.406 [INFO] [API_REQUEST] [fcd192e0-b97c-4657-bf1a-bc5d84221b9f] ::ffff:127.0.0.1 [GET] /metrics Incoming Request: GET /metrics {"payload":{}}
2025-12-01 10:42:19.408 [INFO] [API_RESPONSE] [fcd192e0-b97c-4657-bf1a-bc5d84221b9f] ::ffff:127.0.0.1 [GET] /metrics 3ms 200 Response: GET /metrics 200 3ms {"payload":{}}
2025-12-01T03:42:24.404Z [INFO] [REQUEST_MIDDLEWARE] [6bb3fba5-8e24-4bb8-a22c-40e68aa646b5] ::ffff:127.0.0.1 [GET] /metrics Incoming request {"userAgent":"Prometheus/3.7.3"}
2025-12-01 10:42:24.405 [INFO] [API_REQUEST] [6bb3fba5-8e24-4bb8-a22c-40e68aa646b5] ::ffff:127.0.0.1 [GET] /metrics Incoming Request: GET /metrics {"payload":{}}
2025-12-01 10:42:24.406 [INFO] [API_RESPONSE] [6bb3fba5-8e24-4bb8-a22c-40e68aa646b5] ::ffff:127.0.0.1 [GET] /metrics 1ms 200 Response: GET /metrics 200 1ms {"payload":{}}
2025-12-01T03:42:29.405Z [INFO] [REQUEST_MIDDLEWARE] [a534c245-71f2-49d0-89f6-dea7edf9e1be] ::ffff:127.0.0.1 [GET] /metrics Incoming request {"userAgent":"Prometheus/3.7.3"}
2025-12-01 10:42:29.406 [INFO] [API_REQUEST] [a534c245-71f2-49d0-89f6-dea7edf9e1be] ::ffff:127.0.0.1 [GET] /metrics Incoming Request: GET /metrics {"payload":{}}
2025-12-01 10:42:29.409 [INFO] [API_RESPONSE] [a534c245-71f2-49d0-89f6-dea7edf9e1be] ::ffff:127.0.0.1 [GET] /metrics 3ms 200 Response: GET /metrics 200 3ms {"payload":{}}
2025-12-01T03:42:34.406Z [INFO] [REQUEST_MIDDLEWARE] [589e3919-8a7a-438c-b52e-d61d97d13de3] ::ffff:127.0.0.1 [GET] /metrics Incoming request {"userAgent":"Prometheus/3.7.3"}
2025-12-01 10:42:34.406 [INFO] [API_REQUEST] [589e3919-8a7a-438c-b52e-d61d97d13de3] ::ffff:127.0.0.1 [GET] /metrics Incoming Request: GET /metrics {"payload":{}}
2025-12-01 10:42:34.408 [INFO] [API_RESPONSE] [589e3919-8a7a-438c-b52e-d61d97d13de3] ::ffff:127.0.0.1 [GET] /metrics 2ms 200 Response: GET /metrics 200 2ms {"payload":{}}
2025-12-01T03:42:39.410Z [INFO] [REQUEST_MIDDLEWARE] [8048304d-699d-408f-b892-481a2e0f6861] ::ffff:127.0.0.1 [GET] /metrics Incoming request {"userAgent":"Prometheus/3.7.3"}
2025-12-01 10:42:39.413 [INFO] [API_REQUEST] [8048304d-699d-408f-b892-481a2e0f6861] ::ffff:127.0.0.1 [GET] /metrics Incoming Request: GET /metrics {"payload":{}}
2025-12-01 10:42:39.418 [INFO] [API_RESPONSE] [8048304d-699d-408f-b892-481a2e0f6861] ::ffff:127.0.0.1 [GET] /metrics 5ms 200 Response: GET /metrics 200 5ms {"payload":{}}
2025-12-01T03:42:44.406Z [INFO] [REQUEST_MIDDLEWARE] [c0a21a7d-9aa7-45ec-a25a-ae411584a0d4] ::ffff:127.0.0.1 [GET] /metrics Incoming request {"userAgent":"Prometheus/3.7.3"}
2025-12-01 10:42:44.406 [INFO] [API_REQUEST] [c0a21a7d-9aa7-45ec-a25a-ae411584a0d4] ::ffff:127.0.0.1 [GET] /metrics Incoming Request: GET /metrics {"payload":{}}
2025-12-01 10:42:44.408 [INFO] [API_RESPONSE] [c0a21a7d-9aa7-45ec-a25a-ae411584a0d4] ::ffff:127.0.0.1 [GET] /metrics 2ms 200 Response: GET /metrics 200 2ms {"payload":{}}
2025-12-01T03:42:49.405Z [INFO] [REQUEST_MIDDLEWARE] [5412b540-14f8-4892-8ba9-4d115e3e7dd5] ::ffff:127.0.0.1 [GET] /metrics Incoming request {"userAgent":"Prometheus/3.7.3"}
2025-12-01 10:42:49.406 [INFO] [API_REQUEST] [5412b540-14f8-4892-8ba9-4d115e3e7dd5] ::ffff:127.0.0.1 [GET] /metrics Incoming Request: GET /metrics {"payload":{}}
2025-12-01 10:42:49.409 [INFO] [API_RESPONSE] [5412b540-14f8-4892-8ba9-4d115e3e7dd5] ::ffff:127.0.0.1 [GET] /metrics 3ms 200 Response: GET /metrics 200 3ms {"payload":{}}
2025-12-01T03:42:54.407Z [INFO] [REQUEST_MIDDLEWARE] [e7720cd6-d153-49b5-9641-aacdf41024a1] ::ffff:127.0.0.1 [GET] /metrics Incoming request {"userAgent":"Prometheus/3.7.3"}
2025-12-01 10:42:54.407 [INFO] [API_REQUEST] [e7720cd6-d153-49b5-9641-aacdf41024a1] ::ffff:127.0.0.1 [GET] /metrics Incoming Request: GET /metrics {"payload":{}}
2025-12-01 10:42:54.409 [INFO] [API_RESPONSE] [e7720cd6-d153-49b5-9641-aacdf41024a1] ::ffff:127.0.0.1 [GET] /metrics 2ms 200 Response: GET /metrics 200 2ms {"payload":{}}
2025-12-01T03:42:59.407Z [INFO] [REQUEST_MIDDLEWARE] [9cfc217c-55bf-4063-86d3-ca1ab2a5a2b1] ::ffff:127.0.0.1 [GET] /metrics Incoming request {"userAgent":"Prometheus/3.7.3"}
2025-12-01 10:42:59.408 [INFO] [API_REQUEST] [9cfc217c-55bf-4063-86d3-ca1ab2a5a2b1] ::ffff:127.0.0.1 [GET] /metrics Incoming Request: GET /metrics {"payload":{}}
2025-12-01 10:42:59.411 [INFO] [API_RESPONSE] [9cfc217c-55bf-4063-86d3-ca1ab2a5a2b1] ::ffff:127.0.0.1 [GET] /metrics 3ms 200 Response: GET /metrics 200 3ms {"payload":{}}
2025-12-01T03:43:04.408Z [INFO] [REQUEST_MIDDLEWARE] [cd8ae522-6831-45b4-b1d3-4320bec7bbd4] ::ffff:127.0.0.1 [GET] /metrics Incoming request {"userAgent":"Prometheus/3.7.3"}
2025-12-01 10:43:04.408 [INFO] [API_REQUEST] [cd8ae522-6831-45b4-b1d3-4320bec7bbd4] ::ffff:127.0.0.1 [GET] /metrics Incoming Request: GET /metrics {"payload":{}}
2025-12-01 10:43:04.410 [INFO] [API_RESPONSE] [cd8ae522-6831-45b4-b1d3-4320bec7bbd4] ::ffff:127.0.0.1 [GET] /metrics 2ms 200 Response: GET /metrics 200 2ms {"payload":{}}
2025-12-01T03:43:09.406Z [INFO] [REQUEST_MIDDLEWARE] [d5b2c477-3576-493b-a650-74d743e16332] ::ffff:127.0.0.1 [GET] /metrics Incoming request {"userAgent":"Prometheus/3.7.3"}
2025-12-01 10:43:09.406 [INFO] [API_REQUEST] [d5b2c477-3576-493b-a650-74d743e16332] ::ffff:127.0.0.1 [GET] /metrics Incoming Request: GET /metrics {"payload":{}}
2025-12-01 10:43:09.409 [INFO] [API_RESPONSE] [d5b2c477-3576-493b-a650-74d743e16332] ::ffff:127.0.0.1 [GET] /metrics 3ms 200 Response: GET /metrics 200 3ms {"payload":{}}
2025-12-01T03:43:14.408Z [INFO] [REQUEST_MIDDLEWARE] [a1349fb1-4e26-4cb4-af33-78e2836e8580] ::ffff:127.0.0.1 [GET] /metrics Incoming request {"userAgent":"Prometheus/3.7.3"}
2025-12-01 10:43:14.408 [INFO] [API_REQUEST] [a1349fb1-4e26-4cb4-af33-78e2836e8580] ::ffff:127.0.0.1 [GET] /metrics Incoming Request: GET /metrics {"payload":{}}
2025-12-01 10:43:14.409 [INFO] [API_RESPONSE] [a1349fb1-4e26-4cb4-af33-78e2836e8580] ::ffff:127.0.0.1 [GET] /metrics 1ms 200 Response: GET /metrics 200 1ms {"payload":{}}
2025-12-01T03:43:19.406Z [INFO] [REQUEST_MIDDLEWARE] [0003bf19-aa42-49cc-9661-c28a166e2961] ::ffff:127.0.0.1 [GET] /metrics Incoming request {"userAgent":"Prometheus/3.7.3"}
2025-12-01 10:43:19.407 [INFO] [API_REQUEST] [0003bf19-aa42-49cc-9661-c28a166e2961] ::ffff:127.0.0.1 [GET] /metrics Incoming Request: GET /metrics {"payload":{}}
2025-12-01 10:43:19.409 [INFO] [API_RESPONSE] [0003bf19-aa42-49cc-9661-c28a166e2961] ::ffff:127.0.0.1 [GET] /metrics 2ms 200 Response: GET /metrics 200 2ms {"payload":{}}
2025-12-01T03:43:24.407Z [INFO] [REQUEST_MIDDLEWARE] [bb891dcb-17e6-4e4b-bb51-2b5ae84e8a38] ::ffff:127.0.0.1 [GET] /metrics Incoming request {"userAgent":"Prometheus/3.7.3"}
2025-12-01 10:43:24.408 [INFO] [API_REQUEST] [bb891dcb-17e6-4e4b-bb51-2b5ae84e8a38] ::ffff:127.0.0.1 [GET] /metrics Incoming Request: GET /metrics {"payload":{}}
2025-12-01 10:43:24.409 [INFO] [API_RESPONSE] [bb891dcb-17e6-4e4b-bb51-2b5ae84e8a38] ::ffff:127.0.0.1 [GET] /metrics 1ms 200 Response: GET /metrics 200 1ms {"payload":{}}
2025-12-01T03:43:29.408Z [INFO] [REQUEST_MIDDLEWARE] [3be19f3d-7db7-4bfa-a465-2a8dd8742b1e] ::ffff:127.0.0.1 [GET] /metrics Incoming request {"userAgent":"Prometheus/3.7.3"}
2025-12-01 10:43:29.408 [INFO] [API_REQUEST] [3be19f3d-7db7-4bfa-a465-2a8dd8742b1e] ::ffff:127.0.0.1 [GET] /metrics Incoming Request: GET /metrics {"payload":{}}
2025-12-01 10:43:29.410 [INFO] [API_RESPONSE] [3be19f3d-7db7-4bfa-a465-2a8dd8742b1e] ::ffff:127.0.0.1 [GET] /metrics 2ms 200 Response: GET /metrics 200 2ms {"payload":{}}
2025-12-01T03:43:34.408Z [INFO] [REQUEST_MIDDLEWARE] [51c48f65-2aa4-4005-9fab-c5796c4f0ebb] ::ffff:127.0.0.1 [GET] /metrics Incoming request {"userAgent":"Prometheus/3.7.3"}
2025-12-01 10:43:34.408 [INFO] [API_REQUEST] [51c48f65-2aa4-4005-9fab-c5796c4f0ebb] ::ffff:127.0.0.1 [GET] /metrics Incoming Request: GET /metrics {"payload":{}}
2025-12-01 10:43:34.410 [INFO] [API_RESPONSE] [51c48f65-2aa4-4005-9fab-c5796c4f0ebb] ::ffff:127.0.0.1 [GET] /metrics 2ms 200 Response: GET /metrics 200 2ms {"payload":{}}
2025-12-01T03:43:39.408Z [INFO] [REQUEST_MIDDLEWARE] [2f01217c-e4cb-4670-bb56-2e05e6dc0b0c] ::ffff:127.0.0.1 [GET] /metrics Incoming request {"userAgent":"Prometheus/3.7.3"}
2025-12-01 10:43:39.408 [INFO] [API_REQUEST] [2f01217c-e4cb-4670-bb56-2e05e6dc0b0c] ::ffff:127.0.0.1 [GET] /metrics Incoming Request: GET /metrics {"payload":{}}
2025-12-01 10:43:39.409 [INFO] [API_RESPONSE] [2f01217c-e4cb-4670-bb56-2e05e6dc0b0c] ::ffff:127.0.0.1 [GET] /metrics 1ms 200 Response: GET /metrics 200 1ms {"payload":{}}
2025-12-01T03:43:44.408Z [INFO] [REQUEST_MIDDLEWARE] [b117afb5-f0e5-455d-a79b-7a9b82c20beb] ::ffff:127.0.0.1 [GET] /metrics Incoming request {"userAgent":"Prometheus/3.7.3"}
2025-12-01 10:43:44.408 [INFO] [API_REQUEST] [b117afb5-f0e5-455d-a79b-7a9b82c20beb] ::ffff:127.0.0.1 [GET] /metrics Incoming Request: GET /metrics {"payload":{}}
2025-12-01 10:43:44.409 [INFO] [API_RESPONSE] [b117afb5-f0e5-455d-a79b-7a9b82c20beb] ::ffff:127.0.0.1 [GET] /metrics 1ms 200 Response: GET /metrics 200 1ms {"payload":{}}
2025-12-01T03:43:49.407Z [INFO] [REQUEST_MIDDLEWARE] [903b2451-7cc4-4248-b2ed-a0e75ce9d099] ::ffff:127.0.0.1 [GET] /metrics Incoming request {"userAgent":"Prometheus/3.7.3"}
2025-12-01 10:43:49.408 [INFO] [API_REQUEST] [903b2451-7cc4-4248-b2ed-a0e75ce9d099] ::ffff:127.0.0.1 [GET] /metrics Incoming Request: GET /metrics {"payload":{}}
2025-12-01 10:43:49.410 [INFO] [API_RESPONSE] [903b2451-7cc4-4248-b2ed-a0e75ce9d099] ::ffff:127.0.0.1 [GET] /metrics 2ms 200 Response: GET /metrics 200 2ms {"payload":{}}
2025-12-01T03:43:54.407Z [INFO] [REQUEST_MIDDLEWARE] [5358b180-a82c-429c-bd02-c79e16ac4e6f] ::ffff:127.0.0.1 [GET] /metrics Incoming request {"userAgent":"Prometheus/3.7.3"}
2025-12-01 10:43:54.408 [INFO] [API_REQUEST] [5358b180-a82c-429c-bd02-c79e16ac4e6f] ::ffff:127.0.0.1 [GET] /metrics Incoming Request: GET /metrics {"payload":{}}
2025-12-01 10:43:54.409 [INFO] [API_RESPONSE] [5358b180-a82c-429c-bd02-c79e16ac4e6f] ::ffff:127.0.0.1 [GET] /metrics 2ms 200 Response: GET /metrics 200 2ms {"payload":{}}
2025-12-01T03:43:59.407Z [INFO] [REQUEST_MIDDLEWARE] [057e6039-4a1b-451e-a483-b89884d7c225] ::ffff:127.0.0.1 [GET] /metrics Incoming request {"userAgent":"Prometheus/3.7.3"}
2025-12-01 10:43:59.407 [INFO] [API_REQUEST] [057e6039-4a1b-451e-a483-b89884d7c225] ::ffff:127.0.0.1 [GET] /metrics Incoming Request: GET /metrics {"payload":{}}
2025-12-01 10:43:59.409 [INFO] [API_RESPONSE] [057e6039-4a1b-451e-a483-b89884d7c225] ::ffff:127.0.0.1 [GET] /metrics 2ms 200 Response: GET /metrics 200 2ms {"payload":{}}
2025-12-01T03:44:04.407Z [INFO] [REQUEST_MIDDLEWARE] [cedd5438-151d-4e9f-b5bb-051f816a28b7] ::ffff:127.0.0.1 [GET] /metrics Incoming request {"userAgent":"Prometheus/3.7.3"}
2025-12-01 10:44:04.407 [INFO] [API_REQUEST] [cedd5438-151d-4e9f-b5bb-051f816a28b7] ::ffff:127.0.0.1 [GET] /metrics Incoming Request: GET /metrics {"payload":{}}
2025-12-01 10:44:04.409 [INFO] [API_RESPONSE] [cedd5438-151d-4e9f-b5bb-051f816a28b7] ::ffff:127.0.0.1 [GET] /metrics 2ms 200 Response: GET /metrics 200 2ms {"payload":{}}
2025-12-01T03:44:09.407Z [INFO] [REQUEST_MIDDLEWARE] [0d00d981-974c-425b-ace3-fdb486dfb4d6] ::ffff:127.0.0.1 [GET] /metrics Incoming request {"userAgent":"Prometheus/3.7.3"}
2025-12-01 10:44:09.408 [INFO] [API_REQUEST] [0d00d981-974c-425b-ace3-fdb486dfb4d6] ::ffff:127.0.0.1 [GET] /metrics Incoming Request: GET /metrics {"payload":{}}
2025-12-01 10:44:09.409 [INFO] [API_RESPONSE] [0d00d981-974c-425b-ace3-fdb486dfb4d6] ::ffff:127.0.0.1 [GET] /metrics 1ms 200 Response: GET /metrics 200 1ms {"payload":{}}
2025-12-01T03:44:14.407Z [INFO] [REQUEST_MIDDLEWARE] [d18035ac-f01e-4f14-a7f2-d1d14c5fe18a] ::ffff:127.0.0.1 [GET] /metrics Incoming request {"userAgent":"Prometheus/3.7.3"}
2025-12-01 10:44:14.408 [INFO] [API_REQUEST] [d18035ac-f01e-4f14-a7f2-d1d14c5fe18a] ::ffff:127.0.0.1 [GET] /metrics Incoming Request: GET /metrics {"payload":{}}
2025-12-01 10:44:14.409 [INFO] [API_RESPONSE] [d18035ac-f01e-4f14-a7f2-d1d14c5fe18a] ::ffff:127.0.0.1 [GET] /metrics 1ms 200 Response: GET /metrics 200 1ms {"payload":{}}
2025-12-01T03:44:19.407Z [INFO] [REQUEST_MIDDLEWARE] [aa7b9e8b-0b78-4659-aa8f-a615e98b9562] ::ffff:127.0.0.1 [GET] /metrics Incoming request {"userAgent":"Prometheus/3.7.3"}
2025-12-01 10:44:19.407 [INFO] [API_REQUEST] [aa7b9e8b-0b78-4659-aa8f-a615e98b9562] ::ffff:127.0.0.1 [GET] /metrics Incoming Request: GET /metrics {"payload":{}}
2025-12-01 10:44:19.409 [INFO] [API_RESPONSE] [aa7b9e8b-0b78-4659-aa8f-a615e98b9562] ::ffff:127.0.0.1 [GET] /metrics 2ms 200 Response: GET /metrics 200 2ms {"payload":{}}
2025-12-01T03:44:24.407Z [INFO] [REQUEST_MIDDLEWARE] [1b216d1a-6f40-4a80-900f-c13377e22d1f] ::ffff:127.0.0.1 [GET] /metrics Incoming request {"userAgent":"Prometheus/3.7.3"}
2025-12-01 10:44:24.408 [INFO] [API_REQUEST] [1b216d1a-6f40-4a80-900f-c13377e22d1f] ::ffff:127.0.0.1 [GET] /metrics Incoming Request: GET /metrics {"payload":{}}
2025-12-01 10:44:24.409 [INFO] [API_RESPONSE] [1b216d1a-6f40-4a80-900f-c13377e22d1f] ::ffff:127.0.0.1 [GET] /metrics 1ms 200 Response: GET /metrics 200 1ms {"payload":{}}
2025-12-01T03:44:29.407Z [INFO] [REQUEST_MIDDLEWARE] [afae3e3f-c31f-4faa-9bff-0231eb5570c4] ::ffff:127.0.0.1 [GET] /metrics Incoming request {"userAgent":"Prometheus/3.7.3"}
2025-12-01 10:44:29.408 [INFO] [API_REQUEST] [afae3e3f-c31f-4faa-9bff-0231eb5570c4] ::ffff:127.0.0.1 [GET] /metrics Incoming Request: GET /metrics {"payload":{}}
2025-12-01 10:44:29.409 [INFO] [API_RESPONSE] [afae3e3f-c31f-4faa-9bff-0231eb5570c4] ::ffff:127.0.0.1 [GET] /metrics 1ms 200 Response: GET /metrics 200 1ms {"payload":{}}
2025-12-01T03:44:34.407Z [INFO] [REQUEST_MIDDLEWARE] [f2346f71-6961-4d46-bbbd-6affb3c5223a] ::ffff:127.0.0.1 [GET] /metrics Incoming request {"userAgent":"Prometheus/3.7.3"}
2025-12-01 10:44:34.408 [INFO] [API_REQUEST] [f2346f71-6961-4d46-bbbd-6affb3c5223a] ::ffff:127.0.0.1 [GET] /metrics Incoming Request: GET /metrics {"payload":{}}
2025-12-01 10:44:34.409 [INFO] [API_RESPONSE] [f2346f71-6961-4d46-bbbd-6affb3c5223a] ::ffff:127.0.0.1 [GET] /metrics 1ms 200 Response: GET /metrics 200 1ms {"payload":{}}
2025-12-01T03:44:39.405Z [INFO] [REQUEST_MIDDLEWARE] [b743c82c-52a6-4a29-b633-ae211bc14956] ::ffff:127.0.0.1 [GET] /metrics Incoming request {"userAgent":"Prometheus/3.7.3"}
2025-12-01 10:44:39.406 [INFO] [API_REQUEST] [b743c82c-52a6-4a29-b633-ae211bc14956] ::ffff:127.0.0.1 [GET] /metrics Incoming Request: GET /metrics {"payload":{}}
2025-12-01 10:44:39.407 [INFO] [API_RESPONSE] [b743c82c-52a6-4a29-b633-ae211bc14956] ::ffff:127.0.0.1 [GET] /metrics 1ms 200 Response: GET /metrics 200 1ms {"payload":{}}
2025-12-01T03:44:44.407Z [INFO] [REQUEST_MIDDLEWARE] [4e588860-a3f0-4121-a856-c26f21ae4af8] ::ffff:127.0.0.1 [GET] /metrics Incoming request {"userAgent":"Prometheus/3.7.3"}
2025-12-01 10:44:44.408 [INFO] [API_REQUEST] [4e588860-a3f0-4121-a856-c26f21ae4af8] ::ffff:127.0.0.1 [GET] /metrics Incoming Request: GET /metrics {"payload":{}}
2025-12-01 10:44:44.409 [INFO] [API_RESPONSE] [4e588860-a3f0-4121-a856-c26f21ae4af8] ::ffff:127.0.0.1 [GET] /metrics 2ms 200 Response: GET /metrics 200 2ms {"payload":{}}
2025-12-01T03:44:49.410Z [INFO] [REQUEST_MIDDLEWARE] [62b7c377-9061-4808-8f61-9fc80a63a8e0] ::ffff:127.0.0.1 [GET] /metrics Incoming request {"userAgent":"Prometheus/3.7.3"}
2025-12-01 10:44:49.411 [INFO] [API_REQUEST] [62b7c377-9061-4808-8f61-9fc80a63a8e0] ::ffff:127.0.0.1 [GET] /metrics Incoming Request: GET /metrics {"payload":{}}
2025-12-01 10:44:49.418 [INFO] [API_RESPONSE] [62b7c377-9061-4808-8f61-9fc80a63a8e0] ::ffff:127.0.0.1 [GET] /metrics 7ms 200 Response: GET /metrics 200 7ms {"payload":{}}
2025-12-01T03:44:54.407Z [INFO] [REQUEST_MIDDLEWARE] [386ba6c4-47d9-41ff-8103-43b187d2b1c5] ::ffff:127.0.0.1 [GET] /metrics Incoming request {"userAgent":"Prometheus/3.7.3"}
2025-12-01 10:44:54.407 [INFO] [API_REQUEST] [386ba6c4-47d9-41ff-8103-43b187d2b1c5] ::ffff:127.0.0.1 [GET] /metrics Incoming Request: GET /metrics {"payload":{}}
2025-12-01 10:44:54.409 [INFO] [API_RESPONSE] [386ba6c4-47d9-41ff-8103-43b187d2b1c5] ::ffff:127.0.0.1 [GET] /metrics 2ms 200 Response: GET /metrics 200 2ms {"payload":{}}
2025-12-01T03:44:59.407Z [INFO] [REQUEST_MIDDLEWARE] [7418e713-ed44-4db3-9d5b-d1f4c3f9ba36] ::ffff:127.0.0.1 [GET] /metrics Incoming request {"userAgent":"Prometheus/3.7.3"}
2025-12-01 10:44:59.407 [INFO] [API_REQUEST] [7418e713-ed44-4db3-9d5b-d1f4c3f9ba36] ::ffff:127.0.0.1 [GET] /metrics Incoming Request: GET /metrics {"payload":{}}
2025-12-01 10:44:59.409 [INFO] [API_RESPONSE] [7418e713-ed44-4db3-9d5b-d1f4c3f9ba36] ::ffff:127.0.0.1 [GET] /metrics 2ms 200 Response: GET /metrics 200 2ms {"payload":{}}
2025-12-01T03:45:04.405Z [INFO] [REQUEST_MIDDLEWARE] [edefa42c-4c99-4de7-ab50-b2acff7460b0] ::ffff:127.0.0.1 [GET] /metrics Incoming request {"userAgent":"Prometheus/3.7.3"}
2025-12-01 10:45:04.406 [INFO] [API_REQUEST] [edefa42c-4c99-4de7-ab50-b2acff7460b0] ::ffff:127.0.0.1 [GET] /metrics Incoming Request: GET /metrics {"payload":{}}
2025-12-01 10:45:04.407 [INFO] [API_RESPONSE] [edefa42c-4c99-4de7-ab50-b2acff7460b0] ::ffff:127.0.0.1 [GET] /metrics 1ms 200 Response: GET /metrics 200 1ms {"payload":{}}
2025-12-01T03:45:09.407Z [INFO] [REQUEST_MIDDLEWARE] [5dbdbef7-d091-4246-bbeb-17b6ccd8455c] ::ffff:127.0.0.1 [GET] /metrics Incoming request {"userAgent":"Prometheus/3.7.3"}
2025-12-01 10:45:09.407 [INFO] [API_REQUEST] [5dbdbef7-d091-4246-bbeb-17b6ccd8455c] ::ffff:127.0.0.1 [GET] /metrics Incoming Request: GET /metrics {"payload":{}}
2025-12-01 10:45:09.409 [INFO] [API_RESPONSE] [5dbdbef7-d091-4246-bbeb-17b6ccd8455c] ::ffff:127.0.0.1 [GET] /metrics 2ms 200 Response: GET /metrics 200 2ms {"payload":{}}
2025-12-01T03:45:14.408Z [INFO] [REQUEST_MIDDLEWARE] [5f06e95f-ca68-44b6-9dc0-affb224c441d] ::ffff:127.0.0.1 [GET] /metrics Incoming request {"userAgent":"Prometheus/3.7.3"}
2025-12-01 10:45:14.408 [INFO] [API_REQUEST] [5f06e95f-ca68-44b6-9dc0-affb224c441d] ::ffff:127.0.0.1 [GET] /metrics Incoming Request: GET /metrics {"payload":{}}
2025-12-01 10:45:14.409 [INFO] [API_RESPONSE] [5f06e95f-ca68-44b6-9dc0-affb224c441d] ::ffff:127.0.0.1 [GET] /metrics 1ms 200 Response: GET /metrics 200 1ms {"payload":{}}
2025-12-01T03:45:19.407Z [INFO] [REQUEST_MIDDLEWARE] [3138d7de-8db0-40a9-add1-f4e2f4249779] ::ffff:127.0.0.1 [GET] /metrics Incoming request {"userAgent":"Prometheus/3.7.3"}
2025-12-01 10:45:19.407 [INFO] [API_REQUEST] [3138d7de-8db0-40a9-add1-f4e2f4249779] ::ffff:127.0.0.1 [GET] /metrics Incoming Request: GET /metrics {"payload":{}}
2025-12-01 10:45:19.409 [INFO] [API_RESPONSE] [3138d7de-8db0-40a9-add1-f4e2f4249779] ::ffff:127.0.0.1 [GET] /metrics 2ms 200 Response: GET /metrics 200 2ms {"payload":{}}
2025-12-01T03:45:24.407Z [INFO] [REQUEST_MIDDLEWARE] [4b2a33a7-3d5c-4f36-a30a-a64c76f2ad91] ::ffff:127.0.0.1 [GET] /metrics Incoming request {"userAgent":"Prometheus/3.7.3"}
2025-12-01 10:45:24.407 [INFO] [API_REQUEST] [4b2a33a7-3d5c-4f36-a30a-a64c76f2ad91] ::ffff:127.0.0.1 [GET] /metrics Incoming Request: GET /metrics {"payload":{}}
2025-12-01 10:45:24.409 [INFO] [API_RESPONSE] [4b2a33a7-3d5c-4f36-a30a-a64c76f2ad91] ::ffff:127.0.0.1 [GET] /metrics 2ms 200 Response: GET /metrics 200 2ms {"payload":{}}
2025-12-01T03:45:29.407Z [INFO] [REQUEST_MIDDLEWARE] [903eb95f-774a-48a7-853c-4d572b5eb443] ::ffff:127.0.0.1 [GET] /metrics Incoming request {"userAgent":"Prometheus/3.7.3"}
2025-12-01 10:45:29.408 [INFO] [API_REQUEST] [903eb95f-774a-48a7-853c-4d572b5eb443] ::ffff:127.0.0.1 [GET] /metrics Incoming Request: GET /metrics {"payload":{}}
2025-12-01 10:45:29.409 [INFO] [API_RESPONSE] [903eb95f-774a-48a7-853c-4d572b5eb443] ::ffff:127.0.0.1 [GET] /metrics 1ms 200 Response: GET /metrics 200 1ms {"payload":{}}
2025-12-01T03:45:34.407Z [INFO] [REQUEST_MIDDLEWARE] [321f0213-b25e-4fee-937f-7cb76cd7c78d] ::ffff:127.0.0.1 [GET] /metrics Incoming request {"userAgent":"Prometheus/3.7.3"}
2025-12-01 10:45:34.407 [INFO] [API_REQUEST] [321f0213-b25e-4fee-937f-7cb76cd7c78d] ::ffff:127.0.0.1 [GET] /metrics Incoming Request: GET /metrics {"payload":{}}
2025-12-01 10:45:34.409 [INFO] [API_RESPONSE] [321f0213-b25e-4fee-937f-7cb76cd7c78d] ::ffff:127.0.0.1 [GET] /metrics 2ms 200 Response: GET /metrics 200 2ms {"payload":{}}
2025-12-01T03:45:39.407Z [INFO] [REQUEST_MIDDLEWARE] [d9af521d-f408-46c9-83b6-a32b88cbd08f] ::ffff:127.0.0.1 [GET] /metrics Incoming request {"userAgent":"Prometheus/3.7.3"}
2025-12-01 10:45:39.408 [INFO] [API_REQUEST] [d9af521d-f408-46c9-83b6-a32b88cbd08f] ::ffff:127.0.0.1 [GET] /metrics Incoming Request: GET /metrics {"payload":{}}
2025-12-01 10:45:39.409 [INFO] [API_RESPONSE] [d9af521d-f408-46c9-83b6-a32b88cbd08f] ::ffff:127.0.0.1 [GET] /metrics 1ms 200 Response: GET /metrics 200 1ms {"payload":{}}
2025-12-01T03:45:44.407Z [INFO] [REQUEST_MIDDLEWARE] [ba6ab114-1489-42bc-b9b2-dfd0ff5f2dba] ::ffff:127.0.0.1 [GET] /metrics Incoming request {"userAgent":"Prometheus/3.7.3"}
2025-12-01 10:45:44.407 [INFO] [API_REQUEST] [ba6ab114-1489-42bc-b9b2-dfd0ff5f2dba] ::ffff:127.0.0.1 [GET] /metrics Incoming Request: GET /metrics {"payload":{}}
2025-12-01 10:45:44.409 [INFO] [API_RESPONSE] [ba6ab114-1489-42bc-b9b2-dfd0ff5f2dba] ::ffff:127.0.0.1 [GET] /metrics 2ms 200 Response: GET /metrics 200 2ms {"payload":{}}
2025-12-01T03:45:49.407Z [INFO] [REQUEST_MIDDLEWARE] [d3dcaa59-2d22-4e39-852e-9516eb720f5a] ::ffff:127.0.0.1 [GET] /metrics Incoming request {"userAgent":"Prometheus/3.7.3"}
2025-12-01 10:45:49.408 [INFO] [API_REQUEST] [d3dcaa59-2d22-4e39-852e-9516eb720f5a] ::ffff:127.0.0.1 [GET] /metrics Incoming Request: GET /metrics {"payload":{}}
2025-12-01 10:45:49.409 [INFO] [API_RESPONSE] [d3dcaa59-2d22-4e39-852e-9516eb720f5a] ::ffff:127.0.0.1 [GET] /metrics 1ms 200 Response: GET /metrics 200 1ms {"payload":{}}
2025-12-01T03:45:54.407Z [INFO] [REQUEST_MIDDLEWARE] [f65993c8-297b-425d-b066-195365200b83] ::ffff:127.0.0.1 [GET] /metrics Incoming request {"userAgent":"Prometheus/3.7.3"}
2025-12-01 10:45:54.407 [INFO] [API_REQUEST] [f65993c8-297b-425d-b066-195365200b83] ::ffff:127.0.0.1 [GET] /metrics Incoming Request: GET /metrics {"payload":{}}
2025-12-01 10:45:54.409 [INFO] [API_RESPONSE] [f65993c8-297b-425d-b066-195365200b83] ::ffff:127.0.0.1 [GET] /metrics 2ms 200 Response: GET /metrics 200 2ms {"payload":{}}
2025-12-01T03:45:59.407Z [INFO] [REQUEST_MIDDLEWARE] [d0616a65-e161-4df1-86b8-a9c49c4a54ac] ::ffff:127.0.0.1 [GET] /metrics Incoming request {"userAgent":"Prometheus/3.7.3"}
2025-12-01 10:45:59.408 [INFO] [API_REQUEST] [d0616a65-e161-4df1-86b8-a9c49c4a54ac] ::ffff:127.0.0.1 [GET] /metrics Incoming Request: GET /metrics {"payload":{}}
2025-12-01 10:45:59.409 [INFO] [API_RESPONSE] [d0616a65-e161-4df1-86b8-a9c49c4a54ac] ::ffff:127.0.0.1 [GET] /metrics 1ms 200 Response: GET /metrics 200 1ms {"payload":{}}
2025-12-01T03:46:04.408Z [INFO] [REQUEST_MIDDLEWARE] [62f458bc-c595-47d8-a06e-7a4672dd2018] ::ffff:127.0.0.1 [GET] /metrics Incoming request {"userAgent":"Prometheus/3.7.3"}
2025-12-01 10:46:04.408 [INFO] [API_REQUEST] [62f458bc-c595-47d8-a06e-7a4672dd2018] ::ffff:127.0.0.1 [GET] /metrics Incoming Request: GET /metrics {"payload":{}}
2025-12-01 10:46:04.409 [INFO] [API_RESPONSE] [62f458bc-c595-47d8-a06e-7a4672dd2018] ::ffff:127.0.0.1 [GET] /metrics 1ms 200 Response: GET /metrics 200 1ms {"payload":{}}
2025-12-01T03:46:09.408Z [INFO] [REQUEST_MIDDLEWARE] [228ea946-71c9-446c-a924-94866baa637c] ::ffff:127.0.0.1 [GET] /metrics Incoming request {"userAgent":"Prometheus/3.7.3"}
2025-12-01 10:46:09.408 [INFO] [API_REQUEST] [228ea946-71c9-446c-a924-94866baa637c] ::ffff:127.0.0.1 [GET] /metrics Incoming Request: GET /metrics {"payload":{}}
2025-12-01 10:46:09.410 [INFO] [API_RESPONSE] [228ea946-71c9-446c-a924-94866baa637c] ::ffff:127.0.0.1 [GET] /metrics 2ms 200 Response: GET /metrics 200 2ms {"payload":{}}
2025-12-01T03:46:14.407Z [INFO] [REQUEST_MIDDLEWARE] [0606fe30-d766-4ddb-9c8c-42a039db1efc] ::ffff:127.0.0.1 [GET] /metrics Incoming request {"userAgent":"Prometheus/3.7.3"}
2025-12-01 10:46:14.408 [INFO] [API_REQUEST] [0606fe30-d766-4ddb-9c8c-42a039db1efc] ::ffff:127.0.0.1 [GET] /metrics Incoming Request: GET /metrics {"payload":{}}
2025-12-01 10:46:14.409 [INFO] [API_RESPONSE] [0606fe30-d766-4ddb-9c8c-42a039db1efc] ::ffff:127.0.0.1 [GET] /metrics 1ms 200 Response: GET /metrics 200 1ms {"payload":{}}
2025-12-01T03:46:19.407Z [INFO] [REQUEST_MIDDLEWARE] [9ce896eb-2313-4a6f-8022-e77e5b5422b8] ::ffff:127.0.0.1 [GET] /metrics Incoming request {"userAgent":"Prometheus/3.7.3"}
2025-12-01 10:46:19.407 [INFO] [API_REQUEST] [9ce896eb-2313-4a6f-8022-e77e5b5422b8] ::ffff:127.0.0.1 [GET] /metrics Incoming Request: GET /metrics {"payload":{}}
2025-12-01 10:46:19.409 [INFO] [API_RESPONSE] [9ce896eb-2313-4a6f-8022-e77e5b5422b8] ::ffff:127.0.0.1 [GET] /metrics 2ms 200 Response: GET /metrics 200 2ms {"payload":{}}
2025-12-01T03:46:24.407Z [INFO] [REQUEST_MIDDLEWARE] [51371cbc-b250-420d-919f-bbea85cad995] ::ffff:127.0.0.1 [GET] /metrics Incoming request {"userAgent":"Prometheus/3.7.3"}
2025-12-01 10:46:24.407 [INFO] [API_REQUEST] [51371cbc-b250-420d-919f-bbea85cad995] ::ffff:127.0.0.1 [GET] /metrics Incoming Request: GET /metrics {"payload":{}}
2025-12-01 10:46:24.409 [INFO] [API_RESPONSE] [51371cbc-b250-420d-919f-bbea85cad995] ::ffff:127.0.0.1 [GET] /metrics 2ms 200 Response: GET /metrics 200 2ms {"payload":{}}
2025-12-01T03:46:29.407Z [INFO] [REQUEST_MIDDLEWARE] [16b1449a-b21b-4031-bb5d-957ca32b3c50] ::ffff:127.0.0.1 [GET] /metrics Incoming request {"userAgent":"Prometheus/3.7.3"}
2025-12-01 10:46:29.407 [INFO] [API_REQUEST] [16b1449a-b21b-4031-bb5d-957ca32b3c50] ::ffff:127.0.0.1 [GET] /metrics Incoming Request: GET /metrics {"payload":{}}
2025-12-01 10:46:29.409 [INFO] [API_RESPONSE] [16b1449a-b21b-4031-bb5d-957ca32b3c50] ::ffff:127.0.0.1 [GET] /metrics 2ms 200 Response: GET /metrics 200 2ms {"payload":{}}
2025-12-01T03:46:34.410Z [INFO] [REQUEST_MIDDLEWARE] [093ba014-e143-4138-a57f-764612db08ad] ::ffff:127.0.0.1 [GET] /metrics Incoming request {"userAgent":"Prometheus/3.7.3"}
2025-12-01 10:46:34.411 [INFO] [API_REQUEST] [093ba014-e143-4138-a57f-764612db08ad] ::ffff:127.0.0.1 [GET] /metrics Incoming Request: GET /metrics {"payload":{}}
2025-12-01 10:46:34.413 [INFO] [API_RESPONSE] [093ba014-e143-4138-a57f-764612db08ad] ::ffff:127.0.0.1 [GET] /metrics 2ms 200 Response: GET /metrics 200 2ms {"payload":{}}
2025-12-01T03:46:39.407Z [INFO] [REQUEST_MIDDLEWARE] [69c1f33c-de75-4a5d-ae2c-3cb41f80477f] ::ffff:127.0.0.1 [GET] /metrics Incoming request {"userAgent":"Prometheus/3.7.3"}
2025-12-01 10:46:39.408 [INFO] [API_REQUEST] [69c1f33c-de75-4a5d-ae2c-3cb41f80477f] ::ffff:127.0.0.1 [GET] /metrics Incoming Request: GET /metrics {"payload":{}}
2025-12-01 10:46:39.409 [INFO] [API_RESPONSE] [69c1f33c-de75-4a5d-ae2c-3cb41f80477f] ::ffff:127.0.0.1 [GET] /metrics 1ms 200 Response: GET /metrics 200 1ms {"payload":{}}
2025-12-01T03:46:44.407Z [INFO] [REQUEST_MIDDLEWARE] [c5977a73-74a1-4c05-b111-3033df978464] ::ffff:127.0.0.1 [GET] /metrics Incoming request {"userAgent":"Prometheus/3.7.3"}
2025-12-01 10:46:44.407 [INFO] [API_REQUEST] [c5977a73-74a1-4c05-b111-3033df978464] ::ffff:127.0.0.1 [GET] /metrics Incoming Request: GET /metrics {"payload":{}}
2025-12-01 10:46:44.409 [INFO] [API_RESPONSE] [c5977a73-74a1-4c05-b111-3033df978464] ::ffff:127.0.0.1 [GET] /metrics 2ms 200 Response: GET /metrics 200 2ms {"payload":{}}
2025-12-01T03:46:49.408Z [INFO] [REQUEST_MIDDLEWARE] [d36f7a5d-a307-4116-906f-4f43dceea68d] ::ffff:127.0.0.1 [GET] /metrics Incoming request {"userAgent":"Prometheus/3.7.3"}
2025-12-01 10:46:49.408 [INFO] [API_REQUEST] [d36f7a5d-a307-4116-906f-4f43dceea68d] ::ffff:127.0.0.1 [GET] /metrics Incoming Request: GET /metrics {"payload":{}}
2025-12-01 10:46:49.409 [INFO] [API_RESPONSE] [d36f7a5d-a307-4116-906f-4f43dceea68d] ::ffff:127.0.0.1 [GET] /metrics 1ms 200 Response: GET /metrics 200 1ms {"payload":{}}
2025-12-01T03:46:54.409Z [INFO] [REQUEST_MIDDLEWARE] [1e5d9119-f955-4ce5-9c3f-543ce8380055] ::ffff:127.0.0.1 [GET] /metrics Incoming request {"userAgent":"Prometheus/3.7.3"}
2025-12-01 10:46:54.410 [INFO] [API_REQUEST] [1e5d9119-f955-4ce5-9c3f-543ce8380055] ::ffff:127.0.0.1 [GET] /metrics Incoming Request: GET /metrics {"payload":{}}
2025-12-01 10:46:54.415 [INFO] [API_RESPONSE] [1e5d9119-f955-4ce5-9c3f-543ce8380055] ::ffff:127.0.0.1 [GET] /metrics 5ms 200 Response: GET /metrics 200 5ms {"payload":{}}
2025-12-01T03:46:59.407Z [INFO] [REQUEST_MIDDLEWARE] [94602f42-0c37-429b-a49a-5e7c0ef29a93] ::ffff:127.0.0.1 [GET] /metrics Incoming request {"userAgent":"Prometheus/3.7.3"}
2025-12-01 10:46:59.407 [INFO] [API_REQUEST] [94602f42-0c37-429b-a49a-5e7c0ef29a93] ::ffff:127.0.0.1 [GET] /metrics Incoming Request: GET /metrics {"payload":{}}
2025-12-01 10:46:59.409 [INFO] [API_RESPONSE] [94602f42-0c37-429b-a49a-5e7c0ef29a93] ::ffff:127.0.0.1 [GET] /metrics 2ms 200 Response: GET /metrics 200 2ms {"payload":{}}
2025-12-01T03:47:04.406Z [INFO] [REQUEST_MIDDLEWARE] [36a2cfc5-2d99-4dac-a8d7-bf860ba91b40] ::ffff:127.0.0.1 [GET] /metrics Incoming request {"userAgent":"Prometheus/3.7.3"}
2025-12-01 10:47:04.407 [INFO] [API_REQUEST] [36a2cfc5-2d99-4dac-a8d7-bf860ba91b40] ::ffff:127.0.0.1 [GET] /metrics Incoming Request: GET /metrics {"payload":{}}
2025-12-01 10:47:04.408 [INFO] [API_RESPONSE] [36a2cfc5-2d99-4dac-a8d7-bf860ba91b40] ::ffff:127.0.0.1 [GET] /metrics 1ms 200 Response: GET /metrics 200 1ms {"payload":{}}
2025-12-01T03:47:09.406Z [INFO] [REQUEST_MIDDLEWARE] [cdc8a36a-f247-482e-bb55-0ebb921d53d0] ::ffff:127.0.0.1 [GET] /metrics Incoming request {"userAgent":"Prometheus/3.7.3"}
2025-12-01 10:47:09.407 [INFO] [API_REQUEST] [cdc8a36a-f247-482e-bb55-0ebb921d53d0] ::ffff:127.0.0.1 [GET] /metrics Incoming Request: GET /metrics {"payload":{}}
2025-12-01 10:47:09.408 [INFO] [API_RESPONSE] [cdc8a36a-f247-482e-bb55-0ebb921d53d0] ::ffff:127.0.0.1 [GET] /metrics 1ms 200 Response: GET /metrics 200 1ms {"payload":{}}
2025-12-01T03:47:14.406Z [INFO] [REQUEST_MIDDLEWARE] [f5ad24e9-74e6-4273-a9f8-f28e091ac5d2] ::ffff:127.0.0.1 [GET] /metrics Incoming request {"userAgent":"Prometheus/3.7.3"}
2025-12-01 10:47:14.407 [INFO] [API_REQUEST] [f5ad24e9-74e6-4273-a9f8-f28e091ac5d2] ::ffff:127.0.0.1 [GET] /metrics Incoming Request: GET /metrics {"payload":{}}
2025-12-01 10:47:14.408 [INFO] [API_RESPONSE] [f5ad24e9-74e6-4273-a9f8-f28e091ac5d2] ::ffff:127.0.0.1 [GET] /metrics 1ms 200 Response: GET /metrics 200 1ms {"payload":{}}
2025-12-01T03:47:19.408Z [INFO] [REQUEST_MIDDLEWARE] [1b2c5a45-51d4-4bb2-ab98-1bf659f7a8cf] ::ffff:127.0.0.1 [GET] /metrics Incoming request {"userAgent":"Prometheus/3.7.3"}
2025-12-01 10:47:19.408 [INFO] [API_REQUEST] [1b2c5a45-51d4-4bb2-ab98-1bf659f7a8cf] ::ffff:127.0.0.1 [GET] /metrics Incoming Request: GET /metrics {"payload":{}}
2025-12-01 10:47:19.410 [INFO] [API_RESPONSE] [1b2c5a45-51d4-4bb2-ab98-1bf659f7a8cf] ::ffff:127.0.0.1 [GET] /metrics 2ms 200 Response: GET /metrics 200 2ms {"payload":{}}
2025-12-01T03:47:24.410Z [INFO] [REQUEST_MIDDLEWARE] [b59a9419-2dee-4adc-bf9c-f2515a95af25] ::ffff:127.0.0.1 [GET] /metrics Incoming request {"userAgent":"Prometheus/3.7.3"}
2025-12-01 10:47:24.411 [INFO] [API_REQUEST] [b59a9419-2dee-4adc-bf9c-f2515a95af25] ::ffff:127.0.0.1 [GET] /metrics Incoming Request: GET /metrics {"payload":{}}
2025-12-01 10:47:24.413 [INFO] [API_RESPONSE] [b59a9419-2dee-4adc-bf9c-f2515a95af25] ::ffff:127.0.0.1 [GET] /metrics 2ms 200 Response: GET /metrics 200 2ms {"payload":{}}
2025-12-01T03:47:29.407Z [INFO] [REQUEST_MIDDLEWARE] [b081b254-b589-4f80-9a04-b38d1d3ecbad] ::ffff:127.0.0.1 [GET] /metrics Incoming request {"userAgent":"Prometheus/3.7.3"}
2025-12-01 10:47:29.408 [INFO] [API_REQUEST] [b081b254-b589-4f80-9a04-b38d1d3ecbad] ::ffff:127.0.0.1 [GET] /metrics Incoming Request: GET /metrics {"payload":{}}
2025-12-01 10:47:29.409 [INFO] [API_RESPONSE] [b081b254-b589-4f80-9a04-b38d1d3ecbad] ::ffff:127.0.0.1 [GET] /metrics 1ms 200 Response: GET /metrics 200 1ms {"payload":{}}
2025-12-01T03:47:34.408Z [INFO] [REQUEST_MIDDLEWARE] [dca4e1ed-2f42-4448-a764-b4898f37e55f] ::ffff:127.0.0.1 [GET] /metrics Incoming request {"userAgent":"Prometheus/3.7.3"}
2025-12-01 10:47:34.408 [INFO] [API_REQUEST] [dca4e1ed-2f42-4448-a764-b4898f37e55f] ::ffff:127.0.0.1 [GET] /metrics Incoming Request: GET /metrics {"payload":{}}
2025-12-01 10:47:34.410 [INFO] [API_RESPONSE] [dca4e1ed-2f42-4448-a764-b4898f37e55f] ::ffff:127.0.0.1 [GET] /metrics 2ms 200 Response: GET /metrics 200 2ms {"payload":{}}
2025-12-01T03:47:39.408Z [INFO] [REQUEST_MIDDLEWARE] [21ab1f79-772f-42ea-8e09-2989ed24fafc] ::ffff:127.0.0.1 [GET] /metrics Incoming request {"userAgent":"Prometheus/3.7.3"}
2025-12-01 10:47:39.408 [INFO] [API_REQUEST] [21ab1f79-772f-42ea-8e09-2989ed24fafc] ::ffff:127.0.0.1 [GET] /metrics Incoming Request: GET /metrics {"payload":{}}
2025-12-01 10:47:39.409 [INFO] [API_RESPONSE] [21ab1f79-772f-42ea-8e09-2989ed24fafc] ::ffff:127.0.0.1 [GET] /metrics 1ms 200 Response: GET /metrics 200 1ms {"payload":{}}
2025-12-01T03:47:44.407Z [INFO] [REQUEST_MIDDLEWARE] [195c16ec-5c25-4875-84de-c142e58ea41a] ::ffff:127.0.0.1 [GET] /metrics Incoming request {"userAgent":"Prometheus/3.7.3"}
2025-12-01 10:47:44.408 [INFO] [API_REQUEST] [195c16ec-5c25-4875-84de-c142e58ea41a] ::ffff:127.0.0.1 [GET] /metrics Incoming Request: GET /metrics {"payload":{}}
2025-12-01 10:47:44.409 [INFO] [API_RESPONSE] [195c16ec-5c25-4875-84de-c142e58ea41a] ::ffff:127.0.0.1 [GET] /metrics 2ms 200 Response: GET /metrics 200 2ms {"payload":{}}
2025-12-01T03:47:49.408Z [INFO] [REQUEST_MIDDLEWARE] [eb6c43f1-257f-4922-9739-0ae12115cee8] ::ffff:127.0.0.1 [GET] /metrics Incoming request {"userAgent":"Prometheus/3.7.3"}
2025-12-01 10:47:49.408 [INFO] [API_REQUEST] [eb6c43f1-257f-4922-9739-0ae12115cee8] ::ffff:127.0.0.1 [GET] /metrics Incoming Request: GET /metrics {"payload":{}}
2025-12-01 10:47:49.410 [INFO] [API_RESPONSE] [eb6c43f1-257f-4922-9739-0ae12115cee8] ::ffff:127.0.0.1 [GET] /metrics 2ms 200 Response: GET /metrics 200 2ms {"payload":{}}
2025-12-01T03:47:54.407Z [INFO] [REQUEST_MIDDLEWARE] [f29d516f-26df-42e9-9ebb-bb2837debeac] ::ffff:127.0.0.1 [GET] /metrics Incoming request {"userAgent":"Prometheus/3.7.3"}
2025-12-01 10:47:54.408 [INFO] [API_REQUEST] [f29d516f-26df-42e9-9ebb-bb2837debeac] ::ffff:127.0.0.1 [GET] /metrics Incoming Request: GET /metrics {"payload":{}}
2025-12-01 10:47:54.409 [INFO] [API_RESPONSE] [f29d516f-26df-42e9-9ebb-bb2837debeac] ::ffff:127.0.0.1 [GET] /metrics 1ms 200 Response: GET /metrics 200 1ms {"payload":{}}
2025-12-01T03:47:59.410Z [INFO] [REQUEST_MIDDLEWARE] [184f4964-210c-45bc-bb30-95b57973f922] ::ffff:127.0.0.1 [GET] /metrics Incoming request {"userAgent":"Prometheus/3.7.3"}
2025-12-01 10:47:59.411 [INFO] [API_REQUEST] [184f4964-210c-45bc-bb30-95b57973f922] ::ffff:127.0.0.1 [GET] /metrics Incoming Request: GET /metrics {"payload":{}}
2025-12-01 10:47:59.417 [INFO] [API_RESPONSE] [184f4964-210c-45bc-bb30-95b57973f922] ::ffff:127.0.0.1 [GET] /metrics 6ms 200 Response: GET /metrics 200 6ms {"payload":{}}
2025-12-01T03:48:04.410Z [INFO] [REQUEST_MIDDLEWARE] [fc5ed3fd-3ba0-4d0a-a3df-2ef8862d7849] ::ffff:127.0.0.1 [GET] /metrics Incoming request {"userAgent":"Prometheus/3.7.3"}
2025-12-01 10:48:04.411 [INFO] [API_REQUEST] [fc5ed3fd-3ba0-4d0a-a3df-2ef8862d7849] ::ffff:127.0.0.1 [GET] /metrics Incoming Request: GET /metrics {"payload":{}}
2025-12-01 10:48:04.412 [INFO] [API_RESPONSE] [fc5ed3fd-3ba0-4d0a-a3df-2ef8862d7849] ::ffff:127.0.0.1 [GET] /metrics 1ms 200 Response: GET /metrics 200 1ms {"payload":{}}
2025-12-01T03:48:09.407Z [INFO] [REQUEST_MIDDLEWARE] [e9621028-c6b1-44b7-9fc7-1e1dd73043c8] ::ffff:127.0.0.1 [GET] /metrics Incoming request {"userAgent":"Prometheus/3.7.3"}
2025-12-01 10:48:09.408 [INFO] [API_REQUEST] [e9621028-c6b1-44b7-9fc7-1e1dd73043c8] ::ffff:127.0.0.1 [GET] /metrics Incoming Request: GET /metrics {"payload":{}}
2025-12-01 10:48:09.409 [INFO] [API_RESPONSE] [e9621028-c6b1-44b7-9fc7-1e1dd73043c8] ::ffff:127.0.0.1 [GET] /metrics 2ms 200 Response: GET /metrics 200 2ms {"payload":{}}
2025-12-01T03:48:14.406Z [INFO] [REQUEST_MIDDLEWARE] [19a0f6c1-8968-4dc5-9966-6ecb5a4872e9] ::ffff:127.0.0.1 [GET] /metrics Incoming request {"userAgent":"Prometheus/3.7.3"}
2025-12-01 10:48:14.407 [INFO] [API_REQUEST] [19a0f6c1-8968-4dc5-9966-6ecb5a4872e9] ::ffff:127.0.0.1 [GET] /metrics Incoming Request: GET /metrics {"payload":{}}
2025-12-01 10:48:14.408 [INFO] [API_RESPONSE] [19a0f6c1-8968-4dc5-9966-6ecb5a4872e9] ::ffff:127.0.0.1 [GET] /metrics 1ms 200 Response: GET /metrics 200 1ms {"payload":{}}
2025-12-01T03:48:19.407Z [INFO] [REQUEST_MIDDLEWARE] [f007b89b-a49f-4929-bbce-ee6833011f3f] ::ffff:127.0.0.1 [GET] /metrics Incoming request {"userAgent":"Prometheus/3.7.3"}
2025-12-01 10:48:19.407 [INFO] [API_REQUEST] [f007b89b-a49f-4929-bbce-ee6833011f3f] ::ffff:127.0.0.1 [GET] /metrics Incoming Request: GET /metrics {"payload":{}}
2025-12-01 10:48:19.409 [INFO] [API_RESPONSE] [f007b89b-a49f-4929-bbce-ee6833011f3f] ::ffff:127.0.0.1 [GET] /metrics 2ms 200 Response: GET /metrics 200 2ms {"payload":{}}
2025-12-01T03:48:24.409Z [INFO] [REQUEST_MIDDLEWARE] [4e2025a7-9571-414d-b7a7-2d767b355626] ::ffff:127.0.0.1 [GET] /metrics Incoming request {"userAgent":"Prometheus/3.7.3"}
2025-12-01 10:48:24.411 [INFO] [API_REQUEST] [4e2025a7-9571-414d-b7a7-2d767b355626] ::ffff:127.0.0.1 [GET] /metrics Incoming Request: GET /metrics {"payload":{}}
2025-12-01 10:48:24.418 [INFO] [API_RESPONSE] [4e2025a7-9571-414d-b7a7-2d767b355626] ::ffff:127.0.0.1 [GET] /metrics 7ms 200 Response: GET /metrics 200 7ms {"payload":{}}
2025-12-01T03:48:29.407Z [INFO] [REQUEST_MIDDLEWARE] [38a7e4d7-36b8-43f0-97f3-504fb6eab84a] ::ffff:127.0.0.1 [GET] /metrics Incoming request {"userAgent":"Prometheus/3.7.3"}
2025-12-01 10:48:29.407 [INFO] [API_REQUEST] [38a7e4d7-36b8-43f0-97f3-504fb6eab84a] ::ffff:127.0.0.1 [GET] /metrics Incoming Request: GET /metrics {"payload":{}}
2025-12-01 10:48:29.409 [INFO] [API_RESPONSE] [38a7e4d7-36b8-43f0-97f3-504fb6eab84a] ::ffff:127.0.0.1 [GET] /metrics 2ms 200 Response: GET /metrics 200 2ms {"payload":{}}
2025-12-01T03:48:34.408Z [INFO] [REQUEST_MIDDLEWARE] [5c1d5759-f2a8-4768-8e7b-c951d891a6b3] ::ffff:127.0.0.1 [GET] /metrics Incoming request {"userAgent":"Prometheus/3.7.3"}
2025-12-01 10:48:34.408 [INFO] [API_REQUEST] [5c1d5759-f2a8-4768-8e7b-c951d891a6b3] ::ffff:127.0.0.1 [GET] /metrics Incoming Request: GET /metrics {"payload":{}}
2025-12-01 10:48:34.410 [INFO] [API_RESPONSE] [5c1d5759-f2a8-4768-8e7b-c951d891a6b3] ::ffff:127.0.0.1 [GET] /metrics 2ms 200 Response: GET /metrics 200 2ms {"payload":{}}
2025-12-01T03:48:39.407Z [INFO] [REQUEST_MIDDLEWARE] [c464ed81-9a52-4233-87c9-f324ec7488a9] ::ffff:127.0.0.1 [GET] /metrics Incoming request {"userAgent":"Prometheus/3.7.3"}
2025-12-01 10:48:39.407 [INFO] [API_REQUEST] [c464ed81-9a52-4233-87c9-f324ec7488a9] ::ffff:127.0.0.1 [GET] /metrics Incoming Request: GET /metrics {"payload":{}}
2025-12-01 10:48:39.408 [INFO] [API_RESPONSE] [c464ed81-9a52-4233-87c9-f324ec7488a9] ::ffff:127.0.0.1 [GET] /metrics 1ms 200 Response: GET /metrics 200 1ms {"payload":{}}
2025-12-01T03:48:44.407Z [INFO] [REQUEST_MIDDLEWARE] [436712e0-973d-4474-873c-508c13a7a35f] ::ffff:127.0.0.1 [GET] /metrics Incoming request {"userAgent":"Prometheus/3.7.3"}
2025-12-01 10:48:44.408 [INFO] [API_REQUEST] [436712e0-973d-4474-873c-508c13a7a35f] ::ffff:127.0.0.1 [GET] /metrics Incoming Request: GET /metrics {"payload":{}}
2025-12-01 10:48:44.409 [INFO] [API_RESPONSE] [436712e0-973d-4474-873c-508c13a7a35f] ::ffff:127.0.0.1 [GET] /metrics 1ms 200 Response: GET /metrics 200 1ms {"payload":{}}
2025-12-01T03:48:49.407Z [INFO] [REQUEST_MIDDLEWARE] [7ae6b1d6-beb3-4365-b6ed-e7e830a5a29d] ::ffff:127.0.0.1 [GET] /metrics Incoming request {"userAgent":"Prometheus/3.7.3"}
2025-12-01 10:48:49.407 [INFO] [API_REQUEST] [7ae6b1d6-beb3-4365-b6ed-e7e830a5a29d] ::ffff:127.0.0.1 [GET] /metrics Incoming Request: GET /metrics {"payload":{}}
2025-12-01 10:48:49.409 [INFO] [API_RESPONSE] [7ae6b1d6-beb3-4365-b6ed-e7e830a5a29d] ::ffff:127.0.0.1 [GET] /metrics 1ms 200 Response: GET /metrics 200 1ms {"payload":{}}
2025-12-01T03:48:54.408Z [INFO] [REQUEST_MIDDLEWARE] [9372ac1b-5f8b-4d56-9413-4faa2722529a] ::ffff:127.0.0.1 [GET] /metrics Incoming request {"userAgent":"Prometheus/3.7.3"}
2025-12-01 10:48:54.408 [INFO] [API_REQUEST] [9372ac1b-5f8b-4d56-9413-4faa2722529a] ::ffff:127.0.0.1 [GET] /metrics Incoming Request: GET /metrics {"payload":{}}
2025-12-01 10:48:54.409 [INFO] [API_RESPONSE] [9372ac1b-5f8b-4d56-9413-4faa2722529a] ::ffff:127.0.0.1 [GET] /metrics 1ms 200 Response: GET /metrics 200 1ms {"payload":{}}
2025-12-01T03:48:59.407Z [INFO] [REQUEST_MIDDLEWARE] [24df99c6-2c0c-4cbf-a4ee-2d7b69eb6bbf] ::ffff:127.0.0.1 [GET] /metrics Incoming request {"userAgent":"Prometheus/3.7.3"}
2025-12-01 10:48:59.408 [INFO] [API_REQUEST] [24df99c6-2c0c-4cbf-a4ee-2d7b69eb6bbf] ::ffff:127.0.0.1 [GET] /metrics Incoming Request: GET /metrics {"payload":{}}
2025-12-01 10:48:59.409 [INFO] [API_RESPONSE] [24df99c6-2c0c-4cbf-a4ee-2d7b69eb6bbf] ::ffff:127.0.0.1 [GET] /metrics 1ms 200 Response: GET /metrics 200 1ms {"payload":{}}
2025-12-01 10:49:01.180 [INFO] 
  Received shutdown signal, starting graceful shutdown...
2025-12-01 10:49:05.767 [INFO] Booking System Server Started
2025-12-01 10:49:05.770 [INFO] API Server: http://localhost:5000
2025-12-01 10:49:05.770 [INFO] Health Check: http://localhost:5000/health
2025-12-01 10:49:05.770 [INFO] Deep Health Check: http://localhost:5000/health/deep
2025-12-01 10:49:05.771 [INFO] Circuit Breaker Status: http://localhost:5000/health/circuits

2025-12-01 10:49:05.781 [ERROR] [REDIS] Redis error: connect ECONNREFUSED 127.0.0.1:6379
2025-12-01 10:49:05.805 [ERROR] [REDIS] Redis error: connect ECONNREFUSED 127.0.0.1:6379
2025-12-01 10:49:05.824 [INFO] Database connection established successfully. Host: localhost:3307. Database: meetingroombooking
2025-12-01 10:49:05.871 [ERROR] [REDIS] Redis error: connect ECONNREFUSED 127.0.0.1:6379
2025-12-01 10:49:05.981 [ERROR] [REDIS] Redis error: connect ECONNREFUSED 127.0.0.1:6379
2025-12-01 10:49:06.137 [ERROR] [REDIS] Redis error: connect ECONNREFUSED 127.0.0.1:6379
2025-12-01 10:49:06.338 [ERROR] [REDIS] Redis error: connect ECONNREFUSED 127.0.0.1:6379
2025-12-01 10:49:06.606 [ERROR] [REDIS] Redis error: connect ECONNREFUSED 127.0.0.1:6379
2025-12-01 10:49:06.918 [ERROR] [REDIS] Redis error: connect ECONNREFUSED 127.0.0.1:6379
2025-12-01 10:49:07.273 [ERROR] [REDIS] Redis error: connect ECONNREFUSED 127.0.0.1:6379
2025-12-01 10:49:07.676 [ERROR] [REDIS] Redis error: connect ECONNREFUSED 127.0.0.1:6379
2025-12-01 10:49:08.139 [ERROR] [REDIS] Redis error: connect ECONNREFUSED 127.0.0.1:6379
2025-12-01 10:49:08.653 [ERROR] [REDIS] Redis max retries exceeded
2025-12-01 10:49:08.654 [ERROR] [REDIS] Redis error: connect ECONNREFUSED 127.0.0.1:6379
2025-12-01 10:49:08.654 [ERROR] [REDIS] Redis connection failed: Redis max retries exceeded
2025-12-01 10:49:08.654 [WARN] [REDIS] Redis is not available. Caching will be disabled.
2025-12-01T03:49:09.412Z [INFO] [REQUEST_MIDDLEWARE] [ff6c9ff4-5bd3-47f4-8f21-c33a5ee74b57] ::ffff:127.0.0.1 [GET] /metrics Incoming request {"userAgent":"Prometheus/3.7.3"}
2025-12-01 10:49:09.413 [INFO] [API_REQUEST] [ff6c9ff4-5bd3-47f4-8f21-c33a5ee74b57] ::ffff:127.0.0.1 [GET] /metrics Incoming Request: GET /metrics {"payload":{}}
2025-12-01 10:49:09.418 [INFO] [API_RESPONSE] [ff6c9ff4-5bd3-47f4-8f21-c33a5ee74b57] ::ffff:127.0.0.1 [GET] /metrics 5ms 200 Response: GET /metrics 200 5ms {"payload":{}}
2025-12-01T03:49:14.405Z [INFO] [REQUEST_MIDDLEWARE] [08947d14-6053-4170-9bb6-74383521ce54] ::ffff:127.0.0.1 [GET] /metrics Incoming request {"userAgent":"Prometheus/3.7.3"}
2025-12-01 10:49:14.405 [INFO] [API_REQUEST] [08947d14-6053-4170-9bb6-74383521ce54] ::ffff:127.0.0.1 [GET] /metrics Incoming Request: GET /metrics {"payload":{}}
2025-12-01 10:49:14.407 [INFO] [API_RESPONSE] [08947d14-6053-4170-9bb6-74383521ce54] ::ffff:127.0.0.1 [GET] /metrics 2ms 200 Response: GET /metrics 200 2ms {"payload":{}}
2025-12-01T03:49:19.407Z [INFO] [REQUEST_MIDDLEWARE] [fc22681e-6abf-4b08-a7b8-926c0426e691] ::ffff:127.0.0.1 [GET] /metrics Incoming request {"userAgent":"Prometheus/3.7.3"}
2025-12-01 10:49:19.407 [INFO] [API_REQUEST] [fc22681e-6abf-4b08-a7b8-926c0426e691] ::ffff:127.0.0.1 [GET] /metrics Incoming Request: GET /metrics {"payload":{}}
2025-12-01 10:49:19.409 [INFO] [API_RESPONSE] [fc22681e-6abf-4b08-a7b8-926c0426e691] ::ffff:127.0.0.1 [GET] /metrics 2ms 200 Response: GET /metrics 200 2ms {"payload":{}}
2025-12-01T03:49:24.406Z [INFO] [REQUEST_MIDDLEWARE] [16dda780-b8a6-4c52-b0f7-96414aa3a393] ::ffff:127.0.0.1 [GET] /metrics Incoming request {"userAgent":"Prometheus/3.7.3"}
2025-12-01 10:49:24.407 [INFO] [API_REQUEST] [16dda780-b8a6-4c52-b0f7-96414aa3a393] ::ffff:127.0.0.1 [GET] /metrics Incoming Request: GET /metrics {"payload":{}}
2025-12-01 10:49:24.409 [INFO] [API_RESPONSE] [16dda780-b8a6-4c52-b0f7-96414aa3a393] ::ffff:127.0.0.1 [GET] /metrics 2ms 200 Response: GET /metrics 200 2ms {"payload":{}}
2025-12-01T03:49:27.532Z [INFO] [REQUEST_MIDDLEWARE] [a130f25c-92cc-4ecb-8f10-319188d6bac8] ::1 [POST] /api/auth/login Incoming request {"userAgent":"Mozilla/5.0 (Windows NT 10.0; Win64; x64) AppleWebKit/537.36 (KHTML, like Gecko) Chrome/142.0.0.0 Safari/537.36 Edg/142.0.0.0"}
2025-12-01 10:49:27.533 [INFO] [API_REQUEST] [a130f25c-92cc-4ecb-8f10-319188d6bac8] ::1 [POST] /api/auth/login Incoming Request: POST /api/auth/login {"payload":{}}
2025-12-01 10:49:27.534 [WARN] [REDIS] GET failed for key "ratelimit:email:39874b10b1a7e0a2f9a35beefb05dbd2ebbf39351b18e2881ec146a82b0eaba1": The client is closed
2025-12-01 10:49:27.535 [WARN] [REDIS] SET failed for key "ratelimit:email:39874b10b1a7e0a2f9a35beefb05dbd2ebbf39351b18e2881ec146a82b0eaba1": The client is closed
2025-12-01 10:49:27.556 [INFO] [API_RESPONSE] [a130f25c-92cc-4ecb-8f10-319188d6bac8] ::1 [POST] /api/auth/login 23ms 200 Response: POST /api/auth/login 200 23ms {"payload":{}}
2025-12-01T03:49:29.406Z [INFO] [REQUEST_MIDDLEWARE] [d20144fa-cd9b-4f78-9be6-7bba555f1219] ::ffff:127.0.0.1 [GET] /metrics Incoming request {"userAgent":"Prometheus/3.7.3"}
2025-12-01 10:49:29.407 [INFO] [API_REQUEST] [d20144fa-cd9b-4f78-9be6-7bba555f1219] ::ffff:127.0.0.1 [GET] /metrics Incoming Request: GET /metrics {"payload":{}}
2025-12-01 10:49:29.409 [INFO] [API_RESPONSE] [d20144fa-cd9b-4f78-9be6-7bba555f1219] ::ffff:127.0.0.1 [GET] /metrics 2ms 200 Response: GET /metrics 200 2ms {"payload":{}}
2025-12-01T03:49:34.407Z [INFO] [REQUEST_MIDDLEWARE] [4612ca34-ccb4-4426-9c5b-97548f172fc1] ::ffff:127.0.0.1 [GET] /metrics Incoming request {"userAgent":"Prometheus/3.7.3"}
2025-12-01 10:49:34.407 [INFO] [API_REQUEST] [4612ca34-ccb4-4426-9c5b-97548f172fc1] ::ffff:127.0.0.1 [GET] /metrics Incoming Request: GET /metrics {"payload":{}}
2025-12-01 10:49:34.409 [INFO] [API_RESPONSE] [4612ca34-ccb4-4426-9c5b-97548f172fc1] ::ffff:127.0.0.1 [GET] /metrics 2ms 200 Response: GET /metrics 200 2ms {"payload":{}}
2025-12-01T03:49:39.406Z [INFO] [REQUEST_MIDDLEWARE] [c62f705a-8b83-46f5-ac6c-8030d0defbe7] ::ffff:127.0.0.1 [GET] /metrics Incoming request {"userAgent":"Prometheus/3.7.3"}
2025-12-01 10:49:39.407 [INFO] [API_REQUEST] [c62f705a-8b83-46f5-ac6c-8030d0defbe7] ::ffff:127.0.0.1 [GET] /metrics Incoming Request: GET /metrics {"payload":{}}
2025-12-01 10:49:39.408 [INFO] [API_RESPONSE] [c62f705a-8b83-46f5-ac6c-8030d0defbe7] ::ffff:127.0.0.1 [GET] /metrics 1ms 200 Response: GET /metrics 200 1ms {"payload":{}}
2025-12-01T03:49:44.407Z [INFO] [REQUEST_MIDDLEWARE] [5f89cb7c-f11a-4bfa-95b4-dbfc4713117c] ::ffff:127.0.0.1 [GET] /metrics Incoming request {"userAgent":"Prometheus/3.7.3"}
2025-12-01 10:49:44.408 [INFO] [API_REQUEST] [5f89cb7c-f11a-4bfa-95b4-dbfc4713117c] ::ffff:127.0.0.1 [GET] /metrics Incoming Request: GET /metrics {"payload":{}}
2025-12-01 10:49:44.411 [INFO] [API_RESPONSE] [5f89cb7c-f11a-4bfa-95b4-dbfc4713117c] ::ffff:127.0.0.1 [GET] /metrics 3ms 200 Response: GET /metrics 200 3ms {"payload":{}}
2025-12-01T03:49:49.407Z [INFO] [REQUEST_MIDDLEWARE] [0e3f3fd3-cb26-4600-ade4-2688e85cfc77] ::ffff:127.0.0.1 [GET] /metrics Incoming request {"userAgent":"Prometheus/3.7.3"}
2025-12-01 10:49:49.407 [INFO] [API_REQUEST] [0e3f3fd3-cb26-4600-ade4-2688e85cfc77] ::ffff:127.0.0.1 [GET] /metrics Incoming Request: GET /metrics {"payload":{}}
2025-12-01 10:49:49.409 [INFO] [API_RESPONSE] [0e3f3fd3-cb26-4600-ade4-2688e85cfc77] ::ffff:127.0.0.1 [GET] /metrics 2ms 200 Response: GET /metrics 200 2ms {"payload":{}}
2025-12-01T03:49:54.406Z [INFO] [REQUEST_MIDDLEWARE] [2caa6f4f-d4a4-4481-bc96-e71b0ae4af1b] ::ffff:127.0.0.1 [GET] /metrics Incoming request {"userAgent":"Prometheus/3.7.3"}
2025-12-01 10:49:54.406 [INFO] [API_REQUEST] [2caa6f4f-d4a4-4481-bc96-e71b0ae4af1b] ::ffff:127.0.0.1 [GET] /metrics Incoming Request: GET /metrics {"payload":{}}
2025-12-01 10:49:54.408 [INFO] [API_RESPONSE] [2caa6f4f-d4a4-4481-bc96-e71b0ae4af1b] ::ffff:127.0.0.1 [GET] /metrics 2ms 200 Response: GET /metrics 200 2ms {"payload":{}}
2025-12-01T03:49:59.406Z [INFO] [REQUEST_MIDDLEWARE] [7a84ec20-05d7-4a21-a399-5abf654befa4] ::ffff:127.0.0.1 [GET] /metrics Incoming request {"userAgent":"Prometheus/3.7.3"}
2025-12-01 10:49:59.407 [INFO] [API_REQUEST] [7a84ec20-05d7-4a21-a399-5abf654befa4] ::ffff:127.0.0.1 [GET] /metrics Incoming Request: GET /metrics {"payload":{}}
2025-12-01 10:49:59.408 [INFO] [API_RESPONSE] [7a84ec20-05d7-4a21-a399-5abf654befa4] ::ffff:127.0.0.1 [GET] /metrics 1ms 200 Response: GET /metrics 200 1ms {"payload":{}}
2025-12-01T03:50:04.406Z [INFO] [REQUEST_MIDDLEWARE] [91f2ad25-42a7-4640-a067-d65de47d52b0] ::ffff:127.0.0.1 [GET] /metrics Incoming request {"userAgent":"Prometheus/3.7.3"}
2025-12-01 10:50:04.407 [INFO] [API_REQUEST] [91f2ad25-42a7-4640-a067-d65de47d52b0] ::ffff:127.0.0.1 [GET] /metrics Incoming Request: GET /metrics {"payload":{}}
2025-12-01 10:50:04.408 [INFO] [API_RESPONSE] [91f2ad25-42a7-4640-a067-d65de47d52b0] ::ffff:127.0.0.1 [GET] /metrics 1ms 200 Response: GET /metrics 200 1ms {"payload":{}}
2025-12-01T03:50:09.405Z [INFO] [REQUEST_MIDDLEWARE] [63c71bc0-0398-4b3d-bc1b-bd4ac8f67c5c] ::ffff:127.0.0.1 [GET] /metrics Incoming request {"userAgent":"Prometheus/3.7.3"}
2025-12-01 10:50:09.406 [INFO] [API_REQUEST] [63c71bc0-0398-4b3d-bc1b-bd4ac8f67c5c] ::ffff:127.0.0.1 [GET] /metrics Incoming Request: GET /metrics {"payload":{}}
2025-12-01 10:50:09.407 [INFO] [API_RESPONSE] [63c71bc0-0398-4b3d-bc1b-bd4ac8f67c5c] ::ffff:127.0.0.1 [GET] /metrics 1ms 200 Response: GET /metrics 200 1ms {"payload":{}}
2025-12-01T03:50:14.404Z [INFO] [REQUEST_MIDDLEWARE] [59ea3713-0020-4dd9-9f8b-cd640d977fbb] ::ffff:127.0.0.1 [GET] /metrics Incoming request {"userAgent":"Prometheus/3.7.3"}
2025-12-01 10:50:14.405 [INFO] [API_REQUEST] [59ea3713-0020-4dd9-9f8b-cd640d977fbb] ::ffff:127.0.0.1 [GET] /metrics Incoming Request: GET /metrics {"payload":{}}
2025-12-01 10:50:14.406 [INFO] [API_RESPONSE] [59ea3713-0020-4dd9-9f8b-cd640d977fbb] ::ffff:127.0.0.1 [GET] /metrics 1ms 200 Response: GET /metrics 200 1ms {"payload":{}}
2025-12-01T03:50:19.408Z [INFO] [REQUEST_MIDDLEWARE] [110c41f1-eff0-439d-a585-adfa251fdb28] ::ffff:127.0.0.1 [GET] /metrics Incoming request {"userAgent":"Prometheus/3.7.3"}
2025-12-01 10:50:19.409 [INFO] [API_REQUEST] [110c41f1-eff0-439d-a585-adfa251fdb28] ::ffff:127.0.0.1 [GET] /metrics Incoming Request: GET /metrics {"payload":{}}
2025-12-01 10:50:19.416 [INFO] [API_RESPONSE] [110c41f1-eff0-439d-a585-adfa251fdb28] ::ffff:127.0.0.1 [GET] /metrics 7ms 200 Response: GET /metrics 200 7ms {"payload":{}}
2025-12-01T03:50:24.404Z [INFO] [REQUEST_MIDDLEWARE] [b57cb00e-1eb4-48e3-b282-ef8176e9b23e] ::ffff:127.0.0.1 [GET] /metrics Incoming request {"userAgent":"Prometheus/3.7.3"}
2025-12-01 10:50:24.405 [INFO] [API_REQUEST] [b57cb00e-1eb4-48e3-b282-ef8176e9b23e] ::ffff:127.0.0.1 [GET] /metrics Incoming Request: GET /metrics {"payload":{}}
2025-12-01 10:50:24.406 [INFO] [API_RESPONSE] [b57cb00e-1eb4-48e3-b282-ef8176e9b23e] ::ffff:127.0.0.1 [GET] /metrics 1ms 200 Response: GET /metrics 200 1ms {"payload":{}}
2025-12-01T03:50:29.404Z [INFO] [REQUEST_MIDDLEWARE] [520f2069-fb12-4e51-b514-ef7e88fde6c8] ::ffff:127.0.0.1 [GET] /metrics Incoming request {"userAgent":"Prometheus/3.7.3"}
2025-12-01 10:50:29.404 [INFO] [API_REQUEST] [520f2069-fb12-4e51-b514-ef7e88fde6c8] ::ffff:127.0.0.1 [GET] /metrics Incoming Request: GET /metrics {"payload":{}}
2025-12-01 10:50:29.407 [INFO] [API_RESPONSE] [520f2069-fb12-4e51-b514-ef7e88fde6c8] ::ffff:127.0.0.1 [GET] /metrics 3ms 200 Response: GET /metrics 200 3ms {"payload":{}}
2025-12-01T03:50:34.405Z [INFO] [REQUEST_MIDDLEWARE] [50c1e27e-1c73-469a-86a9-27d7dd6c8da2] ::ffff:127.0.0.1 [GET] /metrics Incoming request {"userAgent":"Prometheus/3.7.3"}
2025-12-01 10:50:34.405 [INFO] [API_REQUEST] [50c1e27e-1c73-469a-86a9-27d7dd6c8da2] ::ffff:127.0.0.1 [GET] /metrics Incoming Request: GET /metrics {"payload":{}}
2025-12-01 10:50:34.406 [INFO] [API_RESPONSE] [50c1e27e-1c73-469a-86a9-27d7dd6c8da2] ::ffff:127.0.0.1 [GET] /metrics 1ms 200 Response: GET /metrics 200 1ms {"payload":{}}
2025-12-01T03:50:39.405Z [INFO] [REQUEST_MIDDLEWARE] [debaa1bd-63d1-462c-96f5-a5cba007d1db] ::ffff:127.0.0.1 [GET] /metrics Incoming request {"userAgent":"Prometheus/3.7.3"}
2025-12-01 10:50:39.405 [INFO] [API_REQUEST] [debaa1bd-63d1-462c-96f5-a5cba007d1db] ::ffff:127.0.0.1 [GET] /metrics Incoming Request: GET /metrics {"payload":{}}
2025-12-01 10:50:39.407 [INFO] [API_RESPONSE] [debaa1bd-63d1-462c-96f5-a5cba007d1db] ::ffff:127.0.0.1 [GET] /metrics 1ms 200 Response: GET /metrics 200 1ms {"payload":{}}
2025-12-01T03:50:44.405Z [INFO] [REQUEST_MIDDLEWARE] [1d6e5c3a-0c47-45c8-932e-2661d5a35ca2] ::ffff:127.0.0.1 [GET] /metrics Incoming request {"userAgent":"Prometheus/3.7.3"}
2025-12-01 10:50:44.405 [INFO] [API_REQUEST] [1d6e5c3a-0c47-45c8-932e-2661d5a35ca2] ::ffff:127.0.0.1 [GET] /metrics Incoming Request: GET /metrics {"payload":{}}
2025-12-01 10:50:44.407 [INFO] [API_RESPONSE] [1d6e5c3a-0c47-45c8-932e-2661d5a35ca2] ::ffff:127.0.0.1 [GET] /metrics 2ms 200 Response: GET /metrics 200 2ms {"payload":{}}
2025-12-01T03:50:49.405Z [INFO] [REQUEST_MIDDLEWARE] [34316965-90bf-426f-8228-213ffb078467] ::ffff:127.0.0.1 [GET] /metrics Incoming request {"userAgent":"Prometheus/3.7.3"}
2025-12-01 10:50:49.405 [INFO] [API_REQUEST] [34316965-90bf-426f-8228-213ffb078467] ::ffff:127.0.0.1 [GET] /metrics Incoming Request: GET /metrics {"payload":{}}
2025-12-01 10:50:49.406 [INFO] [API_RESPONSE] [34316965-90bf-426f-8228-213ffb078467] ::ffff:127.0.0.1 [GET] /metrics 1ms 200 Response: GET /metrics 200 1ms {"payload":{}}
2025-12-01T03:50:50.854Z [INFO] [REQUEST_MIDDLEWARE] [6671849e-84e7-476e-ad75-b460300832f2] ::1 [GET] /api/rooms Incoming request {"userAgent":"Mozilla/5.0 (Windows NT 10.0; Win64; x64) AppleWebKit/537.36 (KHTML, like Gecko) Chrome/142.0.0.0 Safari/537.36 Edg/142.0.0.0"}
2025-12-01 10:50:50.854 [INFO] [API_REQUEST] [6671849e-84e7-476e-ad75-b460300832f2] ::1 [GET] /api/rooms Incoming Request: GET /api/rooms {"payload":{}}
2025-12-01 10:50:50.855 [WARN] [REDIS] GET failed for key "ratelimit:ip:::1": The client is closed
2025-12-01 10:50:50.855 [WARN] [REDIS] SET failed for key "ratelimit:ip:::1": The client is closed
2025-12-01 10:50:50.858 [WARN] [REDIS] GET failed for key "room:page:NaN": The client is closed
2025-12-01 10:50:50.859 [INFO] [API_RESPONSE] [6671849e-84e7-476e-ad75-b460300832f2] ::1 [GET] /api/rooms 5ms 200 Response: GET /api/rooms 200 5ms {"payload":{}}
2025-12-01T03:50:53.319Z [INFO] [REQUEST_MIDDLEWARE] [205b5315-11b3-4c47-9067-40e8eae7a951] ::1 [GET] /api/rooms Incoming request {"userAgent":"Mozilla/5.0 (Windows NT 10.0; Win64; x64) AppleWebKit/537.36 (KHTML, like Gecko) Chrome/142.0.0.0 Safari/537.36 Edg/142.0.0.0"}
2025-12-01 10:50:53.320 [INFO] [API_REQUEST] [205b5315-11b3-4c47-9067-40e8eae7a951] ::1 [GET] /api/rooms Incoming Request: GET /api/rooms {"payload":{}}
2025-12-01 10:50:53.320 [WARN] [REDIS] GET failed for key "ratelimit:ip:::1": The client is closed
2025-12-01 10:50:53.321 [ERROR] [CIRCUIT_BREAKER] Redis circuit opened. Entering graceful degradation mode.
2025-12-01 10:50:53.321 [WARN] [REDIS] SET failed for key "ratelimit:ip:::1": The client is closed
2025-12-01 10:50:53.323 [INFO] [API_RESPONSE] [205b5315-11b3-4c47-9067-40e8eae7a951] ::1 [GET] /api/rooms 3ms 200 Response: GET /api/rooms 200 3ms {"payload":{}}
2025-12-01T03:50:54.405Z [INFO] [REQUEST_MIDDLEWARE] [2f5ce302-9e96-4a38-a9af-a4b86ecb1b1f] ::ffff:127.0.0.1 [GET] /metrics Incoming request {"userAgent":"Prometheus/3.7.3"}
2025-12-01 10:50:54.405 [INFO] [API_REQUEST] [2f5ce302-9e96-4a38-a9af-a4b86ecb1b1f] ::ffff:127.0.0.1 [GET] /metrics Incoming Request: GET /metrics {"payload":{}}
2025-12-01 10:50:54.407 [INFO] [API_RESPONSE] [2f5ce302-9e96-4a38-a9af-a4b86ecb1b1f] ::ffff:127.0.0.1 [GET] /metrics 2ms 200 Response: GET /metrics 200 2ms {"payload":{}}
2025-12-01 10:50:56.326 [INFO] [CIRCUIT_BREAKER] Redis circuit half-open. Testing recovery...
2025-12-01T03:50:59.405Z [INFO] [REQUEST_MIDDLEWARE] [6e7b0a9c-fe98-4bd1-a8f3-60d960ab6202] ::ffff:127.0.0.1 [GET] /metrics Incoming request {"userAgent":"Prometheus/3.7.3"}
2025-12-01 10:50:59.405 [INFO] [API_REQUEST] [6e7b0a9c-fe98-4bd1-a8f3-60d960ab6202] ::ffff:127.0.0.1 [GET] /metrics Incoming Request: GET /metrics {"payload":{}}
2025-12-01 10:50:59.407 [INFO] [API_RESPONSE] [6e7b0a9c-fe98-4bd1-a8f3-60d960ab6202] ::ffff:127.0.0.1 [GET] /metrics 2ms 200 Response: GET /metrics 200 2ms {"payload":{}}
2025-12-01T03:51:04.405Z [INFO] [REQUEST_MIDDLEWARE] [4af0fe08-c2b3-4027-829d-e1f0b7f3c7b1] ::ffff:127.0.0.1 [GET] /metrics Incoming request {"userAgent":"Prometheus/3.7.3"}
2025-12-01 10:51:04.405 [INFO] [API_REQUEST] [4af0fe08-c2b3-4027-829d-e1f0b7f3c7b1] ::ffff:127.0.0.1 [GET] /metrics Incoming Request: GET /metrics {"payload":{}}
2025-12-01 10:51:04.407 [INFO] [API_RESPONSE] [4af0fe08-c2b3-4027-829d-e1f0b7f3c7b1] ::ffff:127.0.0.1 [GET] /metrics 2ms 200 Response: GET /metrics 200 2ms {"payload":{}}
2025-12-01T03:51:09.404Z [INFO] [REQUEST_MIDDLEWARE] [8a619559-d678-40c4-acd6-6fe46accb7a6] ::ffff:127.0.0.1 [GET] /metrics Incoming request {"userAgent":"Prometheus/3.7.3"}
2025-12-01 10:51:09.405 [INFO] [API_REQUEST] [8a619559-d678-40c4-acd6-6fe46accb7a6] ::ffff:127.0.0.1 [GET] /metrics Incoming Request: GET /metrics {"payload":{}}
2025-12-01 10:51:09.409 [INFO] [API_RESPONSE] [8a619559-d678-40c4-acd6-6fe46accb7a6] ::ffff:127.0.0.1 [GET] /metrics 4ms 200 Response: GET /metrics 200 4ms {"payload":{}}
2025-12-01T03:51:14.408Z [INFO] [REQUEST_MIDDLEWARE] [b3cd1679-33fb-4e54-97bd-1c5277020167] ::ffff:127.0.0.1 [GET] /metrics Incoming request {"userAgent":"Prometheus/3.7.3"}
2025-12-01 10:51:14.408 [INFO] [API_REQUEST] [b3cd1679-33fb-4e54-97bd-1c5277020167] ::ffff:127.0.0.1 [GET] /metrics Incoming Request: GET /metrics {"payload":{}}
2025-12-01 10:51:14.409 [INFO] [API_RESPONSE] [b3cd1679-33fb-4e54-97bd-1c5277020167] ::ffff:127.0.0.1 [GET] /metrics 1ms 200 Response: GET /metrics 200 1ms {"payload":{}}
2025-12-01T03:51:19.407Z [INFO] [REQUEST_MIDDLEWARE] [fafefc7a-b2f9-4666-95b7-00aee63da931] ::ffff:127.0.0.1 [GET] /metrics Incoming request {"userAgent":"Prometheus/3.7.3"}
2025-12-01 10:51:19.407 [INFO] [API_REQUEST] [fafefc7a-b2f9-4666-95b7-00aee63da931] ::ffff:127.0.0.1 [GET] /metrics Incoming Request: GET /metrics {"payload":{}}
2025-12-01 10:51:19.409 [INFO] [API_RESPONSE] [fafefc7a-b2f9-4666-95b7-00aee63da931] ::ffff:127.0.0.1 [GET] /metrics 2ms 200 Response: GET /metrics 200 2ms {"payload":{}}
2025-12-01T03:51:24.406Z [INFO] [REQUEST_MIDDLEWARE] [571130a7-3366-40e0-9fc6-042a9971a83e] ::ffff:127.0.0.1 [GET] /metrics Incoming request {"userAgent":"Prometheus/3.7.3"}
2025-12-01 10:51:24.407 [INFO] [API_REQUEST] [571130a7-3366-40e0-9fc6-042a9971a83e] ::ffff:127.0.0.1 [GET] /metrics Incoming Request: GET /metrics {"payload":{}}
2025-12-01 10:51:24.408 [INFO] [API_RESPONSE] [571130a7-3366-40e0-9fc6-042a9971a83e] ::ffff:127.0.0.1 [GET] /metrics 1ms 200 Response: GET /metrics 200 1ms {"payload":{}}
2025-12-01T03:51:29.407Z [INFO] [REQUEST_MIDDLEWARE] [08e481b1-aaff-4d1e-ad2e-7145baa17ce9] ::ffff:127.0.0.1 [GET] /metrics Incoming request {"userAgent":"Prometheus/3.7.3"}
2025-12-01 10:51:29.407 [INFO] [API_REQUEST] [08e481b1-aaff-4d1e-ad2e-7145baa17ce9] ::ffff:127.0.0.1 [GET] /metrics Incoming Request: GET /metrics {"payload":{}}
2025-12-01 10:51:29.409 [INFO] [API_RESPONSE] [08e481b1-aaff-4d1e-ad2e-7145baa17ce9] ::ffff:127.0.0.1 [GET] /metrics 2ms 200 Response: GET /metrics 200 2ms {"payload":{}}
2025-12-01T03:51:34.408Z [INFO] [REQUEST_MIDDLEWARE] [b26687c1-2b95-4469-9ccf-19c0770bb997] ::ffff:127.0.0.1 [GET] /metrics Incoming request {"userAgent":"Prometheus/3.7.3"}
2025-12-01 10:51:34.408 [INFO] [API_REQUEST] [b26687c1-2b95-4469-9ccf-19c0770bb997] ::ffff:127.0.0.1 [GET] /metrics Incoming Request: GET /metrics {"payload":{}}
2025-12-01 10:51:34.410 [INFO] [API_RESPONSE] [b26687c1-2b95-4469-9ccf-19c0770bb997] ::ffff:127.0.0.1 [GET] /metrics 2ms 200 Response: GET /metrics 200 2ms {"payload":{}}
2025-12-01T03:51:39.406Z [INFO] [REQUEST_MIDDLEWARE] [48308e9e-d40d-4190-a4d8-eb590131543f] ::ffff:127.0.0.1 [GET] /metrics Incoming request {"userAgent":"Prometheus/3.7.3"}
2025-12-01 10:51:39.406 [INFO] [API_REQUEST] [48308e9e-d40d-4190-a4d8-eb590131543f] ::ffff:127.0.0.1 [GET] /metrics Incoming Request: GET /metrics {"payload":{}}
2025-12-01 10:51:39.408 [INFO] [API_RESPONSE] [48308e9e-d40d-4190-a4d8-eb590131543f] ::ffff:127.0.0.1 [GET] /metrics 2ms 200 Response: GET /metrics 200 2ms {"payload":{}}
2025-12-01T03:51:44.408Z [INFO] [REQUEST_MIDDLEWARE] [b89c1465-484c-4cfc-b280-641d036b4405] ::ffff:127.0.0.1 [GET] /metrics Incoming request {"userAgent":"Prometheus/3.7.3"}
2025-12-01 10:51:44.408 [INFO] [API_REQUEST] [b89c1465-484c-4cfc-b280-641d036b4405] ::ffff:127.0.0.1 [GET] /metrics Incoming Request: GET /metrics {"payload":{}}
2025-12-01 10:51:44.410 [INFO] [API_RESPONSE] [b89c1465-484c-4cfc-b280-641d036b4405] ::ffff:127.0.0.1 [GET] /metrics 2ms 200 Response: GET /metrics 200 2ms {"payload":{}}
2025-12-01T03:51:49.407Z [INFO] [REQUEST_MIDDLEWARE] [4aead344-5201-4002-888b-577b1883f8e7] ::ffff:127.0.0.1 [GET] /metrics Incoming request {"userAgent":"Prometheus/3.7.3"}
2025-12-01 10:51:49.408 [INFO] [API_REQUEST] [4aead344-5201-4002-888b-577b1883f8e7] ::ffff:127.0.0.1 [GET] /metrics Incoming Request: GET /metrics {"payload":{}}
2025-12-01 10:51:49.409 [INFO] [API_RESPONSE] [4aead344-5201-4002-888b-577b1883f8e7] ::ffff:127.0.0.1 [GET] /metrics 1ms 200 Response: GET /metrics 200 1ms {"payload":{}}
2025-12-01T03:51:54.406Z [INFO] [REQUEST_MIDDLEWARE] [6729eca7-f825-48c3-8766-21c14234668e] ::ffff:127.0.0.1 [GET] /metrics Incoming request {"userAgent":"Prometheus/3.7.3"}
2025-12-01 10:51:54.407 [INFO] [API_REQUEST] [6729eca7-f825-48c3-8766-21c14234668e] ::ffff:127.0.0.1 [GET] /metrics Incoming Request: GET /metrics {"payload":{}}
2025-12-01 10:51:54.408 [INFO] [API_RESPONSE] [6729eca7-f825-48c3-8766-21c14234668e] ::ffff:127.0.0.1 [GET] /metrics 1ms 200 Response: GET /metrics 200 1ms {"payload":{}}
2025-12-01T03:51:59.407Z [INFO] [REQUEST_MIDDLEWARE] [415c8218-ecfc-4532-bf24-5b1131877fca] ::ffff:127.0.0.1 [GET] /metrics Incoming request {"userAgent":"Prometheus/3.7.3"}
2025-12-01 10:51:59.408 [INFO] [API_REQUEST] [415c8218-ecfc-4532-bf24-5b1131877fca] ::ffff:127.0.0.1 [GET] /metrics Incoming Request: GET /metrics {"payload":{}}
2025-12-01 10:51:59.409 [INFO] [API_RESPONSE] [415c8218-ecfc-4532-bf24-5b1131877fca] ::ffff:127.0.0.1 [GET] /metrics 1ms 200 Response: GET /metrics 200 1ms {"payload":{}}
2025-12-01T03:52:04.407Z [INFO] [REQUEST_MIDDLEWARE] [9ef4ee3b-7afd-4e8c-951e-15d9132582fd] ::ffff:127.0.0.1 [GET] /metrics Incoming request {"userAgent":"Prometheus/3.7.3"}
2025-12-01 10:52:04.407 [INFO] [API_REQUEST] [9ef4ee3b-7afd-4e8c-951e-15d9132582fd] ::ffff:127.0.0.1 [GET] /metrics Incoming Request: GET /metrics {"payload":{}}
2025-12-01 10:52:04.409 [INFO] [API_RESPONSE] [9ef4ee3b-7afd-4e8c-951e-15d9132582fd] ::ffff:127.0.0.1 [GET] /metrics 2ms 200 Response: GET /metrics 200 2ms {"payload":{}}
2025-12-01T03:52:09.406Z [INFO] [REQUEST_MIDDLEWARE] [d88c040f-673f-42a1-bd7f-0ab5767d47c4] ::ffff:127.0.0.1 [GET] /metrics Incoming request {"userAgent":"Prometheus/3.7.3"}
2025-12-01 10:52:09.407 [INFO] [API_REQUEST] [d88c040f-673f-42a1-bd7f-0ab5767d47c4] ::ffff:127.0.0.1 [GET] /metrics Incoming Request: GET /metrics {"payload":{}}
2025-12-01 10:52:09.408 [INFO] [API_RESPONSE] [d88c040f-673f-42a1-bd7f-0ab5767d47c4] ::ffff:127.0.0.1 [GET] /metrics 1ms 200 Response: GET /metrics 200 1ms {"payload":{}}
2025-12-01T03:52:14.408Z [INFO] [REQUEST_MIDDLEWARE] [c8ca1c52-ccfe-4932-82c0-107ebf2ac1fd] ::ffff:127.0.0.1 [GET] /metrics Incoming request {"userAgent":"Prometheus/3.7.3"}
2025-12-01 10:52:14.408 [INFO] [API_REQUEST] [c8ca1c52-ccfe-4932-82c0-107ebf2ac1fd] ::ffff:127.0.0.1 [GET] /metrics Incoming Request: GET /metrics {"payload":{}}
2025-12-01 10:52:14.410 [INFO] [API_RESPONSE] [c8ca1c52-ccfe-4932-82c0-107ebf2ac1fd] ::ffff:127.0.0.1 [GET] /metrics 2ms 200 Response: GET /metrics 200 2ms {"payload":{}}
2025-12-01T03:52:19.410Z [INFO] [REQUEST_MIDDLEWARE] [468ba091-8462-4674-bf51-60de2a53e940] ::ffff:127.0.0.1 [GET] /metrics Incoming request {"userAgent":"Prometheus/3.7.3"}
2025-12-01 10:52:19.411 [INFO] [API_REQUEST] [468ba091-8462-4674-bf51-60de2a53e940] ::ffff:127.0.0.1 [GET] /metrics Incoming Request: GET /metrics {"payload":{}}
2025-12-01 10:52:19.416 [INFO] [API_RESPONSE] [468ba091-8462-4674-bf51-60de2a53e940] ::ffff:127.0.0.1 [GET] /metrics 5ms 200 Response: GET /metrics 200 5ms {"payload":{}}
2025-12-01T03:52:24.407Z [INFO] [REQUEST_MIDDLEWARE] [da7a1b7a-e1f4-4e1d-ba6a-87aadd8a3459] ::ffff:127.0.0.1 [GET] /metrics Incoming request {"userAgent":"Prometheus/3.7.3"}
2025-12-01 10:52:24.407 [INFO] [API_REQUEST] [da7a1b7a-e1f4-4e1d-ba6a-87aadd8a3459] ::ffff:127.0.0.1 [GET] /metrics Incoming Request: GET /metrics {"payload":{}}
2025-12-01 10:52:24.409 [INFO] [API_RESPONSE] [da7a1b7a-e1f4-4e1d-ba6a-87aadd8a3459] ::ffff:127.0.0.1 [GET] /metrics 2ms 200 Response: GET /metrics 200 2ms {"payload":{}}
2025-12-01T03:52:29.408Z [INFO] [REQUEST_MIDDLEWARE] [04346ade-055c-4df5-bbbd-4e9e464ab2d4] ::ffff:127.0.0.1 [GET] /metrics Incoming request {"userAgent":"Prometheus/3.7.3"}
2025-12-01 10:52:29.408 [INFO] [API_REQUEST] [04346ade-055c-4df5-bbbd-4e9e464ab2d4] ::ffff:127.0.0.1 [GET] /metrics Incoming Request: GET /metrics {"payload":{}}
2025-12-01 10:52:29.409 [INFO] [API_RESPONSE] [04346ade-055c-4df5-bbbd-4e9e464ab2d4] ::ffff:127.0.0.1 [GET] /metrics 1ms 200 Response: GET /metrics 200 1ms {"payload":{}}
2025-12-01T03:52:34.411Z [INFO] [REQUEST_MIDDLEWARE] [070d0921-5747-4c71-877a-4a44559c7d28] ::ffff:127.0.0.1 [GET] /metrics Incoming request {"userAgent":"Prometheus/3.7.3"}
2025-12-01 10:52:34.412 [INFO] [API_REQUEST] [070d0921-5747-4c71-877a-4a44559c7d28] ::ffff:127.0.0.1 [GET] /metrics Incoming Request: GET /metrics {"payload":{}}
2025-12-01 10:52:34.413 [INFO] [API_RESPONSE] [070d0921-5747-4c71-877a-4a44559c7d28] ::ffff:127.0.0.1 [GET] /metrics 1ms 200 Response: GET /metrics 200 1ms {"payload":{}}
2025-12-01T03:52:39.406Z [INFO] [REQUEST_MIDDLEWARE] [f9de07e3-ac99-4647-a0ad-54328bbe1c78] ::ffff:127.0.0.1 [GET] /metrics Incoming request {"userAgent":"Prometheus/3.7.3"}
2025-12-01 10:52:39.406 [INFO] [API_REQUEST] [f9de07e3-ac99-4647-a0ad-54328bbe1c78] ::ffff:127.0.0.1 [GET] /metrics Incoming Request: GET /metrics {"payload":{}}
2025-12-01 10:52:39.408 [INFO] [API_RESPONSE] [f9de07e3-ac99-4647-a0ad-54328bbe1c78] ::ffff:127.0.0.1 [GET] /metrics 2ms 200 Response: GET /metrics 200 2ms {"payload":{}}
2025-12-01T03:52:44.407Z [INFO] [REQUEST_MIDDLEWARE] [45201b6b-8227-4254-b6ba-e907b984f1c5] ::ffff:127.0.0.1 [GET] /metrics Incoming request {"userAgent":"Prometheus/3.7.3"}
2025-12-01 10:52:44.408 [INFO] [API_REQUEST] [45201b6b-8227-4254-b6ba-e907b984f1c5] ::ffff:127.0.0.1 [GET] /metrics Incoming Request: GET /metrics {"payload":{}}
2025-12-01 10:52:44.409 [INFO] [API_RESPONSE] [45201b6b-8227-4254-b6ba-e907b984f1c5] ::ffff:127.0.0.1 [GET] /metrics 2ms 200 Response: GET /metrics 200 2ms {"payload":{}}
2025-12-01T03:52:49.407Z [INFO] [REQUEST_MIDDLEWARE] [68943520-dbae-4621-8ad3-f26d736d1351] ::ffff:127.0.0.1 [GET] /metrics Incoming request {"userAgent":"Prometheus/3.7.3"}
2025-12-01 10:52:49.408 [INFO] [API_REQUEST] [68943520-dbae-4621-8ad3-f26d736d1351] ::ffff:127.0.0.1 [GET] /metrics Incoming Request: GET /metrics {"payload":{}}
2025-12-01 10:52:49.409 [INFO] [API_RESPONSE] [68943520-dbae-4621-8ad3-f26d736d1351] ::ffff:127.0.0.1 [GET] /metrics 2ms 200 Response: GET /metrics 200 2ms {"payload":{}}
2025-12-01T03:52:54.406Z [INFO] [REQUEST_MIDDLEWARE] [862d3d97-974e-45cc-860f-0782b54d9bb5] ::ffff:127.0.0.1 [GET] /metrics Incoming request {"userAgent":"Prometheus/3.7.3"}
2025-12-01 10:52:54.406 [INFO] [API_REQUEST] [862d3d97-974e-45cc-860f-0782b54d9bb5] ::ffff:127.0.0.1 [GET] /metrics Incoming Request: GET /metrics {"payload":{}}
2025-12-01 10:52:54.408 [INFO] [API_RESPONSE] [862d3d97-974e-45cc-860f-0782b54d9bb5] ::ffff:127.0.0.1 [GET] /metrics 2ms 200 Response: GET /metrics 200 2ms {"payload":{}}
2025-12-01T03:52:59.407Z [INFO] [REQUEST_MIDDLEWARE] [930a410e-6afb-41f4-b299-67348b3b9785] ::ffff:127.0.0.1 [GET] /metrics Incoming request {"userAgent":"Prometheus/3.7.3"}
2025-12-01 10:52:59.408 [INFO] [API_REQUEST] [930a410e-6afb-41f4-b299-67348b3b9785] ::ffff:127.0.0.1 [GET] /metrics Incoming Request: GET /metrics {"payload":{}}
2025-12-01 10:52:59.409 [INFO] [API_RESPONSE] [930a410e-6afb-41f4-b299-67348b3b9785] ::ffff:127.0.0.1 [GET] /metrics 1ms 200 Response: GET /metrics 200 1ms {"payload":{}}
2025-12-01T03:53:04.408Z [INFO] [REQUEST_MIDDLEWARE] [5af4fea7-f732-4cda-a47d-ef32bc286d7c] ::ffff:127.0.0.1 [GET] /metrics Incoming request {"userAgent":"Prometheus/3.7.3"}
2025-12-01 10:53:04.408 [INFO] [API_REQUEST] [5af4fea7-f732-4cda-a47d-ef32bc286d7c] ::ffff:127.0.0.1 [GET] /metrics Incoming Request: GET /metrics {"payload":{}}
2025-12-01 10:53:04.409 [INFO] [API_RESPONSE] [5af4fea7-f732-4cda-a47d-ef32bc286d7c] ::ffff:127.0.0.1 [GET] /metrics 1ms 200 Response: GET /metrics 200 1ms {"payload":{}}
2025-12-01T03:53:09.409Z [INFO] [REQUEST_MIDDLEWARE] [018fbfee-8064-4396-8078-bf77a81a2cf4] ::ffff:127.0.0.1 [GET] /metrics Incoming request {"userAgent":"Prometheus/3.7.3"}
2025-12-01 10:53:09.411 [INFO] [API_REQUEST] [018fbfee-8064-4396-8078-bf77a81a2cf4] ::ffff:127.0.0.1 [GET] /metrics Incoming Request: GET /metrics {"payload":{}}
2025-12-01 10:53:09.415 [INFO] [API_RESPONSE] [018fbfee-8064-4396-8078-bf77a81a2cf4] ::ffff:127.0.0.1 [GET] /metrics 4ms 200 Response: GET /metrics 200 4ms {"payload":{}}
2025-12-01T03:53:14.406Z [INFO] [REQUEST_MIDDLEWARE] [1e7b4e53-bfa0-4d51-ac32-3d40d048fb71] ::ffff:127.0.0.1 [GET] /metrics Incoming request {"userAgent":"Prometheus/3.7.3"}
2025-12-01 10:53:14.407 [INFO] [API_REQUEST] [1e7b4e53-bfa0-4d51-ac32-3d40d048fb71] ::ffff:127.0.0.1 [GET] /metrics Incoming Request: GET /metrics {"payload":{}}
2025-12-01 10:53:14.408 [INFO] [API_RESPONSE] [1e7b4e53-bfa0-4d51-ac32-3d40d048fb71] ::ffff:127.0.0.1 [GET] /metrics 2ms 200 Response: GET /metrics 200 2ms {"payload":{}}
2025-12-01T03:53:19.404Z [INFO] [REQUEST_MIDDLEWARE] [fb74b305-632c-4cd6-bcbe-ecc02ce9bb66] ::ffff:127.0.0.1 [GET] /metrics Incoming request {"userAgent":"Prometheus/3.7.3"}
2025-12-01 10:53:19.404 [INFO] [API_REQUEST] [fb74b305-632c-4cd6-bcbe-ecc02ce9bb66] ::ffff:127.0.0.1 [GET] /metrics Incoming Request: GET /metrics {"payload":{}}
2025-12-01 10:53:19.406 [INFO] [API_RESPONSE] [fb74b305-632c-4cd6-bcbe-ecc02ce9bb66] ::ffff:127.0.0.1 [GET] /metrics 2ms 200 Response: GET /metrics 200 2ms {"payload":{}}
2025-12-01T03:53:24.402Z [INFO] [REQUEST_MIDDLEWARE] [c2021659-ab35-486f-8d38-a39fa5fdd740] ::ffff:127.0.0.1 [GET] /metrics Incoming request {"userAgent":"Prometheus/3.7.3"}
2025-12-01 10:53:24.402 [INFO] [API_REQUEST] [c2021659-ab35-486f-8d38-a39fa5fdd740] ::ffff:127.0.0.1 [GET] /metrics Incoming Request: GET /metrics {"payload":{}}
2025-12-01 10:53:24.404 [INFO] [API_RESPONSE] [c2021659-ab35-486f-8d38-a39fa5fdd740] ::ffff:127.0.0.1 [GET] /metrics 2ms 200 Response: GET /metrics 200 2ms {"payload":{}}
2025-12-01T03:53:29.403Z [INFO] [REQUEST_MIDDLEWARE] [955c7385-c31f-4928-96ad-1958799dd911] ::ffff:127.0.0.1 [GET] /metrics Incoming request {"userAgent":"Prometheus/3.7.3"}
2025-12-01 10:53:29.403 [INFO] [API_REQUEST] [955c7385-c31f-4928-96ad-1958799dd911] ::ffff:127.0.0.1 [GET] /metrics Incoming Request: GET /metrics {"payload":{}}
2025-12-01 10:53:29.405 [INFO] [API_RESPONSE] [955c7385-c31f-4928-96ad-1958799dd911] ::ffff:127.0.0.1 [GET] /metrics 2ms 200 Response: GET /metrics 200 2ms {"payload":{}}
2025-12-01T03:53:34.404Z [INFO] [REQUEST_MIDDLEWARE] [a46e8d6e-c65b-4cda-836e-ab7c652eb78c] ::ffff:127.0.0.1 [GET] /metrics Incoming request {"userAgent":"Prometheus/3.7.3"}
2025-12-01 10:53:34.404 [INFO] [API_REQUEST] [a46e8d6e-c65b-4cda-836e-ab7c652eb78c] ::ffff:127.0.0.1 [GET] /metrics Incoming Request: GET /metrics {"payload":{}}
2025-12-01 10:53:34.405 [INFO] [API_RESPONSE] [a46e8d6e-c65b-4cda-836e-ab7c652eb78c] ::ffff:127.0.0.1 [GET] /metrics 1ms 200 Response: GET /metrics 200 1ms {"payload":{}}
2025-12-01T03:53:39.404Z [INFO] [REQUEST_MIDDLEWARE] [ca004ab5-4fc9-4ac2-bf36-2d0db5754086] ::ffff:127.0.0.1 [GET] /metrics Incoming request {"userAgent":"Prometheus/3.7.3"}
2025-12-01 10:53:39.404 [INFO] [API_REQUEST] [ca004ab5-4fc9-4ac2-bf36-2d0db5754086] ::ffff:127.0.0.1 [GET] /metrics Incoming Request: GET /metrics {"payload":{}}
2025-12-01 10:53:39.405 [INFO] [API_RESPONSE] [ca004ab5-4fc9-4ac2-bf36-2d0db5754086] ::ffff:127.0.0.1 [GET] /metrics 1ms 200 Response: GET /metrics 200 1ms {"payload":{}}
2025-12-01T03:53:44.403Z [INFO] [REQUEST_MIDDLEWARE] [fa4bc4c0-1cc6-40ee-851e-0fce6bbcb64e] ::ffff:127.0.0.1 [GET] /metrics Incoming request {"userAgent":"Prometheus/3.7.3"}
2025-12-01 10:53:44.404 [INFO] [API_REQUEST] [fa4bc4c0-1cc6-40ee-851e-0fce6bbcb64e] ::ffff:127.0.0.1 [GET] /metrics Incoming Request: GET /metrics {"payload":{}}
2025-12-01 10:53:44.405 [INFO] [API_RESPONSE] [fa4bc4c0-1cc6-40ee-851e-0fce6bbcb64e] ::ffff:127.0.0.1 [GET] /metrics 1ms 200 Response: GET /metrics 200 1ms {"payload":{}}
2025-12-01T03:53:49.402Z [INFO] [REQUEST_MIDDLEWARE] [7fe2438d-94be-4572-aee8-fc586b2f6c68] ::ffff:127.0.0.1 [GET] /metrics Incoming request {"userAgent":"Prometheus/3.7.3"}
2025-12-01 10:53:49.402 [INFO] [API_REQUEST] [7fe2438d-94be-4572-aee8-fc586b2f6c68] ::ffff:127.0.0.1 [GET] /metrics Incoming Request: GET /metrics {"payload":{}}
2025-12-01 10:53:49.404 [INFO] [API_RESPONSE] [7fe2438d-94be-4572-aee8-fc586b2f6c68] ::ffff:127.0.0.1 [GET] /metrics 2ms 200 Response: GET /metrics 200 2ms {"payload":{}}
2025-12-01T03:53:54.402Z [INFO] [REQUEST_MIDDLEWARE] [58a7ff5c-bfca-4d8a-ba02-e81bd5cda8b7] ::ffff:127.0.0.1 [GET] /metrics Incoming request {"userAgent":"Prometheus/3.7.3"}
2025-12-01 10:53:54.402 [INFO] [API_REQUEST] [58a7ff5c-bfca-4d8a-ba02-e81bd5cda8b7] ::ffff:127.0.0.1 [GET] /metrics Incoming Request: GET /metrics {"payload":{}}
2025-12-01 10:53:54.404 [INFO] [API_RESPONSE] [58a7ff5c-bfca-4d8a-ba02-e81bd5cda8b7] ::ffff:127.0.0.1 [GET] /metrics 2ms 200 Response: GET /metrics 200 2ms {"payload":{}}
2025-12-01T03:53:59.402Z [INFO] [REQUEST_MIDDLEWARE] [171b93d9-ec69-479e-9113-49f262f93a10] ::ffff:127.0.0.1 [GET] /metrics Incoming request {"userAgent":"Prometheus/3.7.3"}
2025-12-01 10:53:59.402 [INFO] [API_REQUEST] [171b93d9-ec69-479e-9113-49f262f93a10] ::ffff:127.0.0.1 [GET] /metrics Incoming Request: GET /metrics {"payload":{}}
2025-12-01 10:53:59.404 [INFO] [API_RESPONSE] [171b93d9-ec69-479e-9113-49f262f93a10] ::ffff:127.0.0.1 [GET] /metrics 2ms 200 Response: GET /metrics 200 2ms {"payload":{}}
2025-12-01T03:54:04.403Z [INFO] [REQUEST_MIDDLEWARE] [de9c731f-e327-4388-a7a5-976277c23911] ::ffff:127.0.0.1 [GET] /metrics Incoming request {"userAgent":"Prometheus/3.7.3"}
2025-12-01 10:54:04.403 [INFO] [API_REQUEST] [de9c731f-e327-4388-a7a5-976277c23911] ::ffff:127.0.0.1 [GET] /metrics Incoming Request: GET /metrics {"payload":{}}
2025-12-01 10:54:04.405 [INFO] [API_RESPONSE] [de9c731f-e327-4388-a7a5-976277c23911] ::ffff:127.0.0.1 [GET] /metrics 2ms 200 Response: GET /metrics 200 2ms {"payload":{}}
2025-12-01T03:54:09.402Z [INFO] [REQUEST_MIDDLEWARE] [12c39de1-40fb-4b33-9322-f17dba0aa503] ::ffff:127.0.0.1 [GET] /metrics Incoming request {"userAgent":"Prometheus/3.7.3"}
2025-12-01 10:54:09.403 [INFO] [API_REQUEST] [12c39de1-40fb-4b33-9322-f17dba0aa503] ::ffff:127.0.0.1 [GET] /metrics Incoming Request: GET /metrics {"payload":{}}
2025-12-01 10:54:09.404 [INFO] [API_RESPONSE] [12c39de1-40fb-4b33-9322-f17dba0aa503] ::ffff:127.0.0.1 [GET] /metrics 1ms 200 Response: GET /metrics 200 1ms {"payload":{}}
2025-12-01T03:54:14.402Z [INFO] [REQUEST_MIDDLEWARE] [86021692-81b9-4fb8-8bef-90fe09601800] ::ffff:127.0.0.1 [GET] /metrics Incoming request {"userAgent":"Prometheus/3.7.3"}
2025-12-01 10:54:14.402 [INFO] [API_REQUEST] [86021692-81b9-4fb8-8bef-90fe09601800] ::ffff:127.0.0.1 [GET] /metrics Incoming Request: GET /metrics {"payload":{}}
2025-12-01 10:54:14.403 [INFO] [API_RESPONSE] [86021692-81b9-4fb8-8bef-90fe09601800] ::ffff:127.0.0.1 [GET] /metrics 1ms 200 Response: GET /metrics 200 1ms {"payload":{}}
2025-12-01T03:54:19.402Z [INFO] [REQUEST_MIDDLEWARE] [ec8ac431-4097-4c43-90ae-a87b4af6ad2e] ::ffff:127.0.0.1 [GET] /metrics Incoming request {"userAgent":"Prometheus/3.7.3"}
2025-12-01 10:54:19.402 [INFO] [API_REQUEST] [ec8ac431-4097-4c43-90ae-a87b4af6ad2e] ::ffff:127.0.0.1 [GET] /metrics Incoming Request: GET /metrics {"payload":{}}
2025-12-01 10:54:19.404 [INFO] [API_RESPONSE] [ec8ac431-4097-4c43-90ae-a87b4af6ad2e] ::ffff:127.0.0.1 [GET] /metrics 2ms 200 Response: GET /metrics 200 2ms {"payload":{}}
2025-12-01T03:54:24.407Z [INFO] [REQUEST_MIDDLEWARE] [a31b5109-58e9-4921-8cd2-8fcee6602f3a] ::ffff:127.0.0.1 [GET] /metrics Incoming request {"userAgent":"Prometheus/3.7.3"}
2025-12-01 10:54:24.407 [INFO] [API_REQUEST] [a31b5109-58e9-4921-8cd2-8fcee6602f3a] ::ffff:127.0.0.1 [GET] /metrics Incoming Request: GET /metrics {"payload":{}}
2025-12-01 10:54:24.408 [INFO] [API_RESPONSE] [a31b5109-58e9-4921-8cd2-8fcee6602f3a] ::ffff:127.0.0.1 [GET] /metrics 1ms 200 Response: GET /metrics 200 1ms {"payload":{}}
2025-12-01T03:54:29.406Z [INFO] [REQUEST_MIDDLEWARE] [5fd9fba9-1643-4209-9486-ec57b8a3ddf4] ::ffff:127.0.0.1 [GET] /metrics Incoming request {"userAgent":"Prometheus/3.7.3"}
2025-12-01 10:54:29.406 [INFO] [API_REQUEST] [5fd9fba9-1643-4209-9486-ec57b8a3ddf4] ::ffff:127.0.0.1 [GET] /metrics Incoming Request: GET /metrics {"payload":{}}
2025-12-01 10:54:29.408 [INFO] [API_RESPONSE] [5fd9fba9-1643-4209-9486-ec57b8a3ddf4] ::ffff:127.0.0.1 [GET] /metrics 2ms 200 Response: GET /metrics 200 2ms {"payload":{}}
2025-12-01T03:54:34.407Z [INFO] [REQUEST_MIDDLEWARE] [a2cf0286-462a-4f92-a1ca-b23019fc6193] ::ffff:127.0.0.1 [GET] /metrics Incoming request {"userAgent":"Prometheus/3.7.3"}
2025-12-01 10:54:34.408 [INFO] [API_REQUEST] [a2cf0286-462a-4f92-a1ca-b23019fc6193] ::ffff:127.0.0.1 [GET] /metrics Incoming Request: GET /metrics {"payload":{}}
2025-12-01 10:54:34.409 [INFO] [API_RESPONSE] [a2cf0286-462a-4f92-a1ca-b23019fc6193] ::ffff:127.0.0.1 [GET] /metrics 1ms 200 Response: GET /metrics 200 1ms {"payload":{}}
2025-12-01T03:54:39.406Z [INFO] [REQUEST_MIDDLEWARE] [3b11b47c-f848-4866-a557-30d7c74b6e62] ::ffff:127.0.0.1 [GET] /metrics Incoming request {"userAgent":"Prometheus/3.7.3"}
2025-12-01 10:54:39.406 [INFO] [API_REQUEST] [3b11b47c-f848-4866-a557-30d7c74b6e62] ::ffff:127.0.0.1 [GET] /metrics Incoming Request: GET /metrics {"payload":{}}
2025-12-01 10:54:39.408 [INFO] [API_RESPONSE] [3b11b47c-f848-4866-a557-30d7c74b6e62] ::ffff:127.0.0.1 [GET] /metrics 2ms 200 Response: GET /metrics 200 2ms {"payload":{}}
2025-12-01T03:54:44.406Z [INFO] [REQUEST_MIDDLEWARE] [7986672c-d1a1-4110-afbd-9634ae41913a] ::ffff:127.0.0.1 [GET] /metrics Incoming request {"userAgent":"Prometheus/3.7.3"}
2025-12-01 10:54:44.406 [INFO] [API_REQUEST] [7986672c-d1a1-4110-afbd-9634ae41913a] ::ffff:127.0.0.1 [GET] /metrics Incoming Request: GET /metrics {"payload":{}}
2025-12-01 10:54:44.408 [INFO] [API_RESPONSE] [7986672c-d1a1-4110-afbd-9634ae41913a] ::ffff:127.0.0.1 [GET] /metrics 2ms 200 Response: GET /metrics 200 2ms {"payload":{}}
2025-12-01T03:54:49.407Z [INFO] [REQUEST_MIDDLEWARE] [1703c0f8-a03e-45fb-ae5a-94b460aa3472] ::ffff:127.0.0.1 [GET] /metrics Incoming request {"userAgent":"Prometheus/3.7.3"}
2025-12-01 10:54:49.407 [INFO] [API_REQUEST] [1703c0f8-a03e-45fb-ae5a-94b460aa3472] ::ffff:127.0.0.1 [GET] /metrics Incoming Request: GET /metrics {"payload":{}}
2025-12-01 10:54:49.408 [INFO] [API_RESPONSE] [1703c0f8-a03e-45fb-ae5a-94b460aa3472] ::ffff:127.0.0.1 [GET] /metrics 1ms 200 Response: GET /metrics 200 1ms {"payload":{}}
2025-12-01T03:54:54.407Z [INFO] [REQUEST_MIDDLEWARE] [e5691d55-731e-4ddb-ac05-8cf3fa2aeac2] ::ffff:127.0.0.1 [GET] /metrics Incoming request {"userAgent":"Prometheus/3.7.3"}
2025-12-01 10:54:54.407 [INFO] [API_REQUEST] [e5691d55-731e-4ddb-ac05-8cf3fa2aeac2] ::ffff:127.0.0.1 [GET] /metrics Incoming Request: GET /metrics {"payload":{}}
2025-12-01 10:54:54.408 [INFO] [API_RESPONSE] [e5691d55-731e-4ddb-ac05-8cf3fa2aeac2] ::ffff:127.0.0.1 [GET] /metrics 1ms 200 Response: GET /metrics 200 1ms {"payload":{}}
2025-12-01T03:54:59.406Z [INFO] [REQUEST_MIDDLEWARE] [0407d532-6b05-45ee-82da-dfd4161b4962] ::ffff:127.0.0.1 [GET] /metrics Incoming request {"userAgent":"Prometheus/3.7.3"}
2025-12-01 10:54:59.406 [INFO] [API_REQUEST] [0407d532-6b05-45ee-82da-dfd4161b4962] ::ffff:127.0.0.1 [GET] /metrics Incoming Request: GET /metrics {"payload":{}}
2025-12-01 10:54:59.408 [INFO] [API_RESPONSE] [0407d532-6b05-45ee-82da-dfd4161b4962] ::ffff:127.0.0.1 [GET] /metrics 2ms 200 Response: GET /metrics 200 2ms {"payload":{}}
2025-12-01T03:55:04.407Z [INFO] [REQUEST_MIDDLEWARE] [058bdda2-57c6-48fb-af22-ec453f613d9f] ::ffff:127.0.0.1 [GET] /metrics Incoming request {"userAgent":"Prometheus/3.7.3"}
2025-12-01 10:55:04.407 [INFO] [API_REQUEST] [058bdda2-57c6-48fb-af22-ec453f613d9f] ::ffff:127.0.0.1 [GET] /metrics Incoming Request: GET /metrics {"payload":{}}
2025-12-01 10:55:04.409 [INFO] [API_RESPONSE] [058bdda2-57c6-48fb-af22-ec453f613d9f] ::ffff:127.0.0.1 [GET] /metrics 2ms 200 Response: GET /metrics 200 2ms {"payload":{}}
2025-12-01T03:55:09.406Z [INFO] [REQUEST_MIDDLEWARE] [94a9eb24-8880-408c-a5cc-6f5729de895a] ::ffff:127.0.0.1 [GET] /metrics Incoming request {"userAgent":"Prometheus/3.7.3"}
2025-12-01 10:55:09.406 [INFO] [API_REQUEST] [94a9eb24-8880-408c-a5cc-6f5729de895a] ::ffff:127.0.0.1 [GET] /metrics Incoming Request: GET /metrics {"payload":{}}
2025-12-01 10:55:09.408 [INFO] [API_RESPONSE] [94a9eb24-8880-408c-a5cc-6f5729de895a] ::ffff:127.0.0.1 [GET] /metrics 2ms 200 Response: GET /metrics 200 2ms {"payload":{}}
2025-12-01T03:55:14.408Z [INFO] [REQUEST_MIDDLEWARE] [c96fb90e-82b0-44c5-b61e-dfea9978e574] ::ffff:127.0.0.1 [GET] /metrics Incoming request {"userAgent":"Prometheus/3.7.3"}
2025-12-01 10:55:14.408 [INFO] [API_REQUEST] [c96fb90e-82b0-44c5-b61e-dfea9978e574] ::ffff:127.0.0.1 [GET] /metrics Incoming Request: GET /metrics {"payload":{}}
2025-12-01 10:55:14.409 [INFO] [API_RESPONSE] [c96fb90e-82b0-44c5-b61e-dfea9978e574] ::ffff:127.0.0.1 [GET] /metrics 1ms 200 Response: GET /metrics 200 1ms {"payload":{}}
2025-12-01T03:55:19.407Z [INFO] [REQUEST_MIDDLEWARE] [015bc7ee-034b-4a1e-826f-e73796572a95] ::ffff:127.0.0.1 [GET] /metrics Incoming request {"userAgent":"Prometheus/3.7.3"}
2025-12-01 10:55:19.407 [INFO] [API_REQUEST] [015bc7ee-034b-4a1e-826f-e73796572a95] ::ffff:127.0.0.1 [GET] /metrics Incoming Request: GET /metrics {"payload":{}}
2025-12-01 10:55:19.409 [INFO] [API_RESPONSE] [015bc7ee-034b-4a1e-826f-e73796572a95] ::ffff:127.0.0.1 [GET] /metrics 2ms 200 Response: GET /metrics 200 2ms {"payload":{}}
2025-12-01T03:55:24.407Z [INFO] [REQUEST_MIDDLEWARE] [e387e829-272f-43a4-b8b8-428bb42438a1] ::ffff:127.0.0.1 [GET] /metrics Incoming request {"userAgent":"Prometheus/3.7.3"}
2025-12-01 10:55:24.408 [INFO] [API_REQUEST] [e387e829-272f-43a4-b8b8-428bb42438a1] ::ffff:127.0.0.1 [GET] /metrics Incoming Request: GET /metrics {"payload":{}}
2025-12-01 10:55:24.409 [INFO] [API_RESPONSE] [e387e829-272f-43a4-b8b8-428bb42438a1] ::ffff:127.0.0.1 [GET] /metrics 2ms 200 Response: GET /metrics 200 2ms {"payload":{}}
2025-12-01T03:55:29.407Z [INFO] [REQUEST_MIDDLEWARE] [38cf544b-7deb-48e6-ad12-ce7e0814fc43] ::ffff:127.0.0.1 [GET] /metrics Incoming request {"userAgent":"Prometheus/3.7.3"}
2025-12-01 10:55:29.407 [INFO] [API_REQUEST] [38cf544b-7deb-48e6-ad12-ce7e0814fc43] ::ffff:127.0.0.1 [GET] /metrics Incoming Request: GET /metrics {"payload":{}}
2025-12-01 10:55:29.409 [INFO] [API_RESPONSE] [38cf544b-7deb-48e6-ad12-ce7e0814fc43] ::ffff:127.0.0.1 [GET] /metrics 2ms 200 Response: GET /metrics 200 2ms {"payload":{}}
2025-12-01T03:55:34.408Z [INFO] [REQUEST_MIDDLEWARE] [3d5cf040-f4ec-47f9-bf6b-4f8af2c874cf] ::ffff:127.0.0.1 [GET] /metrics Incoming request {"userAgent":"Prometheus/3.7.3"}
2025-12-01 10:55:34.408 [INFO] [API_REQUEST] [3d5cf040-f4ec-47f9-bf6b-4f8af2c874cf] ::ffff:127.0.0.1 [GET] /metrics Incoming Request: GET /metrics {"payload":{}}
2025-12-01 10:55:34.409 [INFO] [API_RESPONSE] [3d5cf040-f4ec-47f9-bf6b-4f8af2c874cf] ::ffff:127.0.0.1 [GET] /metrics 1ms 200 Response: GET /metrics 200 1ms {"payload":{}}
2025-12-01T03:55:39.406Z [INFO] [REQUEST_MIDDLEWARE] [c34a9cab-b66e-4c25-adfd-e52365dd8718] ::ffff:127.0.0.1 [GET] /metrics Incoming request {"userAgent":"Prometheus/3.7.3"}
2025-12-01 10:55:39.406 [INFO] [API_REQUEST] [c34a9cab-b66e-4c25-adfd-e52365dd8718] ::ffff:127.0.0.1 [GET] /metrics Incoming Request: GET /metrics {"payload":{}}
2025-12-01 10:55:39.408 [INFO] [API_RESPONSE] [c34a9cab-b66e-4c25-adfd-e52365dd8718] ::ffff:127.0.0.1 [GET] /metrics 2ms 200 Response: GET /metrics 200 2ms {"payload":{}}
2025-12-01T03:55:44.407Z [INFO] [REQUEST_MIDDLEWARE] [92588f01-aa90-45f8-b01b-fa06dc472bd9] ::ffff:127.0.0.1 [GET] /metrics Incoming request {"userAgent":"Prometheus/3.7.3"}
2025-12-01 10:55:44.407 [INFO] [API_REQUEST] [92588f01-aa90-45f8-b01b-fa06dc472bd9] ::ffff:127.0.0.1 [GET] /metrics Incoming Request: GET /metrics {"payload":{}}
2025-12-01 10:55:44.409 [INFO] [API_RESPONSE] [92588f01-aa90-45f8-b01b-fa06dc472bd9] ::ffff:127.0.0.1 [GET] /metrics 2ms 200 Response: GET /metrics 200 2ms {"payload":{}}
2025-12-01T03:55:49.407Z [INFO] [REQUEST_MIDDLEWARE] [c0b3975f-a7e1-4f27-b742-640bd2c2c25a] ::ffff:127.0.0.1 [GET] /metrics Incoming request {"userAgent":"Prometheus/3.7.3"}
2025-12-01 10:55:49.407 [INFO] [API_REQUEST] [c0b3975f-a7e1-4f27-b742-640bd2c2c25a] ::ffff:127.0.0.1 [GET] /metrics Incoming Request: GET /metrics {"payload":{}}
2025-12-01 10:55:49.409 [INFO] [API_RESPONSE] [c0b3975f-a7e1-4f27-b742-640bd2c2c25a] ::ffff:127.0.0.1 [GET] /metrics 2ms 200 Response: GET /metrics 200 2ms {"payload":{}}
2025-12-01T03:55:54.408Z [INFO] [REQUEST_MIDDLEWARE] [00b0c9c4-9e5f-4a34-b6c9-f95846cb0309] ::ffff:127.0.0.1 [GET] /metrics Incoming request {"userAgent":"Prometheus/3.7.3"}
2025-12-01 10:55:54.408 [INFO] [API_REQUEST] [00b0c9c4-9e5f-4a34-b6c9-f95846cb0309] ::ffff:127.0.0.1 [GET] /metrics Incoming Request: GET /metrics {"payload":{}}
2025-12-01 10:55:54.409 [INFO] [API_RESPONSE] [00b0c9c4-9e5f-4a34-b6c9-f95846cb0309] ::ffff:127.0.0.1 [GET] /metrics 1ms 200 Response: GET /metrics 200 1ms {"payload":{}}
2025-12-01T03:55:59.407Z [INFO] [REQUEST_MIDDLEWARE] [b0452f03-68a0-4358-8fe0-7839339368c2] ::ffff:127.0.0.1 [GET] /metrics Incoming request {"userAgent":"Prometheus/3.7.3"}
2025-12-01 10:55:59.408 [INFO] [API_REQUEST] [b0452f03-68a0-4358-8fe0-7839339368c2] ::ffff:127.0.0.1 [GET] /metrics Incoming Request: GET /metrics {"payload":{}}
2025-12-01 10:55:59.409 [INFO] [API_RESPONSE] [b0452f03-68a0-4358-8fe0-7839339368c2] ::ffff:127.0.0.1 [GET] /metrics 1ms 200 Response: GET /metrics 200 1ms {"payload":{}}
2025-12-01T03:56:04.407Z [INFO] [REQUEST_MIDDLEWARE] [64d8b468-d929-4c0e-ba6f-5504f8f2b5dc] ::ffff:127.0.0.1 [GET] /metrics Incoming request {"userAgent":"Prometheus/3.7.3"}
2025-12-01 10:56:04.408 [INFO] [API_REQUEST] [64d8b468-d929-4c0e-ba6f-5504f8f2b5dc] ::ffff:127.0.0.1 [GET] /metrics Incoming Request: GET /metrics {"payload":{}}
2025-12-01 10:56:04.409 [INFO] [API_RESPONSE] [64d8b468-d929-4c0e-ba6f-5504f8f2b5dc] ::ffff:127.0.0.1 [GET] /metrics 1ms 200 Response: GET /metrics 200 1ms {"payload":{}}
2025-12-01T03:56:09.408Z [INFO] [REQUEST_MIDDLEWARE] [01b02ad1-e21e-49ab-a3a8-5eea537e6fcb] ::ffff:127.0.0.1 [GET] /metrics Incoming request {"userAgent":"Prometheus/3.7.3"}
2025-12-01 10:56:09.408 [INFO] [API_REQUEST] [01b02ad1-e21e-49ab-a3a8-5eea537e6fcb] ::ffff:127.0.0.1 [GET] /metrics Incoming Request: GET /metrics {"payload":{}}
2025-12-01 10:56:09.409 [INFO] [API_RESPONSE] [01b02ad1-e21e-49ab-a3a8-5eea537e6fcb] ::ffff:127.0.0.1 [GET] /metrics 1ms 200 Response: GET /metrics 200 1ms {"payload":{}}
2025-12-01T03:56:14.407Z [INFO] [REQUEST_MIDDLEWARE] [95a2f05d-4bd3-4630-9368-05206f3a8764] ::ffff:127.0.0.1 [GET] /metrics Incoming request {"userAgent":"Prometheus/3.7.3"}
2025-12-01 10:56:14.407 [INFO] [API_REQUEST] [95a2f05d-4bd3-4630-9368-05206f3a8764] ::ffff:127.0.0.1 [GET] /metrics Incoming Request: GET /metrics {"payload":{}}
2025-12-01 10:56:14.409 [INFO] [API_RESPONSE] [95a2f05d-4bd3-4630-9368-05206f3a8764] ::ffff:127.0.0.1 [GET] /metrics 2ms 200 Response: GET /metrics 200 2ms {"payload":{}}
2025-12-01T03:56:19.407Z [INFO] [REQUEST_MIDDLEWARE] [d351c9b2-25b3-4a11-aa8c-6056bc1a50f7] ::ffff:127.0.0.1 [GET] /metrics Incoming request {"userAgent":"Prometheus/3.7.3"}
2025-12-01 10:56:19.408 [INFO] [API_REQUEST] [d351c9b2-25b3-4a11-aa8c-6056bc1a50f7] ::ffff:127.0.0.1 [GET] /metrics Incoming Request: GET /metrics {"payload":{}}
2025-12-01 10:56:19.409 [INFO] [API_RESPONSE] [d351c9b2-25b3-4a11-aa8c-6056bc1a50f7] ::ffff:127.0.0.1 [GET] /metrics 1ms 200 Response: GET /metrics 200 1ms {"payload":{}}
2025-12-01T03:56:24.405Z [INFO] [REQUEST_MIDDLEWARE] [b066893d-c9d1-474e-ae72-fffe91232c03] ::ffff:127.0.0.1 [GET] /metrics Incoming request {"userAgent":"Prometheus/3.7.3"}
2025-12-01 10:56:24.405 [INFO] [API_REQUEST] [b066893d-c9d1-474e-ae72-fffe91232c03] ::ffff:127.0.0.1 [GET] /metrics Incoming Request: GET /metrics {"payload":{}}
2025-12-01 10:56:24.406 [INFO] [API_RESPONSE] [b066893d-c9d1-474e-ae72-fffe91232c03] ::ffff:127.0.0.1 [GET] /metrics 1ms 200 Response: GET /metrics 200 1ms {"payload":{}}
2025-12-01T03:56:29.404Z [INFO] [REQUEST_MIDDLEWARE] [d8a34a0c-b673-4675-9333-38af67fb77f7] ::ffff:127.0.0.1 [GET] /metrics Incoming request {"userAgent":"Prometheus/3.7.3"}
2025-12-01 10:56:29.405 [INFO] [API_REQUEST] [d8a34a0c-b673-4675-9333-38af67fb77f7] ::ffff:127.0.0.1 [GET] /metrics Incoming Request: GET /metrics {"payload":{}}
2025-12-01 10:56:29.406 [INFO] [API_RESPONSE] [d8a34a0c-b673-4675-9333-38af67fb77f7] ::ffff:127.0.0.1 [GET] /metrics 1ms 200 Response: GET /metrics 200 1ms {"payload":{}}
2025-12-01T03:56:34.404Z [INFO] [REQUEST_MIDDLEWARE] [7e9437bb-f940-441d-b10d-47e8132c269b] ::ffff:127.0.0.1 [GET] /metrics Incoming request {"userAgent":"Prometheus/3.7.3"}
2025-12-01 10:56:34.404 [INFO] [API_REQUEST] [7e9437bb-f940-441d-b10d-47e8132c269b] ::ffff:127.0.0.1 [GET] /metrics Incoming Request: GET /metrics {"payload":{}}
2025-12-01 10:56:34.406 [INFO] [API_RESPONSE] [7e9437bb-f940-441d-b10d-47e8132c269b] ::ffff:127.0.0.1 [GET] /metrics 2ms 200 Response: GET /metrics 200 2ms {"payload":{}}
2025-12-01T03:56:35.400Z [INFO] [REQUEST_MIDDLEWARE] [6ad7bb9c-af14-4aea-af79-68be1af111a5] ::1 [GET] /api/rooms Incoming request {"userAgent":"Mozilla/5.0 (Windows NT 10.0; Win64; x64) AppleWebKit/537.36 (KHTML, like Gecko) Chrome/142.0.0.0 Safari/537.36 Edg/142.0.0.0"}
2025-12-01 10:56:35.401 [INFO] [API_REQUEST] [6ad7bb9c-af14-4aea-af79-68be1af111a5] ::1 [GET] /api/rooms Incoming Request: GET /api/rooms {"payload":{}}
2025-12-01 10:56:35.402 [ERROR] [CIRCUIT_BREAKER] Redis circuit opened. Entering graceful degradation mode.
2025-12-01 10:56:35.402 [WARN] [REDIS] GET failed for key "ratelimit:ip:::1": The client is closed
2025-12-01 10:56:35.404 [INFO] [API_RESPONSE] [6ad7bb9c-af14-4aea-af79-68be1af111a5] ::1 [GET] /api/rooms 3ms 200 Response: GET /api/rooms 200 3ms {"payload":{}}
2025-12-01 10:56:38.409 [INFO] [CIRCUIT_BREAKER] Redis circuit half-open. Testing recovery...
2025-12-01T03:56:39.403Z [INFO] [REQUEST_MIDDLEWARE] [4024a35c-3bc5-4a43-b9ba-7f137c978b19] ::ffff:127.0.0.1 [GET] /metrics Incoming request {"userAgent":"Prometheus/3.7.3"}
2025-12-01 10:56:39.404 [INFO] [API_REQUEST] [4024a35c-3bc5-4a43-b9ba-7f137c978b19] ::ffff:127.0.0.1 [GET] /metrics Incoming Request: GET /metrics {"payload":{}}
2025-12-01 10:56:39.406 [INFO] [API_RESPONSE] [4024a35c-3bc5-4a43-b9ba-7f137c978b19] ::ffff:127.0.0.1 [GET] /metrics 1ms 200 Response: GET /metrics 200 1ms {"payload":{}}
2025-12-01T03:56:44.404Z [INFO] [REQUEST_MIDDLEWARE] [f86875d5-636f-49d1-bd5c-1dd1b1b5cd3c] ::ffff:127.0.0.1 [GET] /metrics Incoming request {"userAgent":"Prometheus/3.7.3"}
2025-12-01 10:56:44.404 [INFO] [API_REQUEST] [f86875d5-636f-49d1-bd5c-1dd1b1b5cd3c] ::ffff:127.0.0.1 [GET] /metrics Incoming Request: GET /metrics {"payload":{}}
2025-12-01 10:56:44.406 [INFO] [API_RESPONSE] [f86875d5-636f-49d1-bd5c-1dd1b1b5cd3c] ::ffff:127.0.0.1 [GET] /metrics 2ms 200 Response: GET /metrics 200 2ms {"payload":{}}
2025-12-01T03:56:49.403Z [INFO] [REQUEST_MIDDLEWARE] [0516bf8a-69d0-4c2e-a602-a515f5d1c0b5] ::ffff:127.0.0.1 [GET] /metrics Incoming request {"userAgent":"Prometheus/3.7.3"}
2025-12-01 10:56:49.404 [INFO] [API_REQUEST] [0516bf8a-69d0-4c2e-a602-a515f5d1c0b5] ::ffff:127.0.0.1 [GET] /metrics Incoming Request: GET /metrics {"payload":{}}
2025-12-01 10:56:49.405 [INFO] [API_RESPONSE] [0516bf8a-69d0-4c2e-a602-a515f5d1c0b5] ::ffff:127.0.0.1 [GET] /metrics 1ms 200 Response: GET /metrics 200 1ms {"payload":{}}
2025-12-01T03:56:54.405Z [INFO] [REQUEST_MIDDLEWARE] [f89ca6e1-6629-4373-a2aa-fd792e30e6d5] ::ffff:127.0.0.1 [GET] /metrics Incoming request {"userAgent":"Prometheus/3.7.3"}
2025-12-01 10:56:54.405 [INFO] [API_REQUEST] [f89ca6e1-6629-4373-a2aa-fd792e30e6d5] ::ffff:127.0.0.1 [GET] /metrics Incoming Request: GET /metrics {"payload":{}}
2025-12-01 10:56:54.407 [INFO] [API_RESPONSE] [f89ca6e1-6629-4373-a2aa-fd792e30e6d5] ::ffff:127.0.0.1 [GET] /metrics 2ms 200 Response: GET /metrics 200 2ms {"payload":{}}
2025-12-01T03:56:59.352Z [INFO] [REQUEST_MIDDLEWARE] [03e73f01-bc05-40a3-9f80-f88d05120070] ::1 [GET] /api/rooms Incoming request {"userAgent":"Mozilla/5.0 (Windows NT 10.0; Win64; x64) AppleWebKit/537.36 (KHTML, like Gecko) Chrome/142.0.0.0 Safari/537.36 Edg/142.0.0.0"}
2025-12-01 10:56:59.352 [INFO] [API_REQUEST] [03e73f01-bc05-40a3-9f80-f88d05120070] ::1 [GET] /api/rooms Incoming Request: GET /api/rooms {"payload":{}}
2025-12-01 10:56:59.355 [ERROR] [CIRCUIT_BREAKER] Redis circuit opened. Entering graceful degradation mode.
2025-12-01 10:56:59.355 [WARN] [REDIS] GET failed for key "ratelimit:ip:::1": The client is closed
2025-12-01 10:56:59.357 [INFO] [API_RESPONSE] [03e73f01-bc05-40a3-9f80-f88d05120070] ::1 [GET] /api/rooms 5ms 200 Response: GET /api/rooms 200 5ms {"payload":{}}
2025-12-01T03:56:59.404Z [INFO] [REQUEST_MIDDLEWARE] [d436adff-6b49-4984-959a-56d0540e9a5a] ::ffff:127.0.0.1 [GET] /metrics Incoming request {"userAgent":"Prometheus/3.7.3"}
2025-12-01 10:56:59.404 [INFO] [API_REQUEST] [d436adff-6b49-4984-959a-56d0540e9a5a] ::ffff:127.0.0.1 [GET] /metrics Incoming Request: GET /metrics {"payload":{}}
2025-12-01 10:56:59.406 [INFO] [API_RESPONSE] [d436adff-6b49-4984-959a-56d0540e9a5a] ::ffff:127.0.0.1 [GET] /metrics 2ms 200 Response: GET /metrics 200 2ms {"payload":{}}
2025-12-01 10:57:02.357 [INFO] [CIRCUIT_BREAKER] Redis circuit half-open. Testing recovery...
2025-12-01T03:57:04.404Z [INFO] [REQUEST_MIDDLEWARE] [6126272d-7b98-4557-9a9c-b1aedf110be9] ::ffff:127.0.0.1 [GET] /metrics Incoming request {"userAgent":"Prometheus/3.7.3"}
2025-12-01 10:57:04.405 [INFO] [API_REQUEST] [6126272d-7b98-4557-9a9c-b1aedf110be9] ::ffff:127.0.0.1 [GET] /metrics Incoming Request: GET /metrics {"payload":{}}
2025-12-01 10:57:04.406 [INFO] [API_RESPONSE] [6126272d-7b98-4557-9a9c-b1aedf110be9] ::ffff:127.0.0.1 [GET] /metrics 1ms 200 Response: GET /metrics 200 1ms {"payload":{}}
2025-12-01T03:57:09.404Z [INFO] [REQUEST_MIDDLEWARE] [dcd4b105-aa1e-48e9-91d5-406869925e2b] ::ffff:127.0.0.1 [GET] /metrics Incoming request {"userAgent":"Prometheus/3.7.3"}
2025-12-01 10:57:09.405 [INFO] [API_REQUEST] [dcd4b105-aa1e-48e9-91d5-406869925e2b] ::ffff:127.0.0.1 [GET] /metrics Incoming Request: GET /metrics {"payload":{}}
2025-12-01 10:57:09.406 [INFO] [API_RESPONSE] [dcd4b105-aa1e-48e9-91d5-406869925e2b] ::ffff:127.0.0.1 [GET] /metrics 1ms 200 Response: GET /metrics 200 1ms {"payload":{}}
2025-12-01T03:57:14.404Z [INFO] [REQUEST_MIDDLEWARE] [605f1913-e649-456b-b66a-5e7085bcbd9d] ::ffff:127.0.0.1 [GET] /metrics Incoming request {"userAgent":"Prometheus/3.7.3"}
2025-12-01 10:57:14.405 [INFO] [API_REQUEST] [605f1913-e649-456b-b66a-5e7085bcbd9d] ::ffff:127.0.0.1 [GET] /metrics Incoming Request: GET /metrics {"payload":{}}
2025-12-01 10:57:14.406 [INFO] [API_RESPONSE] [605f1913-e649-456b-b66a-5e7085bcbd9d] ::ffff:127.0.0.1 [GET] /metrics 1ms 200 Response: GET /metrics 200 1ms {"payload":{}}
2025-12-01T03:57:19.405Z [INFO] [REQUEST_MIDDLEWARE] [9db5355d-24b3-41b2-98d4-c1aeeda02866] ::ffff:127.0.0.1 [GET] /metrics Incoming request {"userAgent":"Prometheus/3.7.3"}
2025-12-01 10:57:19.405 [INFO] [API_REQUEST] [9db5355d-24b3-41b2-98d4-c1aeeda02866] ::ffff:127.0.0.1 [GET] /metrics Incoming Request: GET /metrics {"payload":{}}
2025-12-01 10:57:19.406 [INFO] [API_RESPONSE] [9db5355d-24b3-41b2-98d4-c1aeeda02866] ::ffff:127.0.0.1 [GET] /metrics 1ms 200 Response: GET /metrics 200 1ms {"payload":{}}
2025-12-01T03:57:24.409Z [INFO] [REQUEST_MIDDLEWARE] [8d27646d-97ab-4cb3-bedd-862548ab3e8d] ::ffff:127.0.0.1 [GET] /metrics Incoming request {"userAgent":"Prometheus/3.7.3"}
2025-12-01 10:57:24.411 [INFO] [API_REQUEST] [8d27646d-97ab-4cb3-bedd-862548ab3e8d] ::ffff:127.0.0.1 [GET] /metrics Incoming Request: GET /metrics {"payload":{}}
2025-12-01 10:57:24.414 [INFO] [API_RESPONSE] [8d27646d-97ab-4cb3-bedd-862548ab3e8d] ::ffff:127.0.0.1 [GET] /metrics 4ms 200 Response: GET /metrics 200 4ms {"payload":{}}
2025-12-01T03:57:29.407Z [INFO] [REQUEST_MIDDLEWARE] [e7f7e166-c1a3-4a97-9298-bafb32c07d0e] ::ffff:127.0.0.1 [GET] /metrics Incoming request {"userAgent":"Prometheus/3.7.3"}
2025-12-01 10:57:29.407 [INFO] [API_REQUEST] [e7f7e166-c1a3-4a97-9298-bafb32c07d0e] ::ffff:127.0.0.1 [GET] /metrics Incoming Request: GET /metrics {"payload":{}}
2025-12-01 10:57:29.409 [INFO] [API_RESPONSE] [e7f7e166-c1a3-4a97-9298-bafb32c07d0e] ::ffff:127.0.0.1 [GET] /metrics 2ms 200 Response: GET /metrics 200 2ms {"payload":{}}
2025-12-01T03:57:34.407Z [INFO] [REQUEST_MIDDLEWARE] [21df6bb0-465c-4e10-a039-66bc2aa5e6bf] ::ffff:127.0.0.1 [GET] /metrics Incoming request {"userAgent":"Prometheus/3.7.3"}
2025-12-01 10:57:34.407 [INFO] [API_REQUEST] [21df6bb0-465c-4e10-a039-66bc2aa5e6bf] ::ffff:127.0.0.1 [GET] /metrics Incoming Request: GET /metrics {"payload":{}}
2025-12-01 10:57:34.408 [INFO] [API_RESPONSE] [21df6bb0-465c-4e10-a039-66bc2aa5e6bf] ::ffff:127.0.0.1 [GET] /metrics 1ms 200 Response: GET /metrics 200 1ms {"payload":{}}
2025-12-01T03:57:39.406Z [INFO] [REQUEST_MIDDLEWARE] [63f640ad-9a6a-4827-9d56-59cebc4627bf] ::ffff:127.0.0.1 [GET] /metrics Incoming request {"userAgent":"Prometheus/3.7.3"}
2025-12-01 10:57:39.407 [INFO] [API_REQUEST] [63f640ad-9a6a-4827-9d56-59cebc4627bf] ::ffff:127.0.0.1 [GET] /metrics Incoming Request: GET /metrics {"payload":{}}
2025-12-01 10:57:39.409 [INFO] [API_RESPONSE] [63f640ad-9a6a-4827-9d56-59cebc4627bf] ::ffff:127.0.0.1 [GET] /metrics 2ms 200 Response: GET /metrics 200 2ms {"payload":{}}
2025-12-01T03:57:44.408Z [INFO] [REQUEST_MIDDLEWARE] [1a1a96e7-2463-42a9-bde3-4c56ba82f276] ::ffff:127.0.0.1 [GET] /metrics Incoming request {"userAgent":"Prometheus/3.7.3"}
2025-12-01 10:57:44.408 [INFO] [API_REQUEST] [1a1a96e7-2463-42a9-bde3-4c56ba82f276] ::ffff:127.0.0.1 [GET] /metrics Incoming Request: GET /metrics {"payload":{}}
2025-12-01 10:57:44.409 [INFO] [API_RESPONSE] [1a1a96e7-2463-42a9-bde3-4c56ba82f276] ::ffff:127.0.0.1 [GET] /metrics 1ms 200 Response: GET /metrics 200 1ms {"payload":{}}
2025-12-01T03:57:49.408Z [INFO] [REQUEST_MIDDLEWARE] [dcc659a8-f03d-4ab6-b439-13051f98dcfa] ::ffff:127.0.0.1 [GET] /metrics Incoming request {"userAgent":"Prometheus/3.7.3"}
2025-12-01 10:57:49.408 [INFO] [API_REQUEST] [dcc659a8-f03d-4ab6-b439-13051f98dcfa] ::ffff:127.0.0.1 [GET] /metrics Incoming Request: GET /metrics {"payload":{}}
2025-12-01 10:57:49.409 [INFO] [API_RESPONSE] [dcc659a8-f03d-4ab6-b439-13051f98dcfa] ::ffff:127.0.0.1 [GET] /metrics 1ms 200 Response: GET /metrics 200 1ms {"payload":{}}
2025-12-01T03:57:54.408Z [INFO] [REQUEST_MIDDLEWARE] [fc818ae1-8bb6-4a9e-871a-a37377c0f41d] ::ffff:127.0.0.1 [GET] /metrics Incoming request {"userAgent":"Prometheus/3.7.3"}
2025-12-01 10:57:54.408 [INFO] [API_REQUEST] [fc818ae1-8bb6-4a9e-871a-a37377c0f41d] ::ffff:127.0.0.1 [GET] /metrics Incoming Request: GET /metrics {"payload":{}}
2025-12-01 10:57:54.409 [INFO] [API_RESPONSE] [fc818ae1-8bb6-4a9e-871a-a37377c0f41d] ::ffff:127.0.0.1 [GET] /metrics 1ms 200 Response: GET /metrics 200 1ms {"payload":{}}
2025-12-01T03:57:59.407Z [INFO] [REQUEST_MIDDLEWARE] [95d7310d-7ae8-4e72-a3e2-83351932b802] ::ffff:127.0.0.1 [GET] /metrics Incoming request {"userAgent":"Prometheus/3.7.3"}
2025-12-01 10:57:59.408 [INFO] [API_REQUEST] [95d7310d-7ae8-4e72-a3e2-83351932b802] ::ffff:127.0.0.1 [GET] /metrics Incoming Request: GET /metrics {"payload":{}}
2025-12-01 10:57:59.409 [INFO] [API_RESPONSE] [95d7310d-7ae8-4e72-a3e2-83351932b802] ::ffff:127.0.0.1 [GET] /metrics 1ms 200 Response: GET /metrics 200 1ms {"payload":{}}
2025-12-01T03:58:04.407Z [INFO] [REQUEST_MIDDLEWARE] [66860b1e-4ea7-4bdb-9597-ddfd8eee607b] ::ffff:127.0.0.1 [GET] /metrics Incoming request {"userAgent":"Prometheus/3.7.3"}
2025-12-01 10:58:04.408 [INFO] [API_REQUEST] [66860b1e-4ea7-4bdb-9597-ddfd8eee607b] ::ffff:127.0.0.1 [GET] /metrics Incoming Request: GET /metrics {"payload":{}}
2025-12-01 10:58:04.409 [INFO] [API_RESPONSE] [66860b1e-4ea7-4bdb-9597-ddfd8eee607b] ::ffff:127.0.0.1 [GET] /metrics 1ms 200 Response: GET /metrics 200 1ms {"payload":{}}
2025-12-01T03:58:09.409Z [INFO] [REQUEST_MIDDLEWARE] [db329c04-7532-475a-91ec-1b798eb67d97] ::ffff:127.0.0.1 [GET] /metrics Incoming request {"userAgent":"Prometheus/3.7.3"}
2025-12-01 10:58:09.411 [INFO] [API_REQUEST] [db329c04-7532-475a-91ec-1b798eb67d97] ::ffff:127.0.0.1 [GET] /metrics Incoming Request: GET /metrics {"payload":{}}
2025-12-01 10:58:09.417 [INFO] [API_RESPONSE] [db329c04-7532-475a-91ec-1b798eb67d97] ::ffff:127.0.0.1 [GET] /metrics 7ms 200 Response: GET /metrics 200 7ms {"payload":{}}
2025-12-01T03:58:14.410Z [INFO] [REQUEST_MIDDLEWARE] [7556aef8-2b8d-448e-9b35-e1ecea01acb3] ::ffff:127.0.0.1 [GET] /metrics Incoming request {"userAgent":"Prometheus/3.7.3"}
2025-12-01 10:58:14.411 [INFO] [API_REQUEST] [7556aef8-2b8d-448e-9b35-e1ecea01acb3] ::ffff:127.0.0.1 [GET] /metrics Incoming Request: GET /metrics {"payload":{}}
2025-12-01 10:58:14.417 [INFO] [API_RESPONSE] [7556aef8-2b8d-448e-9b35-e1ecea01acb3] ::ffff:127.0.0.1 [GET] /metrics 6ms 200 Response: GET /metrics 200 6ms {"payload":{}}
2025-12-01T03:58:19.407Z [INFO] [REQUEST_MIDDLEWARE] [207e7873-9ea4-4f5f-8bed-1badd39ae6a2] ::ffff:127.0.0.1 [GET] /metrics Incoming request {"userAgent":"Prometheus/3.7.3"}
2025-12-01 10:58:19.407 [INFO] [API_REQUEST] [207e7873-9ea4-4f5f-8bed-1badd39ae6a2] ::ffff:127.0.0.1 [GET] /metrics Incoming Request: GET /metrics {"payload":{}}
2025-12-01 10:58:19.408 [INFO] [API_RESPONSE] [207e7873-9ea4-4f5f-8bed-1badd39ae6a2] ::ffff:127.0.0.1 [GET] /metrics 1ms 200 Response: GET /metrics 200 1ms {"payload":{}}
2025-12-01T03:58:24.408Z [INFO] [REQUEST_MIDDLEWARE] [be503ba6-cf6b-45a0-9523-23a4d8af9cf6] ::ffff:127.0.0.1 [GET] /metrics Incoming request {"userAgent":"Prometheus/3.7.3"}
2025-12-01 10:58:24.408 [INFO] [API_REQUEST] [be503ba6-cf6b-45a0-9523-23a4d8af9cf6] ::ffff:127.0.0.1 [GET] /metrics Incoming Request: GET /metrics {"payload":{}}
2025-12-01 10:58:24.410 [INFO] [API_RESPONSE] [be503ba6-cf6b-45a0-9523-23a4d8af9cf6] ::ffff:127.0.0.1 [GET] /metrics 2ms 200 Response: GET /metrics 200 2ms {"payload":{}}
2025-12-01T03:58:29.407Z [INFO] [REQUEST_MIDDLEWARE] [4b634caa-b614-4fff-a64a-aa96b9c51517] ::ffff:127.0.0.1 [GET] /metrics Incoming request {"userAgent":"Prometheus/3.7.3"}
2025-12-01 10:58:29.408 [INFO] [API_REQUEST] [4b634caa-b614-4fff-a64a-aa96b9c51517] ::ffff:127.0.0.1 [GET] /metrics Incoming Request: GET /metrics {"payload":{}}
2025-12-01 10:58:29.409 [INFO] [API_RESPONSE] [4b634caa-b614-4fff-a64a-aa96b9c51517] ::ffff:127.0.0.1 [GET] /metrics 1ms 200 Response: GET /metrics 200 1ms {"payload":{}}
2025-12-01T03:58:34.407Z [INFO] [REQUEST_MIDDLEWARE] [c34dc1eb-3b31-4388-9836-77ca8a4336f0] ::ffff:127.0.0.1 [GET] /metrics Incoming request {"userAgent":"Prometheus/3.7.3"}
2025-12-01 10:58:34.408 [INFO] [API_REQUEST] [c34dc1eb-3b31-4388-9836-77ca8a4336f0] ::ffff:127.0.0.1 [GET] /metrics Incoming Request: GET /metrics {"payload":{}}
2025-12-01 10:58:34.409 [INFO] [API_RESPONSE] [c34dc1eb-3b31-4388-9836-77ca8a4336f0] ::ffff:127.0.0.1 [GET] /metrics 1ms 200 Response: GET /metrics 200 1ms {"payload":{}}
2025-12-01T03:58:39.407Z [INFO] [REQUEST_MIDDLEWARE] [79a286bd-6e0e-41b0-a2c2-8a849dbd85c3] ::ffff:127.0.0.1 [GET] /metrics Incoming request {"userAgent":"Prometheus/3.7.3"}
2025-12-01 10:58:39.408 [INFO] [API_REQUEST] [79a286bd-6e0e-41b0-a2c2-8a849dbd85c3] ::ffff:127.0.0.1 [GET] /metrics Incoming Request: GET /metrics {"payload":{}}
2025-12-01 10:58:39.409 [INFO] [API_RESPONSE] [79a286bd-6e0e-41b0-a2c2-8a849dbd85c3] ::ffff:127.0.0.1 [GET] /metrics 1ms 200 Response: GET /metrics 200 1ms {"payload":{}}
2025-12-01T03:58:44.407Z [INFO] [REQUEST_MIDDLEWARE] [5c19dd3a-531e-4301-8592-7620096bfa43] ::ffff:127.0.0.1 [GET] /metrics Incoming request {"userAgent":"Prometheus/3.7.3"}
2025-12-01 10:58:44.407 [INFO] [API_REQUEST] [5c19dd3a-531e-4301-8592-7620096bfa43] ::ffff:127.0.0.1 [GET] /metrics Incoming Request: GET /metrics {"payload":{}}
2025-12-01 10:58:44.409 [INFO] [API_RESPONSE] [5c19dd3a-531e-4301-8592-7620096bfa43] ::ffff:127.0.0.1 [GET] /metrics 2ms 200 Response: GET /metrics 200 2ms {"payload":{}}
2025-12-01T03:58:49.407Z [INFO] [REQUEST_MIDDLEWARE] [8676d82a-8f1e-4211-a2b4-a74965380c8d] ::ffff:127.0.0.1 [GET] /metrics Incoming request {"userAgent":"Prometheus/3.7.3"}
2025-12-01 10:58:49.407 [INFO] [API_REQUEST] [8676d82a-8f1e-4211-a2b4-a74965380c8d] ::ffff:127.0.0.1 [GET] /metrics Incoming Request: GET /metrics {"payload":{}}
2025-12-01 10:58:49.408 [INFO] [API_RESPONSE] [8676d82a-8f1e-4211-a2b4-a74965380c8d] ::ffff:127.0.0.1 [GET] /metrics 1ms 200 Response: GET /metrics 200 1ms {"payload":{}}
2025-12-01T03:58:54.407Z [INFO] [REQUEST_MIDDLEWARE] [2dbea3e2-0918-4dc7-9fe1-6f44af930eb3] ::ffff:127.0.0.1 [GET] /metrics Incoming request {"userAgent":"Prometheus/3.7.3"}
2025-12-01 10:58:54.407 [INFO] [API_REQUEST] [2dbea3e2-0918-4dc7-9fe1-6f44af930eb3] ::ffff:127.0.0.1 [GET] /metrics Incoming Request: GET /metrics {"payload":{}}
2025-12-01 10:58:54.409 [INFO] [API_RESPONSE] [2dbea3e2-0918-4dc7-9fe1-6f44af930eb3] ::ffff:127.0.0.1 [GET] /metrics 2ms 200 Response: GET /metrics 200 2ms {"payload":{}}
2025-12-01T03:58:59.407Z [INFO] [REQUEST_MIDDLEWARE] [7629e1ae-3110-4e79-9c87-6a587dafc2f8] ::ffff:127.0.0.1 [GET] /metrics Incoming request {"userAgent":"Prometheus/3.7.3"}
2025-12-01 10:58:59.408 [INFO] [API_REQUEST] [7629e1ae-3110-4e79-9c87-6a587dafc2f8] ::ffff:127.0.0.1 [GET] /metrics Incoming Request: GET /metrics {"payload":{}}
2025-12-01 10:58:59.409 [INFO] [API_RESPONSE] [7629e1ae-3110-4e79-9c87-6a587dafc2f8] ::ffff:127.0.0.1 [GET] /metrics 1ms 200 Response: GET /metrics 200 1ms {"payload":{}}
2025-12-01T03:59:04.406Z [INFO] [REQUEST_MIDDLEWARE] [62cab529-bfe9-4fdb-a915-0fb6eeab1513] ::ffff:127.0.0.1 [GET] /metrics Incoming request {"userAgent":"Prometheus/3.7.3"}
2025-12-01 10:59:04.406 [INFO] [API_REQUEST] [62cab529-bfe9-4fdb-a915-0fb6eeab1513] ::ffff:127.0.0.1 [GET] /metrics Incoming Request: GET /metrics {"payload":{}}
2025-12-01 10:59:04.407 [INFO] [API_RESPONSE] [62cab529-bfe9-4fdb-a915-0fb6eeab1513] ::ffff:127.0.0.1 [GET] /metrics 1ms 200 Response: GET /metrics 200 1ms {"payload":{}}
2025-12-01T03:59:09.407Z [INFO] [REQUEST_MIDDLEWARE] [31be2d1e-9ad0-419b-82de-2626b1e6db24] ::ffff:127.0.0.1 [GET] /metrics Incoming request {"userAgent":"Prometheus/3.7.3"}
2025-12-01 10:59:09.408 [INFO] [API_REQUEST] [31be2d1e-9ad0-419b-82de-2626b1e6db24] ::ffff:127.0.0.1 [GET] /metrics Incoming Request: GET /metrics {"payload":{}}
2025-12-01 10:59:09.409 [INFO] [API_RESPONSE] [31be2d1e-9ad0-419b-82de-2626b1e6db24] ::ffff:127.0.0.1 [GET] /metrics 2ms 200 Response: GET /metrics 200 2ms {"payload":{}}
2025-12-01T03:59:14.407Z [INFO] [REQUEST_MIDDLEWARE] [76c4b4e5-9e55-4532-bfc6-d7bbee3f9f5d] ::ffff:127.0.0.1 [GET] /metrics Incoming request {"userAgent":"Prometheus/3.7.3"}
2025-12-01 10:59:14.407 [INFO] [API_REQUEST] [76c4b4e5-9e55-4532-bfc6-d7bbee3f9f5d] ::ffff:127.0.0.1 [GET] /metrics Incoming Request: GET /metrics {"payload":{}}
2025-12-01 10:59:14.409 [INFO] [API_RESPONSE] [76c4b4e5-9e55-4532-bfc6-d7bbee3f9f5d] ::ffff:127.0.0.1 [GET] /metrics 2ms 200 Response: GET /metrics 200 2ms {"payload":{}}
2025-12-01T03:59:19.408Z [INFO] [REQUEST_MIDDLEWARE] [e3b248dc-4470-4c7a-8113-7fd804619c1d] ::ffff:127.0.0.1 [GET] /metrics Incoming request {"userAgent":"Prometheus/3.7.3"}
2025-12-01 10:59:19.408 [INFO] [API_REQUEST] [e3b248dc-4470-4c7a-8113-7fd804619c1d] ::ffff:127.0.0.1 [GET] /metrics Incoming Request: GET /metrics {"payload":{}}
2025-12-01 10:59:19.409 [INFO] [API_RESPONSE] [e3b248dc-4470-4c7a-8113-7fd804619c1d] ::ffff:127.0.0.1 [GET] /metrics 1ms 200 Response: GET /metrics 200 1ms {"payload":{}}
2025-12-01T03:59:24.408Z [INFO] [REQUEST_MIDDLEWARE] [588cd33f-cbcb-42aa-939c-98444df264de] ::ffff:127.0.0.1 [GET] /metrics Incoming request {"userAgent":"Prometheus/3.7.3"}
2025-12-01 10:59:24.408 [INFO] [API_REQUEST] [588cd33f-cbcb-42aa-939c-98444df264de] ::ffff:127.0.0.1 [GET] /metrics Incoming Request: GET /metrics {"payload":{}}
2025-12-01 10:59:24.410 [INFO] [API_RESPONSE] [588cd33f-cbcb-42aa-939c-98444df264de] ::ffff:127.0.0.1 [GET] /metrics 2ms 200 Response: GET /metrics 200 2ms {"payload":{}}
2025-12-01T03:59:29.407Z [INFO] [REQUEST_MIDDLEWARE] [1cf35e0a-3e6f-44d2-8b1f-867215782d92] ::ffff:127.0.0.1 [GET] /metrics Incoming request {"userAgent":"Prometheus/3.7.3"}
2025-12-01 10:59:29.407 [INFO] [API_REQUEST] [1cf35e0a-3e6f-44d2-8b1f-867215782d92] ::ffff:127.0.0.1 [GET] /metrics Incoming Request: GET /metrics {"payload":{}}
2025-12-01 10:59:29.409 [INFO] [API_RESPONSE] [1cf35e0a-3e6f-44d2-8b1f-867215782d92] ::ffff:127.0.0.1 [GET] /metrics 2ms 200 Response: GET /metrics 200 2ms {"payload":{}}
2025-12-01T03:59:34.407Z [INFO] [REQUEST_MIDDLEWARE] [44bcc168-31a5-4911-a072-b8129e42be74] ::ffff:127.0.0.1 [GET] /metrics Incoming request {"userAgent":"Prometheus/3.7.3"}
2025-12-01 10:59:34.407 [INFO] [API_REQUEST] [44bcc168-31a5-4911-a072-b8129e42be74] ::ffff:127.0.0.1 [GET] /metrics Incoming Request: GET /metrics {"payload":{}}
2025-12-01 10:59:34.409 [INFO] [API_RESPONSE] [44bcc168-31a5-4911-a072-b8129e42be74] ::ffff:127.0.0.1 [GET] /metrics 2ms 200 Response: GET /metrics 200 2ms {"payload":{}}
2025-12-01T03:59:39.406Z [INFO] [REQUEST_MIDDLEWARE] [1fbc6001-28d3-4993-8a77-3eac4160ae24] ::ffff:127.0.0.1 [GET] /metrics Incoming request {"userAgent":"Prometheus/3.7.3"}
2025-12-01 10:59:39.407 [INFO] [API_REQUEST] [1fbc6001-28d3-4993-8a77-3eac4160ae24] ::ffff:127.0.0.1 [GET] /metrics Incoming Request: GET /metrics {"payload":{}}
2025-12-01 10:59:39.408 [INFO] [API_RESPONSE] [1fbc6001-28d3-4993-8a77-3eac4160ae24] ::ffff:127.0.0.1 [GET] /metrics 1ms 200 Response: GET /metrics 200 1ms {"payload":{}}
2025-12-01T03:59:44.407Z [INFO] [REQUEST_MIDDLEWARE] [d0bba3d3-c452-4e6e-94c8-8c2e4d5e3dcc] ::ffff:127.0.0.1 [GET] /metrics Incoming request {"userAgent":"Prometheus/3.7.3"}
2025-12-01 10:59:44.408 [INFO] [API_REQUEST] [d0bba3d3-c452-4e6e-94c8-8c2e4d5e3dcc] ::ffff:127.0.0.1 [GET] /metrics Incoming Request: GET /metrics {"payload":{}}
2025-12-01 10:59:44.409 [INFO] [API_RESPONSE] [d0bba3d3-c452-4e6e-94c8-8c2e4d5e3dcc] ::ffff:127.0.0.1 [GET] /metrics 1ms 200 Response: GET /metrics 200 1ms {"payload":{}}
2025-12-01T03:59:49.407Z [INFO] [REQUEST_MIDDLEWARE] [21e2891a-fb2e-4ffd-bf07-468b23c655ac] ::ffff:127.0.0.1 [GET] /metrics Incoming request {"userAgent":"Prometheus/3.7.3"}
2025-12-01 10:59:49.408 [INFO] [API_REQUEST] [21e2891a-fb2e-4ffd-bf07-468b23c655ac] ::ffff:127.0.0.1 [GET] /metrics Incoming Request: GET /metrics {"payload":{}}
2025-12-01 10:59:49.409 [INFO] [API_RESPONSE] [21e2891a-fb2e-4ffd-bf07-468b23c655ac] ::ffff:127.0.0.1 [GET] /metrics 1ms 200 Response: GET /metrics 200 1ms {"payload":{}}
2025-12-01T03:59:54.407Z [INFO] [REQUEST_MIDDLEWARE] [8660e01f-c63d-4754-be86-2099bc2ecf1d] ::ffff:127.0.0.1 [GET] /metrics Incoming request {"userAgent":"Prometheus/3.7.3"}
2025-12-01 10:59:54.407 [INFO] [API_REQUEST] [8660e01f-c63d-4754-be86-2099bc2ecf1d] ::ffff:127.0.0.1 [GET] /metrics Incoming Request: GET /metrics {"payload":{}}
2025-12-01 10:59:54.409 [INFO] [API_RESPONSE] [8660e01f-c63d-4754-be86-2099bc2ecf1d] ::ffff:127.0.0.1 [GET] /metrics 2ms 200 Response: GET /metrics 200 2ms {"payload":{}}
2025-12-01T03:59:59.407Z [INFO] [REQUEST_MIDDLEWARE] [593272f3-463f-4e7f-bc7c-7a4db592a37f] ::ffff:127.0.0.1 [GET] /metrics Incoming request {"userAgent":"Prometheus/3.7.3"}
2025-12-01 10:59:59.407 [INFO] [API_REQUEST] [593272f3-463f-4e7f-bc7c-7a4db592a37f] ::ffff:127.0.0.1 [GET] /metrics Incoming Request: GET /metrics {"payload":{}}
2025-12-01 10:59:59.408 [INFO] [API_RESPONSE] [593272f3-463f-4e7f-bc7c-7a4db592a37f] ::ffff:127.0.0.1 [GET] /metrics 1ms 200 Response: GET /metrics 200 1ms {"payload":{}}
2025-12-01T04:00:04.407Z [INFO] [REQUEST_MIDDLEWARE] [c75ccf6d-577b-49ac-9725-8816cceacb6a] ::ffff:127.0.0.1 [GET] /metrics Incoming request {"userAgent":"Prometheus/3.7.3"}
2025-12-01 11:00:04.407 [INFO] [API_REQUEST] [c75ccf6d-577b-49ac-9725-8816cceacb6a] ::ffff:127.0.0.1 [GET] /metrics Incoming Request: GET /metrics {"payload":{}}
2025-12-01 11:00:04.409 [INFO] [API_RESPONSE] [c75ccf6d-577b-49ac-9725-8816cceacb6a] ::ffff:127.0.0.1 [GET] /metrics 2ms 200 Response: GET /metrics 200 2ms {"payload":{}}
2025-12-01T04:00:09.407Z [INFO] [REQUEST_MIDDLEWARE] [438970fd-0844-4b14-b9f2-84f5d5ce959f] ::ffff:127.0.0.1 [GET] /metrics Incoming request {"userAgent":"Prometheus/3.7.3"}
2025-12-01 11:00:09.408 [INFO] [API_REQUEST] [438970fd-0844-4b14-b9f2-84f5d5ce959f] ::ffff:127.0.0.1 [GET] /metrics Incoming Request: GET /metrics {"payload":{}}
2025-12-01 11:00:09.409 [INFO] [API_RESPONSE] [438970fd-0844-4b14-b9f2-84f5d5ce959f] ::ffff:127.0.0.1 [GET] /metrics 1ms 200 Response: GET /metrics 200 1ms {"payload":{}}
2025-12-01T04:00:14.407Z [INFO] [REQUEST_MIDDLEWARE] [f60c7469-f4dd-4344-9f67-8378b93247c2] ::ffff:127.0.0.1 [GET] /metrics Incoming request {"userAgent":"Prometheus/3.7.3"}
2025-12-01 11:00:14.407 [INFO] [API_REQUEST] [f60c7469-f4dd-4344-9f67-8378b93247c2] ::ffff:127.0.0.1 [GET] /metrics Incoming Request: GET /metrics {"payload":{}}
2025-12-01 11:00:14.409 [INFO] [API_RESPONSE] [f60c7469-f4dd-4344-9f67-8378b93247c2] ::ffff:127.0.0.1 [GET] /metrics 2ms 200 Response: GET /metrics 200 2ms {"payload":{}}
2025-12-01T04:00:19.407Z [INFO] [REQUEST_MIDDLEWARE] [00b15a59-04a3-4d33-94e5-f205f0560ceb] ::ffff:127.0.0.1 [GET] /metrics Incoming request {"userAgent":"Prometheus/3.7.3"}
2025-12-01 11:00:19.408 [INFO] [API_REQUEST] [00b15a59-04a3-4d33-94e5-f205f0560ceb] ::ffff:127.0.0.1 [GET] /metrics Incoming Request: GET /metrics {"payload":{}}
2025-12-01 11:00:19.409 [INFO] [API_RESPONSE] [00b15a59-04a3-4d33-94e5-f205f0560ceb] ::ffff:127.0.0.1 [GET] /metrics 1ms 200 Response: GET /metrics 200 1ms {"payload":{}}
2025-12-01T04:00:24.410Z [INFO] [REQUEST_MIDDLEWARE] [763a7fa0-b776-4421-b127-a1feba83f164] ::ffff:127.0.0.1 [GET] /metrics Incoming request {"userAgent":"Prometheus/3.7.3"}
2025-12-01 11:00:24.411 [INFO] [API_REQUEST] [763a7fa0-b776-4421-b127-a1feba83f164] ::ffff:127.0.0.1 [GET] /metrics Incoming Request: GET /metrics {"payload":{}}
2025-12-01 11:00:24.417 [INFO] [API_RESPONSE] [763a7fa0-b776-4421-b127-a1feba83f164] ::ffff:127.0.0.1 [GET] /metrics 6ms 200 Response: GET /metrics 200 6ms {"payload":{}}
2025-12-01T04:00:29.407Z [INFO] [REQUEST_MIDDLEWARE] [ccf00251-4079-4a39-8c80-4aabba631dc4] ::ffff:127.0.0.1 [GET] /metrics Incoming request {"userAgent":"Prometheus/3.7.3"}
2025-12-01 11:00:29.408 [INFO] [API_REQUEST] [ccf00251-4079-4a39-8c80-4aabba631dc4] ::ffff:127.0.0.1 [GET] /metrics Incoming Request: GET /metrics {"payload":{}}
2025-12-01 11:00:29.409 [INFO] [API_RESPONSE] [ccf00251-4079-4a39-8c80-4aabba631dc4] ::ffff:127.0.0.1 [GET] /metrics 1ms 200 Response: GET /metrics 200 1ms {"payload":{}}
2025-12-01T04:00:34.407Z [INFO] [REQUEST_MIDDLEWARE] [d8ec4412-fa9e-48cf-b098-7a5eba447229] ::ffff:127.0.0.1 [GET] /metrics Incoming request {"userAgent":"Prometheus/3.7.3"}
2025-12-01 11:00:34.407 [INFO] [API_REQUEST] [d8ec4412-fa9e-48cf-b098-7a5eba447229] ::ffff:127.0.0.1 [GET] /metrics Incoming Request: GET /metrics {"payload":{}}
2025-12-01 11:00:34.408 [INFO] [API_RESPONSE] [d8ec4412-fa9e-48cf-b098-7a5eba447229] ::ffff:127.0.0.1 [GET] /metrics 1ms 200 Response: GET /metrics 200 1ms {"payload":{}}
2025-12-01T04:00:39.406Z [INFO] [REQUEST_MIDDLEWARE] [47b70992-c12e-4271-a7dc-395f04b4d802] ::ffff:127.0.0.1 [GET] /metrics Incoming request {"userAgent":"Prometheus/3.7.3"}
2025-12-01 11:00:39.406 [INFO] [API_REQUEST] [47b70992-c12e-4271-a7dc-395f04b4d802] ::ffff:127.0.0.1 [GET] /metrics Incoming Request: GET /metrics {"payload":{}}
2025-12-01 11:00:39.407 [INFO] [API_RESPONSE] [47b70992-c12e-4271-a7dc-395f04b4d802] ::ffff:127.0.0.1 [GET] /metrics 1ms 200 Response: GET /metrics 200 1ms {"payload":{}}
2025-12-01T04:00:44.407Z [INFO] [REQUEST_MIDDLEWARE] [3cd52f6e-c4cc-4ba8-a57d-13f3fd6c09f9] ::ffff:127.0.0.1 [GET] /metrics Incoming request {"userAgent":"Prometheus/3.7.3"}
2025-12-01 11:00:44.407 [INFO] [API_REQUEST] [3cd52f6e-c4cc-4ba8-a57d-13f3fd6c09f9] ::ffff:127.0.0.1 [GET] /metrics Incoming Request: GET /metrics {"payload":{}}
2025-12-01 11:00:44.408 [INFO] [API_RESPONSE] [3cd52f6e-c4cc-4ba8-a57d-13f3fd6c09f9] ::ffff:127.0.0.1 [GET] /metrics 1ms 200 Response: GET /metrics 200 1ms {"payload":{}}
2025-12-01T04:00:49.407Z [INFO] [REQUEST_MIDDLEWARE] [eed392d8-9edc-44ed-8839-d42ff340a43d] ::ffff:127.0.0.1 [GET] /metrics Incoming request {"userAgent":"Prometheus/3.7.3"}
2025-12-01 11:00:49.407 [INFO] [API_REQUEST] [eed392d8-9edc-44ed-8839-d42ff340a43d] ::ffff:127.0.0.1 [GET] /metrics Incoming Request: GET /metrics {"payload":{}}
2025-12-01 11:00:49.409 [INFO] [API_RESPONSE] [eed392d8-9edc-44ed-8839-d42ff340a43d] ::ffff:127.0.0.1 [GET] /metrics 2ms 200 Response: GET /metrics 200 2ms {"payload":{}}
2025-12-01T04:00:54.407Z [INFO] [REQUEST_MIDDLEWARE] [e0f2938b-8357-4d50-8d9f-4d57f578140d] ::ffff:127.0.0.1 [GET] /metrics Incoming request {"userAgent":"Prometheus/3.7.3"}
2025-12-01 11:00:54.407 [INFO] [API_REQUEST] [e0f2938b-8357-4d50-8d9f-4d57f578140d] ::ffff:127.0.0.1 [GET] /metrics Incoming Request: GET /metrics {"payload":{}}
2025-12-01 11:00:54.408 [INFO] [API_RESPONSE] [e0f2938b-8357-4d50-8d9f-4d57f578140d] ::ffff:127.0.0.1 [GET] /metrics 1ms 200 Response: GET /metrics 200 1ms {"payload":{}}
2025-12-01T04:00:59.407Z [INFO] [REQUEST_MIDDLEWARE] [4e1eac68-5d3c-465d-96f5-69931037fc76] ::ffff:127.0.0.1 [GET] /metrics Incoming request {"userAgent":"Prometheus/3.7.3"}
2025-12-01 11:00:59.407 [INFO] [API_REQUEST] [4e1eac68-5d3c-465d-96f5-69931037fc76] ::ffff:127.0.0.1 [GET] /metrics Incoming Request: GET /metrics {"payload":{}}
2025-12-01 11:00:59.408 [INFO] [API_RESPONSE] [4e1eac68-5d3c-465d-96f5-69931037fc76] ::ffff:127.0.0.1 [GET] /metrics 1ms 200 Response: GET /metrics 200 1ms {"payload":{}}
2025-12-01T04:01:04.407Z [INFO] [REQUEST_MIDDLEWARE] [1f68d135-7030-4b5c-ba30-f9172299bd23] ::ffff:127.0.0.1 [GET] /metrics Incoming request {"userAgent":"Prometheus/3.7.3"}
2025-12-01 11:01:04.408 [INFO] [API_REQUEST] [1f68d135-7030-4b5c-ba30-f9172299bd23] ::ffff:127.0.0.1 [GET] /metrics Incoming Request: GET /metrics {"payload":{}}
2025-12-01 11:01:04.409 [INFO] [API_RESPONSE] [1f68d135-7030-4b5c-ba30-f9172299bd23] ::ffff:127.0.0.1 [GET] /metrics 1ms 200 Response: GET /metrics 200 1ms {"payload":{}}
2025-12-01T04:01:09.407Z [INFO] [REQUEST_MIDDLEWARE] [f6d921b1-eb63-4b48-8906-d5a6bc27cef7] ::ffff:127.0.0.1 [GET] /metrics Incoming request {"userAgent":"Prometheus/3.7.3"}
2025-12-01 11:01:09.407 [INFO] [API_REQUEST] [f6d921b1-eb63-4b48-8906-d5a6bc27cef7] ::ffff:127.0.0.1 [GET] /metrics Incoming Request: GET /metrics {"payload":{}}
2025-12-01 11:01:09.408 [INFO] [API_RESPONSE] [f6d921b1-eb63-4b48-8906-d5a6bc27cef7] ::ffff:127.0.0.1 [GET] /metrics 1ms 200 Response: GET /metrics 200 1ms {"payload":{}}
2025-12-01T04:01:14.407Z [INFO] [REQUEST_MIDDLEWARE] [5ee920a7-5762-496f-b7a4-9173ba8dab4c] ::ffff:127.0.0.1 [GET] /metrics Incoming request {"userAgent":"Prometheus/3.7.3"}
2025-12-01 11:01:14.408 [INFO] [API_REQUEST] [5ee920a7-5762-496f-b7a4-9173ba8dab4c] ::ffff:127.0.0.1 [GET] /metrics Incoming Request: GET /metrics {"payload":{}}
2025-12-01 11:01:14.409 [INFO] [API_RESPONSE] [5ee920a7-5762-496f-b7a4-9173ba8dab4c] ::ffff:127.0.0.1 [GET] /metrics 1ms 200 Response: GET /metrics 200 1ms {"payload":{}}
2025-12-01T04:01:19.407Z [INFO] [REQUEST_MIDDLEWARE] [11587869-5cd4-462a-b26b-8b86ff3bcf4a] ::ffff:127.0.0.1 [GET] /metrics Incoming request {"userAgent":"Prometheus/3.7.3"}
2025-12-01 11:01:19.407 [INFO] [API_REQUEST] [11587869-5cd4-462a-b26b-8b86ff3bcf4a] ::ffff:127.0.0.1 [GET] /metrics Incoming Request: GET /metrics {"payload":{}}
2025-12-01 11:01:19.409 [INFO] [API_RESPONSE] [11587869-5cd4-462a-b26b-8b86ff3bcf4a] ::ffff:127.0.0.1 [GET] /metrics 2ms 200 Response: GET /metrics 200 2ms {"payload":{}}
2025-12-01T04:01:24.407Z [INFO] [REQUEST_MIDDLEWARE] [5a725255-de4b-4471-b5c4-aa376931db5a] ::ffff:127.0.0.1 [GET] /metrics Incoming request {"userAgent":"Prometheus/3.7.3"}
2025-12-01 11:01:24.408 [INFO] [API_REQUEST] [5a725255-de4b-4471-b5c4-aa376931db5a] ::ffff:127.0.0.1 [GET] /metrics Incoming Request: GET /metrics {"payload":{}}
2025-12-01 11:01:24.409 [INFO] [API_RESPONSE] [5a725255-de4b-4471-b5c4-aa376931db5a] ::ffff:127.0.0.1 [GET] /metrics 1ms 200 Response: GET /metrics 200 1ms {"payload":{}}
2025-12-01T04:01:29.407Z [INFO] [REQUEST_MIDDLEWARE] [4fe98e2c-32ce-40cb-8b07-d3ef1625a1b0] ::ffff:127.0.0.1 [GET] /metrics Incoming request {"userAgent":"Prometheus/3.7.3"}
2025-12-01 11:01:29.408 [INFO] [API_REQUEST] [4fe98e2c-32ce-40cb-8b07-d3ef1625a1b0] ::ffff:127.0.0.1 [GET] /metrics Incoming Request: GET /metrics {"payload":{}}
2025-12-01 11:01:29.409 [INFO] [API_RESPONSE] [4fe98e2c-32ce-40cb-8b07-d3ef1625a1b0] ::ffff:127.0.0.1 [GET] /metrics 1ms 200 Response: GET /metrics 200 1ms {"payload":{}}
2025-12-01T04:01:34.407Z [INFO] [REQUEST_MIDDLEWARE] [e07621bd-725e-4598-a8b0-ab90f343d58d] ::ffff:127.0.0.1 [GET] /metrics Incoming request {"userAgent":"Prometheus/3.7.3"}
2025-12-01 11:01:34.407 [INFO] [API_REQUEST] [e07621bd-725e-4598-a8b0-ab90f343d58d] ::ffff:127.0.0.1 [GET] /metrics Incoming Request: GET /metrics {"payload":{}}
2025-12-01 11:01:34.409 [INFO] [API_RESPONSE] [e07621bd-725e-4598-a8b0-ab90f343d58d] ::ffff:127.0.0.1 [GET] /metrics 2ms 200 Response: GET /metrics 200 2ms {"payload":{}}
2025-12-01T04:01:39.406Z [INFO] [REQUEST_MIDDLEWARE] [6bf86d24-53ee-4b61-8560-58abf588b447] ::ffff:127.0.0.1 [GET] /metrics Incoming request {"userAgent":"Prometheus/3.7.3"}
2025-12-01 11:01:39.406 [INFO] [API_REQUEST] [6bf86d24-53ee-4b61-8560-58abf588b447] ::ffff:127.0.0.1 [GET] /metrics Incoming Request: GET /metrics {"payload":{}}
2025-12-01 11:01:39.407 [INFO] [API_RESPONSE] [6bf86d24-53ee-4b61-8560-58abf588b447] ::ffff:127.0.0.1 [GET] /metrics 1ms 200 Response: GET /metrics 200 1ms {"payload":{}}
2025-12-01T04:01:44.407Z [INFO] [REQUEST_MIDDLEWARE] [c04614f7-4354-4317-9c32-279834df622a] ::ffff:127.0.0.1 [GET] /metrics Incoming request {"userAgent":"Prometheus/3.7.3"}
2025-12-01 11:01:44.408 [INFO] [API_REQUEST] [c04614f7-4354-4317-9c32-279834df622a] ::ffff:127.0.0.1 [GET] /metrics Incoming Request: GET /metrics {"payload":{}}
2025-12-01 11:01:44.409 [INFO] [API_RESPONSE] [c04614f7-4354-4317-9c32-279834df622a] ::ffff:127.0.0.1 [GET] /metrics 2ms 200 Response: GET /metrics 200 2ms {"payload":{}}
2025-12-01T04:01:49.408Z [INFO] [REQUEST_MIDDLEWARE] [d3ea767d-6ba1-4a08-bf21-f08e5634082e] ::ffff:127.0.0.1 [GET] /metrics Incoming request {"userAgent":"Prometheus/3.7.3"}
2025-12-01 11:01:49.408 [INFO] [API_REQUEST] [d3ea767d-6ba1-4a08-bf21-f08e5634082e] ::ffff:127.0.0.1 [GET] /metrics Incoming Request: GET /metrics {"payload":{}}
2025-12-01 11:01:49.410 [INFO] [API_RESPONSE] [d3ea767d-6ba1-4a08-bf21-f08e5634082e] ::ffff:127.0.0.1 [GET] /metrics 2ms 200 Response: GET /metrics 200 2ms {"payload":{}}
2025-12-01T04:01:54.407Z [INFO] [REQUEST_MIDDLEWARE] [3050a271-7d44-4ff3-914d-32aad042e527] ::ffff:127.0.0.1 [GET] /metrics Incoming request {"userAgent":"Prometheus/3.7.3"}
2025-12-01 11:01:54.407 [INFO] [API_REQUEST] [3050a271-7d44-4ff3-914d-32aad042e527] ::ffff:127.0.0.1 [GET] /metrics Incoming Request: GET /metrics {"payload":{}}
2025-12-01 11:01:54.409 [INFO] [API_RESPONSE] [3050a271-7d44-4ff3-914d-32aad042e527] ::ffff:127.0.0.1 [GET] /metrics 2ms 200 Response: GET /metrics 200 2ms {"payload":{}}
2025-12-01T04:01:59.407Z [INFO] [REQUEST_MIDDLEWARE] [a3fcb490-fdc6-4900-bcac-6c9be5928e7b] ::ffff:127.0.0.1 [GET] /metrics Incoming request {"userAgent":"Prometheus/3.7.3"}
2025-12-01 11:01:59.408 [INFO] [API_REQUEST] [a3fcb490-fdc6-4900-bcac-6c9be5928e7b] ::ffff:127.0.0.1 [GET] /metrics Incoming Request: GET /metrics {"payload":{}}
2025-12-01 11:01:59.409 [INFO] [API_RESPONSE] [a3fcb490-fdc6-4900-bcac-6c9be5928e7b] ::ffff:127.0.0.1 [GET] /metrics 1ms 200 Response: GET /metrics 200 1ms {"payload":{}}
2025-12-01T04:02:04.408Z [INFO] [REQUEST_MIDDLEWARE] [0405809d-ae26-4432-a2d0-7ab39683b059] ::ffff:127.0.0.1 [GET] /metrics Incoming request {"userAgent":"Prometheus/3.7.3"}
2025-12-01 11:02:04.408 [INFO] [API_REQUEST] [0405809d-ae26-4432-a2d0-7ab39683b059] ::ffff:127.0.0.1 [GET] /metrics Incoming Request: GET /metrics {"payload":{}}
2025-12-01 11:02:04.409 [INFO] [API_RESPONSE] [0405809d-ae26-4432-a2d0-7ab39683b059] ::ffff:127.0.0.1 [GET] /metrics 1ms 200 Response: GET /metrics 200 1ms {"payload":{}}
2025-12-01T04:02:09.407Z [INFO] [REQUEST_MIDDLEWARE] [eaa4ba58-b5ae-4afc-b519-3b65913d0d7d] ::ffff:127.0.0.1 [GET] /metrics Incoming request {"userAgent":"Prometheus/3.7.3"}
2025-12-01 11:02:09.408 [INFO] [API_REQUEST] [eaa4ba58-b5ae-4afc-b519-3b65913d0d7d] ::ffff:127.0.0.1 [GET] /metrics Incoming Request: GET /metrics {"payload":{}}
2025-12-01 11:02:09.409 [INFO] [API_RESPONSE] [eaa4ba58-b5ae-4afc-b519-3b65913d0d7d] ::ffff:127.0.0.1 [GET] /metrics 1ms 200 Response: GET /metrics 200 1ms {"payload":{}}
2025-12-01T04:02:14.407Z [INFO] [REQUEST_MIDDLEWARE] [18be2302-0400-45ac-ad57-f077e4f5673d] ::ffff:127.0.0.1 [GET] /metrics Incoming request {"userAgent":"Prometheus/3.7.3"}
2025-12-01 11:02:14.408 [INFO] [API_REQUEST] [18be2302-0400-45ac-ad57-f077e4f5673d] ::ffff:127.0.0.1 [GET] /metrics Incoming Request: GET /metrics {"payload":{}}
2025-12-01 11:02:14.409 [INFO] [API_RESPONSE] [18be2302-0400-45ac-ad57-f077e4f5673d] ::ffff:127.0.0.1 [GET] /metrics 1ms 200 Response: GET /metrics 200 1ms {"payload":{}}
2025-12-01T04:02:19.407Z [INFO] [REQUEST_MIDDLEWARE] [cae62005-1f39-41e7-bbca-06f3fbd26f88] ::ffff:127.0.0.1 [GET] /metrics Incoming request {"userAgent":"Prometheus/3.7.3"}
2025-12-01 11:02:19.407 [INFO] [API_REQUEST] [cae62005-1f39-41e7-bbca-06f3fbd26f88] ::ffff:127.0.0.1 [GET] /metrics Incoming Request: GET /metrics {"payload":{}}
2025-12-01 11:02:19.409 [INFO] [API_RESPONSE] [cae62005-1f39-41e7-bbca-06f3fbd26f88] ::ffff:127.0.0.1 [GET] /metrics 2ms 200 Response: GET /metrics 200 2ms {"payload":{}}
2025-12-01T04:02:24.408Z [INFO] [REQUEST_MIDDLEWARE] [b1c7cf8e-09a5-4664-9395-48feca7c04cc] ::ffff:127.0.0.1 [GET] /metrics Incoming request {"userAgent":"Prometheus/3.7.3"}
2025-12-01 11:02:24.408 [INFO] [API_REQUEST] [b1c7cf8e-09a5-4664-9395-48feca7c04cc] ::ffff:127.0.0.1 [GET] /metrics Incoming Request: GET /metrics {"payload":{}}
2025-12-01 11:02:24.410 [INFO] [API_RESPONSE] [b1c7cf8e-09a5-4664-9395-48feca7c04cc] ::ffff:127.0.0.1 [GET] /metrics 2ms 200 Response: GET /metrics 200 2ms {"payload":{}}
2025-12-01T04:02:29.406Z [INFO] [REQUEST_MIDDLEWARE] [071eb442-dea4-427e-adc6-ea3b29db70c8] ::ffff:127.0.0.1 [GET] /metrics Incoming request {"userAgent":"Prometheus/3.7.3"}
2025-12-01 11:02:29.406 [INFO] [API_REQUEST] [071eb442-dea4-427e-adc6-ea3b29db70c8] ::ffff:127.0.0.1 [GET] /metrics Incoming Request: GET /metrics {"payload":{}}
2025-12-01 11:02:29.407 [INFO] [API_RESPONSE] [071eb442-dea4-427e-adc6-ea3b29db70c8] ::ffff:127.0.0.1 [GET] /metrics 1ms 200 Response: GET /metrics 200 1ms {"payload":{}}
2025-12-01T04:02:34.407Z [INFO] [REQUEST_MIDDLEWARE] [88655d05-3b15-459a-82a4-4cf57768d3f2] ::ffff:127.0.0.1 [GET] /metrics Incoming request {"userAgent":"Prometheus/3.7.3"}
2025-12-01 11:02:34.407 [INFO] [API_REQUEST] [88655d05-3b15-459a-82a4-4cf57768d3f2] ::ffff:127.0.0.1 [GET] /metrics Incoming Request: GET /metrics {"payload":{}}
2025-12-01 11:02:34.409 [INFO] [API_RESPONSE] [88655d05-3b15-459a-82a4-4cf57768d3f2] ::ffff:127.0.0.1 [GET] /metrics 2ms 200 Response: GET /metrics 200 2ms {"payload":{}}
2025-12-01T04:02:39.406Z [INFO] [REQUEST_MIDDLEWARE] [9ab189a2-6ddf-4ff6-b648-9e200c61010a] ::ffff:127.0.0.1 [GET] /metrics Incoming request {"userAgent":"Prometheus/3.7.3"}
2025-12-01 11:02:39.406 [INFO] [API_REQUEST] [9ab189a2-6ddf-4ff6-b648-9e200c61010a] ::ffff:127.0.0.1 [GET] /metrics Incoming Request: GET /metrics {"payload":{}}
2025-12-01 11:02:39.408 [INFO] [API_RESPONSE] [9ab189a2-6ddf-4ff6-b648-9e200c61010a] ::ffff:127.0.0.1 [GET] /metrics 2ms 200 Response: GET /metrics 200 2ms {"payload":{}}
2025-12-01T04:02:44.406Z [INFO] [REQUEST_MIDDLEWARE] [8507d28e-bf62-4551-8916-cdc718cc5f8c] ::ffff:127.0.0.1 [GET] /metrics Incoming request {"userAgent":"Prometheus/3.7.3"}
2025-12-01 11:02:44.407 [INFO] [API_REQUEST] [8507d28e-bf62-4551-8916-cdc718cc5f8c] ::ffff:127.0.0.1 [GET] /metrics Incoming Request: GET /metrics {"payload":{}}
2025-12-01 11:02:44.408 [INFO] [API_RESPONSE] [8507d28e-bf62-4551-8916-cdc718cc5f8c] ::ffff:127.0.0.1 [GET] /metrics 1ms 200 Response: GET /metrics 200 1ms {"payload":{}}
2025-12-01T04:02:49.407Z [INFO] [REQUEST_MIDDLEWARE] [592877ff-0d3e-46dd-98d6-608a0c9b5351] ::ffff:127.0.0.1 [GET] /metrics Incoming request {"userAgent":"Prometheus/3.7.3"}
2025-12-01 11:02:49.407 [INFO] [API_REQUEST] [592877ff-0d3e-46dd-98d6-608a0c9b5351] ::ffff:127.0.0.1 [GET] /metrics Incoming Request: GET /metrics {"payload":{}}
2025-12-01 11:02:49.409 [INFO] [API_RESPONSE] [592877ff-0d3e-46dd-98d6-608a0c9b5351] ::ffff:127.0.0.1 [GET] /metrics 2ms 200 Response: GET /metrics 200 2ms {"payload":{}}
2025-12-01T04:02:54.407Z [INFO] [REQUEST_MIDDLEWARE] [8d983b90-c69e-4565-ad86-77422e48c93a] ::ffff:127.0.0.1 [GET] /metrics Incoming request {"userAgent":"Prometheus/3.7.3"}
2025-12-01 11:02:54.407 [INFO] [API_REQUEST] [8d983b90-c69e-4565-ad86-77422e48c93a] ::ffff:127.0.0.1 [GET] /metrics Incoming Request: GET /metrics {"payload":{}}
2025-12-01 11:02:54.409 [INFO] [API_RESPONSE] [8d983b90-c69e-4565-ad86-77422e48c93a] ::ffff:127.0.0.1 [GET] /metrics 2ms 200 Response: GET /metrics 200 2ms {"payload":{}}
2025-12-01T04:02:59.407Z [INFO] [REQUEST_MIDDLEWARE] [f1694a86-5949-42c5-a8ce-541951c6cd9d] ::ffff:127.0.0.1 [GET] /metrics Incoming request {"userAgent":"Prometheus/3.7.3"}
2025-12-01 11:02:59.407 [INFO] [API_REQUEST] [f1694a86-5949-42c5-a8ce-541951c6cd9d] ::ffff:127.0.0.1 [GET] /metrics Incoming Request: GET /metrics {"payload":{}}
2025-12-01 11:02:59.408 [INFO] [API_RESPONSE] [f1694a86-5949-42c5-a8ce-541951c6cd9d] ::ffff:127.0.0.1 [GET] /metrics 1ms 200 Response: GET /metrics 200 1ms {"payload":{}}
2025-12-01T04:03:04.409Z [INFO] [REQUEST_MIDDLEWARE] [7bcca025-0c8a-4194-8dd0-59c2ed114b28] ::ffff:127.0.0.1 [GET] /metrics Incoming request {"userAgent":"Prometheus/3.7.3"}
2025-12-01 11:03:04.410 [INFO] [API_REQUEST] [7bcca025-0c8a-4194-8dd0-59c2ed114b28] ::ffff:127.0.0.1 [GET] /metrics Incoming Request: GET /metrics {"payload":{}}
2025-12-01 11:03:04.416 [INFO] [API_RESPONSE] [7bcca025-0c8a-4194-8dd0-59c2ed114b28] ::ffff:127.0.0.1 [GET] /metrics 6ms 200 Response: GET /metrics 200 6ms {"payload":{}}
2025-12-01T04:03:09.407Z [INFO] [REQUEST_MIDDLEWARE] [7357fd0c-2e2a-4d0d-9a1b-16fe9e3c7f96] ::ffff:127.0.0.1 [GET] /metrics Incoming request {"userAgent":"Prometheus/3.7.3"}
2025-12-01 11:03:09.407 [INFO] [API_REQUEST] [7357fd0c-2e2a-4d0d-9a1b-16fe9e3c7f96] ::ffff:127.0.0.1 [GET] /metrics Incoming Request: GET /metrics {"payload":{}}
2025-12-01 11:03:09.408 [INFO] [API_RESPONSE] [7357fd0c-2e2a-4d0d-9a1b-16fe9e3c7f96] ::ffff:127.0.0.1 [GET] /metrics 1ms 200 Response: GET /metrics 200 1ms {"payload":{}}
2025-12-01T04:03:14.407Z [INFO] [REQUEST_MIDDLEWARE] [da71ae13-2dcc-4048-8980-c46765474bcf] ::ffff:127.0.0.1 [GET] /metrics Incoming request {"userAgent":"Prometheus/3.7.3"}
2025-12-01 11:03:14.407 [INFO] [API_REQUEST] [da71ae13-2dcc-4048-8980-c46765474bcf] ::ffff:127.0.0.1 [GET] /metrics Incoming Request: GET /metrics {"payload":{}}
2025-12-01 11:03:14.408 [INFO] [API_RESPONSE] [da71ae13-2dcc-4048-8980-c46765474bcf] ::ffff:127.0.0.1 [GET] /metrics 1ms 200 Response: GET /metrics 200 1ms {"payload":{}}
2025-12-01T04:03:19.407Z [INFO] [REQUEST_MIDDLEWARE] [813e9bcb-19cb-4b78-a090-e4605096ba15] ::ffff:127.0.0.1 [GET] /metrics Incoming request {"userAgent":"Prometheus/3.7.3"}
2025-12-01 11:03:19.407 [INFO] [API_REQUEST] [813e9bcb-19cb-4b78-a090-e4605096ba15] ::ffff:127.0.0.1 [GET] /metrics Incoming Request: GET /metrics {"payload":{}}
2025-12-01 11:03:19.409 [INFO] [API_RESPONSE] [813e9bcb-19cb-4b78-a090-e4605096ba15] ::ffff:127.0.0.1 [GET] /metrics 2ms 200 Response: GET /metrics 200 2ms {"payload":{}}
2025-12-01T04:03:24.407Z [INFO] [REQUEST_MIDDLEWARE] [853de2f7-3c0a-4b90-a9d3-d0f6d4b423a3] ::ffff:127.0.0.1 [GET] /metrics Incoming request {"userAgent":"Prometheus/3.7.3"}
2025-12-01 11:03:24.407 [INFO] [API_REQUEST] [853de2f7-3c0a-4b90-a9d3-d0f6d4b423a3] ::ffff:127.0.0.1 [GET] /metrics Incoming Request: GET /metrics {"payload":{}}
2025-12-01 11:03:24.409 [INFO] [API_RESPONSE] [853de2f7-3c0a-4b90-a9d3-d0f6d4b423a3] ::ffff:127.0.0.1 [GET] /metrics 2ms 200 Response: GET /metrics 200 2ms {"payload":{}}
2025-12-01T04:03:29.406Z [INFO] [REQUEST_MIDDLEWARE] [f4a315cc-acc3-42be-8653-9011878d5eb5] ::ffff:127.0.0.1 [GET] /metrics Incoming request {"userAgent":"Prometheus/3.7.3"}
2025-12-01 11:03:29.407 [INFO] [API_REQUEST] [f4a315cc-acc3-42be-8653-9011878d5eb5] ::ffff:127.0.0.1 [GET] /metrics Incoming Request: GET /metrics {"payload":{}}
2025-12-01 11:03:29.408 [INFO] [API_RESPONSE] [f4a315cc-acc3-42be-8653-9011878d5eb5] ::ffff:127.0.0.1 [GET] /metrics 1ms 200 Response: GET /metrics 200 1ms {"payload":{}}
2025-12-01T04:03:34.406Z [INFO] [REQUEST_MIDDLEWARE] [ceee68be-e3f6-489d-97b9-c2c82064f6e4] ::ffff:127.0.0.1 [GET] /metrics Incoming request {"userAgent":"Prometheus/3.7.3"}
2025-12-01 11:03:34.408 [INFO] [API_REQUEST] [ceee68be-e3f6-489d-97b9-c2c82064f6e4] ::ffff:127.0.0.1 [GET] /metrics Incoming Request: GET /metrics {"payload":{}}
2025-12-01 11:03:34.409 [INFO] [API_RESPONSE] [ceee68be-e3f6-489d-97b9-c2c82064f6e4] ::ffff:127.0.0.1 [GET] /metrics 1ms 200 Response: GET /metrics 200 1ms {"payload":{}}
2025-12-01T04:03:39.407Z [INFO] [REQUEST_MIDDLEWARE] [5a687308-26fa-47eb-a6ec-8061a61e9122] ::ffff:127.0.0.1 [GET] /metrics Incoming request {"userAgent":"Prometheus/3.7.3"}
2025-12-01 11:03:39.407 [INFO] [API_REQUEST] [5a687308-26fa-47eb-a6ec-8061a61e9122] ::ffff:127.0.0.1 [GET] /metrics Incoming Request: GET /metrics {"payload":{}}
2025-12-01 11:03:39.409 [INFO] [API_RESPONSE] [5a687308-26fa-47eb-a6ec-8061a61e9122] ::ffff:127.0.0.1 [GET] /metrics 2ms 200 Response: GET /metrics 200 2ms {"payload":{}}
2025-12-01T04:03:44.407Z [INFO] [REQUEST_MIDDLEWARE] [c97375fe-c77e-4c3d-835d-bd37a3175d05] ::ffff:127.0.0.1 [GET] /metrics Incoming request {"userAgent":"Prometheus/3.7.3"}
2025-12-01 11:03:44.408 [INFO] [API_REQUEST] [c97375fe-c77e-4c3d-835d-bd37a3175d05] ::ffff:127.0.0.1 [GET] /metrics Incoming Request: GET /metrics {"payload":{}}
2025-12-01 11:03:44.409 [INFO] [API_RESPONSE] [c97375fe-c77e-4c3d-835d-bd37a3175d05] ::ffff:127.0.0.1 [GET] /metrics 1ms 200 Response: GET /metrics 200 1ms {"payload":{}}
2025-12-01T04:03:49.407Z [INFO] [REQUEST_MIDDLEWARE] [c436a1db-d860-427c-bf54-f0dd7a3dfb55] ::ffff:127.0.0.1 [GET] /metrics Incoming request {"userAgent":"Prometheus/3.7.3"}
2025-12-01 11:03:49.407 [INFO] [API_REQUEST] [c436a1db-d860-427c-bf54-f0dd7a3dfb55] ::ffff:127.0.0.1 [GET] /metrics Incoming Request: GET /metrics {"payload":{}}
2025-12-01 11:03:49.408 [INFO] [API_RESPONSE] [c436a1db-d860-427c-bf54-f0dd7a3dfb55] ::ffff:127.0.0.1 [GET] /metrics 1ms 200 Response: GET /metrics 200 1ms {"payload":{}}
2025-12-01T04:03:54.407Z [INFO] [REQUEST_MIDDLEWARE] [47305dfe-36ea-42b5-af96-a5ec087eab53] ::ffff:127.0.0.1 [GET] /metrics Incoming request {"userAgent":"Prometheus/3.7.3"}
2025-12-01 11:03:54.408 [INFO] [API_REQUEST] [47305dfe-36ea-42b5-af96-a5ec087eab53] ::ffff:127.0.0.1 [GET] /metrics Incoming Request: GET /metrics {"payload":{}}
2025-12-01 11:03:54.409 [INFO] [API_RESPONSE] [47305dfe-36ea-42b5-af96-a5ec087eab53] ::ffff:127.0.0.1 [GET] /metrics 1ms 200 Response: GET /metrics 200 1ms {"payload":{}}
2025-12-01T04:03:59.408Z [INFO] [REQUEST_MIDDLEWARE] [94b6335d-344d-4752-8c82-5480fd9dcacc] ::ffff:127.0.0.1 [GET] /metrics Incoming request {"userAgent":"Prometheus/3.7.3"}
2025-12-01 11:03:59.408 [INFO] [API_REQUEST] [94b6335d-344d-4752-8c82-5480fd9dcacc] ::ffff:127.0.0.1 [GET] /metrics Incoming Request: GET /metrics {"payload":{}}
2025-12-01 11:03:59.409 [INFO] [API_RESPONSE] [94b6335d-344d-4752-8c82-5480fd9dcacc] ::ffff:127.0.0.1 [GET] /metrics 1ms 200 Response: GET /metrics 200 1ms {"payload":{}}
2025-12-01T04:04:04.407Z [INFO] [REQUEST_MIDDLEWARE] [4a2472b0-2df2-4d19-b5cb-221ffc0fff57] ::ffff:127.0.0.1 [GET] /metrics Incoming request {"userAgent":"Prometheus/3.7.3"}
2025-12-01 11:04:04.408 [INFO] [API_REQUEST] [4a2472b0-2df2-4d19-b5cb-221ffc0fff57] ::ffff:127.0.0.1 [GET] /metrics Incoming Request: GET /metrics {"payload":{}}
2025-12-01 11:04:04.409 [INFO] [API_RESPONSE] [4a2472b0-2df2-4d19-b5cb-221ffc0fff57] ::ffff:127.0.0.1 [GET] /metrics 1ms 200 Response: GET /metrics 200 1ms {"payload":{}}
2025-12-01T04:04:09.407Z [INFO] [REQUEST_MIDDLEWARE] [1e2b5c5b-cb86-48cb-932a-9240e25d0714] ::ffff:127.0.0.1 [GET] /metrics Incoming request {"userAgent":"Prometheus/3.7.3"}
2025-12-01 11:04:09.408 [INFO] [API_REQUEST] [1e2b5c5b-cb86-48cb-932a-9240e25d0714] ::ffff:127.0.0.1 [GET] /metrics Incoming Request: GET /metrics {"payload":{}}
2025-12-01 11:04:09.409 [INFO] [API_RESPONSE] [1e2b5c5b-cb86-48cb-932a-9240e25d0714] ::ffff:127.0.0.1 [GET] /metrics 1ms 200 Response: GET /metrics 200 1ms {"payload":{}}
2025-12-01T04:04:14.408Z [INFO] [REQUEST_MIDDLEWARE] [43ae6a7a-1be3-4260-b554-61286933b9cd] ::ffff:127.0.0.1 [GET] /metrics Incoming request {"userAgent":"Prometheus/3.7.3"}
2025-12-01 11:04:14.408 [INFO] [API_REQUEST] [43ae6a7a-1be3-4260-b554-61286933b9cd] ::ffff:127.0.0.1 [GET] /metrics Incoming Request: GET /metrics {"payload":{}}
2025-12-01 11:04:14.410 [INFO] [API_RESPONSE] [43ae6a7a-1be3-4260-b554-61286933b9cd] ::ffff:127.0.0.1 [GET] /metrics 2ms 200 Response: GET /metrics 200 2ms {"payload":{}}
2025-12-01T04:04:19.407Z [INFO] [REQUEST_MIDDLEWARE] [f6612806-2e4a-46b9-a51d-7e9514d68f22] ::ffff:127.0.0.1 [GET] /metrics Incoming request {"userAgent":"Prometheus/3.7.3"}
2025-12-01 11:04:19.408 [INFO] [API_REQUEST] [f6612806-2e4a-46b9-a51d-7e9514d68f22] ::ffff:127.0.0.1 [GET] /metrics Incoming Request: GET /metrics {"payload":{}}
2025-12-01 11:04:19.409 [INFO] [API_RESPONSE] [f6612806-2e4a-46b9-a51d-7e9514d68f22] ::ffff:127.0.0.1 [GET] /metrics 1ms 200 Response: GET /metrics 200 1ms {"payload":{}}
2025-12-01T04:04:24.407Z [INFO] [REQUEST_MIDDLEWARE] [26dcffc8-5843-42e2-ab27-578893ca82bc] ::ffff:127.0.0.1 [GET] /metrics Incoming request {"userAgent":"Prometheus/3.7.3"}
2025-12-01 11:04:24.408 [INFO] [API_REQUEST] [26dcffc8-5843-42e2-ab27-578893ca82bc] ::ffff:127.0.0.1 [GET] /metrics Incoming Request: GET /metrics {"payload":{}}
2025-12-01 11:04:24.409 [INFO] [API_RESPONSE] [26dcffc8-5843-42e2-ab27-578893ca82bc] ::ffff:127.0.0.1 [GET] /metrics 1ms 200 Response: GET /metrics 200 1ms {"payload":{}}
2025-12-01T04:04:29.407Z [INFO] [REQUEST_MIDDLEWARE] [09ccaba0-c6c0-452a-ac18-6094f30d8984] ::ffff:127.0.0.1 [GET] /metrics Incoming request {"userAgent":"Prometheus/3.7.3"}
2025-12-01 11:04:29.408 [INFO] [API_REQUEST] [09ccaba0-c6c0-452a-ac18-6094f30d8984] ::ffff:127.0.0.1 [GET] /metrics Incoming Request: GET /metrics {"payload":{}}
2025-12-01 11:04:29.409 [INFO] [API_RESPONSE] [09ccaba0-c6c0-452a-ac18-6094f30d8984] ::ffff:127.0.0.1 [GET] /metrics 1ms 200 Response: GET /metrics 200 1ms {"payload":{}}
2025-12-01T04:04:34.407Z [INFO] [REQUEST_MIDDLEWARE] [e9805eab-0da1-490f-93ff-f614d9b7a427] ::ffff:127.0.0.1 [GET] /metrics Incoming request {"userAgent":"Prometheus/3.7.3"}
2025-12-01 11:04:34.407 [INFO] [API_REQUEST] [e9805eab-0da1-490f-93ff-f614d9b7a427] ::ffff:127.0.0.1 [GET] /metrics Incoming Request: GET /metrics {"payload":{}}
2025-12-01 11:04:34.409 [INFO] [API_RESPONSE] [e9805eab-0da1-490f-93ff-f614d9b7a427] ::ffff:127.0.0.1 [GET] /metrics 2ms 200 Response: GET /metrics 200 2ms {"payload":{}}
2025-12-01T04:04:39.406Z [INFO] [REQUEST_MIDDLEWARE] [88db0a27-712c-40d4-9363-f10f2e240317] ::ffff:127.0.0.1 [GET] /metrics Incoming request {"userAgent":"Prometheus/3.7.3"}
2025-12-01 11:04:39.407 [INFO] [API_REQUEST] [88db0a27-712c-40d4-9363-f10f2e240317] ::ffff:127.0.0.1 [GET] /metrics Incoming Request: GET /metrics {"payload":{}}
2025-12-01 11:04:39.408 [INFO] [API_RESPONSE] [88db0a27-712c-40d4-9363-f10f2e240317] ::ffff:127.0.0.1 [GET] /metrics 1ms 200 Response: GET /metrics 200 1ms {"payload":{}}
2025-12-01T04:04:44.407Z [INFO] [REQUEST_MIDDLEWARE] [24c093f1-ce71-4f4a-b14f-afed880f6fee] ::ffff:127.0.0.1 [GET] /metrics Incoming request {"userAgent":"Prometheus/3.7.3"}
2025-12-01 11:04:44.408 [INFO] [API_REQUEST] [24c093f1-ce71-4f4a-b14f-afed880f6fee] ::ffff:127.0.0.1 [GET] /metrics Incoming Request: GET /metrics {"payload":{}}
2025-12-01 11:04:44.409 [INFO] [API_RESPONSE] [24c093f1-ce71-4f4a-b14f-afed880f6fee] ::ffff:127.0.0.1 [GET] /metrics 1ms 200 Response: GET /metrics 200 1ms {"payload":{}}
2025-12-01T04:04:49.408Z [INFO] [REQUEST_MIDDLEWARE] [3134cef8-0c8f-48c1-8eb3-9bee121aa4c9] ::ffff:127.0.0.1 [GET] /metrics Incoming request {"userAgent":"Prometheus/3.7.3"}
2025-12-01 11:04:49.408 [INFO] [API_REQUEST] [3134cef8-0c8f-48c1-8eb3-9bee121aa4c9] ::ffff:127.0.0.1 [GET] /metrics Incoming Request: GET /metrics {"payload":{}}
2025-12-01 11:04:49.409 [INFO] [API_RESPONSE] [3134cef8-0c8f-48c1-8eb3-9bee121aa4c9] ::ffff:127.0.0.1 [GET] /metrics 1ms 200 Response: GET /metrics 200 1ms {"payload":{}}
2025-12-01T04:04:54.410Z [INFO] [REQUEST_MIDDLEWARE] [4f9b3785-3e2a-4ca2-8fa9-e76eb4a05663] ::ffff:127.0.0.1 [GET] /metrics Incoming request {"userAgent":"Prometheus/3.7.3"}
2025-12-01 11:04:54.411 [INFO] [API_REQUEST] [4f9b3785-3e2a-4ca2-8fa9-e76eb4a05663] ::ffff:127.0.0.1 [GET] /metrics Incoming Request: GET /metrics {"payload":{}}
2025-12-01 11:04:54.415 [INFO] [API_RESPONSE] [4f9b3785-3e2a-4ca2-8fa9-e76eb4a05663] ::ffff:127.0.0.1 [GET] /metrics 4ms 200 Response: GET /metrics 200 4ms {"payload":{}}
2025-12-01T04:04:59.408Z [INFO] [REQUEST_MIDDLEWARE] [fad9261a-7ffc-40ed-b821-c8b32e61dd9d] ::ffff:127.0.0.1 [GET] /metrics Incoming request {"userAgent":"Prometheus/3.7.3"}
2025-12-01 11:04:59.408 [INFO] [API_REQUEST] [fad9261a-7ffc-40ed-b821-c8b32e61dd9d] ::ffff:127.0.0.1 [GET] /metrics Incoming Request: GET /metrics {"payload":{}}
2025-12-01 11:04:59.409 [INFO] [API_RESPONSE] [fad9261a-7ffc-40ed-b821-c8b32e61dd9d] ::ffff:127.0.0.1 [GET] /metrics 1ms 200 Response: GET /metrics 200 1ms {"payload":{}}
2025-12-01T04:05:04.407Z [INFO] [REQUEST_MIDDLEWARE] [60354440-3923-4e3a-8429-504c292ebddf] ::ffff:127.0.0.1 [GET] /metrics Incoming request {"userAgent":"Prometheus/3.7.3"}
2025-12-01 11:05:04.408 [INFO] [API_REQUEST] [60354440-3923-4e3a-8429-504c292ebddf] ::ffff:127.0.0.1 [GET] /metrics Incoming Request: GET /metrics {"payload":{}}
2025-12-01 11:05:04.409 [INFO] [API_RESPONSE] [60354440-3923-4e3a-8429-504c292ebddf] ::ffff:127.0.0.1 [GET] /metrics 1ms 200 Response: GET /metrics 200 1ms {"payload":{}}
2025-12-01T04:05:09.410Z [INFO] [REQUEST_MIDDLEWARE] [27058b09-7f26-437c-8188-26983b7e48f8] ::ffff:127.0.0.1 [GET] /metrics Incoming request {"userAgent":"Prometheus/3.7.3"}
2025-12-01 11:05:09.411 [INFO] [API_REQUEST] [27058b09-7f26-437c-8188-26983b7e48f8] ::ffff:127.0.0.1 [GET] /metrics Incoming Request: GET /metrics {"payload":{}}
2025-12-01 11:05:09.416 [INFO] [API_RESPONSE] [27058b09-7f26-437c-8188-26983b7e48f8] ::ffff:127.0.0.1 [GET] /metrics 5ms 200 Response: GET /metrics 200 5ms {"payload":{}}
2025-12-01T04:05:14.410Z [INFO] [REQUEST_MIDDLEWARE] [c67c8383-a0b8-4d28-bf96-1815b1a9047a] ::ffff:127.0.0.1 [GET] /metrics Incoming request {"userAgent":"Prometheus/3.7.3"}
2025-12-01 11:05:14.411 [INFO] [API_REQUEST] [c67c8383-a0b8-4d28-bf96-1815b1a9047a] ::ffff:127.0.0.1 [GET] /metrics Incoming Request: GET /metrics {"payload":{}}
2025-12-01 11:05:14.417 [INFO] [API_RESPONSE] [c67c8383-a0b8-4d28-bf96-1815b1a9047a] ::ffff:127.0.0.1 [GET] /metrics 6ms 200 Response: GET /metrics 200 6ms {"payload":{}}
2025-12-01T04:05:19.410Z [INFO] [REQUEST_MIDDLEWARE] [e24cf971-8fdf-4dc1-98d6-6a26092b24fb] ::ffff:127.0.0.1 [GET] /metrics Incoming request {"userAgent":"Prometheus/3.7.3"}
2025-12-01 11:05:19.411 [INFO] [API_REQUEST] [e24cf971-8fdf-4dc1-98d6-6a26092b24fb] ::ffff:127.0.0.1 [GET] /metrics Incoming Request: GET /metrics {"payload":{}}
2025-12-01 11:05:19.417 [INFO] [API_RESPONSE] [e24cf971-8fdf-4dc1-98d6-6a26092b24fb] ::ffff:127.0.0.1 [GET] /metrics 6ms 200 Response: GET /metrics 200 6ms {"payload":{}}
2025-12-01T04:05:24.408Z [INFO] [REQUEST_MIDDLEWARE] [3f9af689-f4f4-4fdf-a9f4-86af4c9856b1] ::ffff:127.0.0.1 [GET] /metrics Incoming request {"userAgent":"Prometheus/3.7.3"}
2025-12-01 11:05:24.408 [INFO] [API_REQUEST] [3f9af689-f4f4-4fdf-a9f4-86af4c9856b1] ::ffff:127.0.0.1 [GET] /metrics Incoming Request: GET /metrics {"payload":{}}
2025-12-01 11:05:24.409 [INFO] [API_RESPONSE] [3f9af689-f4f4-4fdf-a9f4-86af4c9856b1] ::ffff:127.0.0.1 [GET] /metrics 1ms 200 Response: GET /metrics 200 1ms {"payload":{}}
2025-12-01T04:05:29.407Z [INFO] [REQUEST_MIDDLEWARE] [88f5fc06-32cf-43b7-b210-9472708ede4e] ::ffff:127.0.0.1 [GET] /metrics Incoming request {"userAgent":"Prometheus/3.7.3"}
2025-12-01 11:05:29.407 [INFO] [API_REQUEST] [88f5fc06-32cf-43b7-b210-9472708ede4e] ::ffff:127.0.0.1 [GET] /metrics Incoming Request: GET /metrics {"payload":{}}
2025-12-01 11:05:29.409 [INFO] [API_RESPONSE] [88f5fc06-32cf-43b7-b210-9472708ede4e] ::ffff:127.0.0.1 [GET] /metrics 2ms 200 Response: GET /metrics 200 2ms {"payload":{}}
2025-12-01T04:05:34.406Z [INFO] [REQUEST_MIDDLEWARE] [9c9fa0f6-3395-4c07-b087-0b0fa02a748a] ::ffff:127.0.0.1 [GET] /metrics Incoming request {"userAgent":"Prometheus/3.7.3"}
2025-12-01 11:05:34.407 [INFO] [API_REQUEST] [9c9fa0f6-3395-4c07-b087-0b0fa02a748a] ::ffff:127.0.0.1 [GET] /metrics Incoming Request: GET /metrics {"payload":{}}
2025-12-01 11:05:34.408 [INFO] [API_RESPONSE] [9c9fa0f6-3395-4c07-b087-0b0fa02a748a] ::ffff:127.0.0.1 [GET] /metrics 1ms 200 Response: GET /metrics 200 1ms {"payload":{}}
2025-12-01T04:05:39.406Z [INFO] [REQUEST_MIDDLEWARE] [dae5916f-c707-4f1b-bbe2-d8175cfd362a] ::ffff:127.0.0.1 [GET] /metrics Incoming request {"userAgent":"Prometheus/3.7.3"}
2025-12-01 11:05:39.407 [INFO] [API_REQUEST] [dae5916f-c707-4f1b-bbe2-d8175cfd362a] ::ffff:127.0.0.1 [GET] /metrics Incoming Request: GET /metrics {"payload":{}}
2025-12-01 11:05:39.408 [INFO] [API_RESPONSE] [dae5916f-c707-4f1b-bbe2-d8175cfd362a] ::ffff:127.0.0.1 [GET] /metrics 1ms 200 Response: GET /metrics 200 1ms {"payload":{}}
2025-12-01T04:05:44.406Z [INFO] [REQUEST_MIDDLEWARE] [30bc8219-5ce0-4757-ba04-abb0b661e4da] ::ffff:127.0.0.1 [GET] /metrics Incoming request {"userAgent":"Prometheus/3.7.3"}
2025-12-01 11:05:44.407 [INFO] [API_REQUEST] [30bc8219-5ce0-4757-ba04-abb0b661e4da] ::ffff:127.0.0.1 [GET] /metrics Incoming Request: GET /metrics {"payload":{}}
2025-12-01 11:05:44.409 [INFO] [API_RESPONSE] [30bc8219-5ce0-4757-ba04-abb0b661e4da] ::ffff:127.0.0.1 [GET] /metrics 2ms 200 Response: GET /metrics 200 2ms {"payload":{}}
2025-12-01T04:05:49.408Z [INFO] [REQUEST_MIDDLEWARE] [8d1e7100-a153-4ff0-9fb6-f7bfe6307564] ::ffff:127.0.0.1 [GET] /metrics Incoming request {"userAgent":"Prometheus/3.7.3"}
2025-12-01 11:05:49.408 [INFO] [API_REQUEST] [8d1e7100-a153-4ff0-9fb6-f7bfe6307564] ::ffff:127.0.0.1 [GET] /metrics Incoming Request: GET /metrics {"payload":{}}
2025-12-01 11:05:49.409 [INFO] [API_RESPONSE] [8d1e7100-a153-4ff0-9fb6-f7bfe6307564] ::ffff:127.0.0.1 [GET] /metrics 1ms 200 Response: GET /metrics 200 1ms {"payload":{}}
2025-12-01T04:05:54.407Z [INFO] [REQUEST_MIDDLEWARE] [c078fab1-da8f-43d3-afe2-857c5539ae21] ::ffff:127.0.0.1 [GET] /metrics Incoming request {"userAgent":"Prometheus/3.7.3"}
2025-12-01 11:05:54.407 [INFO] [API_REQUEST] [c078fab1-da8f-43d3-afe2-857c5539ae21] ::ffff:127.0.0.1 [GET] /metrics Incoming Request: GET /metrics {"payload":{}}
2025-12-01 11:05:54.409 [INFO] [API_RESPONSE] [c078fab1-da8f-43d3-afe2-857c5539ae21] ::ffff:127.0.0.1 [GET] /metrics 2ms 200 Response: GET /metrics 200 2ms {"payload":{}}
2025-12-01T04:05:59.408Z [INFO] [REQUEST_MIDDLEWARE] [fd261808-7c66-46ef-954e-6ef1a7fc5177] ::ffff:127.0.0.1 [GET] /metrics Incoming request {"userAgent":"Prometheus/3.7.3"}
2025-12-01 11:05:59.408 [INFO] [API_REQUEST] [fd261808-7c66-46ef-954e-6ef1a7fc5177] ::ffff:127.0.0.1 [GET] /metrics Incoming Request: GET /metrics {"payload":{}}
2025-12-01 11:05:59.409 [INFO] [API_RESPONSE] [fd261808-7c66-46ef-954e-6ef1a7fc5177] ::ffff:127.0.0.1 [GET] /metrics 1ms 200 Response: GET /metrics 200 1ms {"payload":{}}
2025-12-01T04:06:04.408Z [INFO] [REQUEST_MIDDLEWARE] [eb028c12-fabc-44c9-ba86-b1f8a3a3f984] ::ffff:127.0.0.1 [GET] /metrics Incoming request {"userAgent":"Prometheus/3.7.3"}
2025-12-01 11:06:04.408 [INFO] [API_REQUEST] [eb028c12-fabc-44c9-ba86-b1f8a3a3f984] ::ffff:127.0.0.1 [GET] /metrics Incoming Request: GET /metrics {"payload":{}}
2025-12-01 11:06:04.409 [INFO] [API_RESPONSE] [eb028c12-fabc-44c9-ba86-b1f8a3a3f984] ::ffff:127.0.0.1 [GET] /metrics 1ms 200 Response: GET /metrics 200 1ms {"payload":{}}
2025-12-01T04:06:09.407Z [INFO] [REQUEST_MIDDLEWARE] [3330c863-f37e-47ae-86c9-4103c31a3952] ::ffff:127.0.0.1 [GET] /metrics Incoming request {"userAgent":"Prometheus/3.7.3"}
2025-12-01 11:06:09.407 [INFO] [API_REQUEST] [3330c863-f37e-47ae-86c9-4103c31a3952] ::ffff:127.0.0.1 [GET] /metrics Incoming Request: GET /metrics {"payload":{}}
2025-12-01 11:06:09.409 [INFO] [API_RESPONSE] [3330c863-f37e-47ae-86c9-4103c31a3952] ::ffff:127.0.0.1 [GET] /metrics 2ms 200 Response: GET /metrics 200 2ms {"payload":{}}
2025-12-01T04:06:14.407Z [INFO] [REQUEST_MIDDLEWARE] [a5315722-a0c4-493a-b0d1-d1c20ac92541] ::ffff:127.0.0.1 [GET] /metrics Incoming request {"userAgent":"Prometheus/3.7.3"}
2025-12-01 11:06:14.407 [INFO] [API_REQUEST] [a5315722-a0c4-493a-b0d1-d1c20ac92541] ::ffff:127.0.0.1 [GET] /metrics Incoming Request: GET /metrics {"payload":{}}
2025-12-01 11:06:14.409 [INFO] [API_RESPONSE] [a5315722-a0c4-493a-b0d1-d1c20ac92541] ::ffff:127.0.0.1 [GET] /metrics 2ms 200 Response: GET /metrics 200 2ms {"payload":{}}
2025-12-01T04:06:19.407Z [INFO] [REQUEST_MIDDLEWARE] [19fd037b-5078-418e-912a-350ff954faa9] ::ffff:127.0.0.1 [GET] /metrics Incoming request {"userAgent":"Prometheus/3.7.3"}
2025-12-01 11:06:19.407 [INFO] [API_REQUEST] [19fd037b-5078-418e-912a-350ff954faa9] ::ffff:127.0.0.1 [GET] /metrics Incoming Request: GET /metrics {"payload":{}}
2025-12-01 11:06:19.409 [INFO] [API_RESPONSE] [19fd037b-5078-418e-912a-350ff954faa9] ::ffff:127.0.0.1 [GET] /metrics 2ms 200 Response: GET /metrics 200 2ms {"payload":{}}
2025-12-01T04:06:24.407Z [INFO] [REQUEST_MIDDLEWARE] [fa5e0e52-3757-4c4f-8e94-dbfe5dd1457b] ::ffff:127.0.0.1 [GET] /metrics Incoming request {"userAgent":"Prometheus/3.7.3"}
2025-12-01 11:06:24.407 [INFO] [API_REQUEST] [fa5e0e52-3757-4c4f-8e94-dbfe5dd1457b] ::ffff:127.0.0.1 [GET] /metrics Incoming Request: GET /metrics {"payload":{}}
2025-12-01 11:06:24.409 [INFO] [API_RESPONSE] [fa5e0e52-3757-4c4f-8e94-dbfe5dd1457b] ::ffff:127.0.0.1 [GET] /metrics 2ms 200 Response: GET /metrics 200 2ms {"payload":{}}
2025-12-01T04:06:29.406Z [INFO] [REQUEST_MIDDLEWARE] [a96b0efe-7003-450f-8b26-c6d353d62d19] ::ffff:127.0.0.1 [GET] /metrics Incoming request {"userAgent":"Prometheus/3.7.3"}
2025-12-01 11:06:29.407 [INFO] [API_REQUEST] [a96b0efe-7003-450f-8b26-c6d353d62d19] ::ffff:127.0.0.1 [GET] /metrics Incoming Request: GET /metrics {"payload":{}}
2025-12-01 11:06:29.408 [INFO] [API_RESPONSE] [a96b0efe-7003-450f-8b26-c6d353d62d19] ::ffff:127.0.0.1 [GET] /metrics 1ms 200 Response: GET /metrics 200 1ms {"payload":{}}
2025-12-01T04:06:34.407Z [INFO] [REQUEST_MIDDLEWARE] [36e6c38e-6370-4312-b650-4578eb3c5e3f] ::ffff:127.0.0.1 [GET] /metrics Incoming request {"userAgent":"Prometheus/3.7.3"}
2025-12-01 11:06:34.408 [INFO] [API_REQUEST] [36e6c38e-6370-4312-b650-4578eb3c5e3f] ::ffff:127.0.0.1 [GET] /metrics Incoming Request: GET /metrics {"payload":{}}
2025-12-01 11:06:34.409 [INFO] [API_RESPONSE] [36e6c38e-6370-4312-b650-4578eb3c5e3f] ::ffff:127.0.0.1 [GET] /metrics 1ms 200 Response: GET /metrics 200 1ms {"payload":{}}
2025-12-01T04:06:39.406Z [INFO] [REQUEST_MIDDLEWARE] [d0e96f49-2091-48b6-9cc7-512505fbee89] ::ffff:127.0.0.1 [GET] /metrics Incoming request {"userAgent":"Prometheus/3.7.3"}
2025-12-01 11:06:39.407 [INFO] [API_REQUEST] [d0e96f49-2091-48b6-9cc7-512505fbee89] ::ffff:127.0.0.1 [GET] /metrics Incoming Request: GET /metrics {"payload":{}}
2025-12-01 11:06:39.409 [INFO] [API_RESPONSE] [d0e96f49-2091-48b6-9cc7-512505fbee89] ::ffff:127.0.0.1 [GET] /metrics 2ms 200 Response: GET /metrics 200 2ms {"payload":{}}
2025-12-01T04:06:44.408Z [INFO] [REQUEST_MIDDLEWARE] [f86c4651-eaf8-45f7-9213-404547d63cd2] ::ffff:127.0.0.1 [GET] /metrics Incoming request {"userAgent":"Prometheus/3.7.3"}
2025-12-01 11:06:44.408 [INFO] [API_REQUEST] [f86c4651-eaf8-45f7-9213-404547d63cd2] ::ffff:127.0.0.1 [GET] /metrics Incoming Request: GET /metrics {"payload":{}}
2025-12-01 11:06:44.409 [INFO] [API_RESPONSE] [f86c4651-eaf8-45f7-9213-404547d63cd2] ::ffff:127.0.0.1 [GET] /metrics 1ms 200 Response: GET /metrics 200 1ms {"payload":{}}
2025-12-01T04:06:49.408Z [INFO] [REQUEST_MIDDLEWARE] [565a0880-176d-4c14-b8f7-cc0091fab3a4] ::ffff:127.0.0.1 [GET] /metrics Incoming request {"userAgent":"Prometheus/3.7.3"}
2025-12-01 11:06:49.408 [INFO] [API_REQUEST] [565a0880-176d-4c14-b8f7-cc0091fab3a4] ::ffff:127.0.0.1 [GET] /metrics Incoming Request: GET /metrics {"payload":{}}
2025-12-01 11:06:49.409 [INFO] [API_RESPONSE] [565a0880-176d-4c14-b8f7-cc0091fab3a4] ::ffff:127.0.0.1 [GET] /metrics 1ms 200 Response: GET /metrics 200 1ms {"payload":{}}
2025-12-01T04:06:54.406Z [INFO] [REQUEST_MIDDLEWARE] [9fc58729-f78d-4e41-adbb-6c514d187521] ::ffff:127.0.0.1 [GET] /metrics Incoming request {"userAgent":"Prometheus/3.7.3"}
2025-12-01 11:06:54.407 [INFO] [API_REQUEST] [9fc58729-f78d-4e41-adbb-6c514d187521] ::ffff:127.0.0.1 [GET] /metrics Incoming Request: GET /metrics {"payload":{}}
2025-12-01 11:06:54.408 [INFO] [API_RESPONSE] [9fc58729-f78d-4e41-adbb-6c514d187521] ::ffff:127.0.0.1 [GET] /metrics 1ms 200 Response: GET /metrics 200 1ms {"payload":{}}
2025-12-01T04:06:59.407Z [INFO] [REQUEST_MIDDLEWARE] [7ded34c1-ecea-4f9e-88e1-84fd8e45264d] ::ffff:127.0.0.1 [GET] /metrics Incoming request {"userAgent":"Prometheus/3.7.3"}
2025-12-01 11:06:59.407 [INFO] [API_REQUEST] [7ded34c1-ecea-4f9e-88e1-84fd8e45264d] ::ffff:127.0.0.1 [GET] /metrics Incoming Request: GET /metrics {"payload":{}}
2025-12-01 11:06:59.409 [INFO] [API_RESPONSE] [7ded34c1-ecea-4f9e-88e1-84fd8e45264d] ::ffff:127.0.0.1 [GET] /metrics 2ms 200 Response: GET /metrics 200 2ms {"payload":{}}
2025-12-01T04:07:04.407Z [INFO] [REQUEST_MIDDLEWARE] [c16d23af-6035-408a-927d-5fc490f7aada] ::ffff:127.0.0.1 [GET] /metrics Incoming request {"userAgent":"Prometheus/3.7.3"}
2025-12-01 11:07:04.407 [INFO] [API_REQUEST] [c16d23af-6035-408a-927d-5fc490f7aada] ::ffff:127.0.0.1 [GET] /metrics Incoming Request: GET /metrics {"payload":{}}
2025-12-01 11:07:04.408 [INFO] [API_RESPONSE] [c16d23af-6035-408a-927d-5fc490f7aada] ::ffff:127.0.0.1 [GET] /metrics 1ms 200 Response: GET /metrics 200 1ms {"payload":{}}
2025-12-01T04:07:09.408Z [INFO] [REQUEST_MIDDLEWARE] [1b72bffa-51ff-47ef-ab64-121a75907b1a] ::ffff:127.0.0.1 [GET] /metrics Incoming request {"userAgent":"Prometheus/3.7.3"}
2025-12-01 11:07:09.408 [INFO] [API_REQUEST] [1b72bffa-51ff-47ef-ab64-121a75907b1a] ::ffff:127.0.0.1 [GET] /metrics Incoming Request: GET /metrics {"payload":{}}
2025-12-01 11:07:09.409 [INFO] [API_RESPONSE] [1b72bffa-51ff-47ef-ab64-121a75907b1a] ::ffff:127.0.0.1 [GET] /metrics 1ms 200 Response: GET /metrics 200 1ms {"payload":{}}
2025-12-01T04:07:14.407Z [INFO] [REQUEST_MIDDLEWARE] [9792e1e7-07eb-46aa-bf75-bc56fc7f11de] ::ffff:127.0.0.1 [GET] /metrics Incoming request {"userAgent":"Prometheus/3.7.3"}
2025-12-01 11:07:14.408 [INFO] [API_REQUEST] [9792e1e7-07eb-46aa-bf75-bc56fc7f11de] ::ffff:127.0.0.1 [GET] /metrics Incoming Request: GET /metrics {"payload":{}}
2025-12-01 11:07:14.409 [INFO] [API_RESPONSE] [9792e1e7-07eb-46aa-bf75-bc56fc7f11de] ::ffff:127.0.0.1 [GET] /metrics 1ms 200 Response: GET /metrics 200 1ms {"payload":{}}
2025-12-01T04:07:19.408Z [INFO] [REQUEST_MIDDLEWARE] [250073c8-6c0f-4184-829b-e18a769ef11b] ::ffff:127.0.0.1 [GET] /metrics Incoming request {"userAgent":"Prometheus/3.7.3"}
2025-12-01 11:07:19.408 [INFO] [API_REQUEST] [250073c8-6c0f-4184-829b-e18a769ef11b] ::ffff:127.0.0.1 [GET] /metrics Incoming Request: GET /metrics {"payload":{}}
2025-12-01 11:07:19.409 [INFO] [API_RESPONSE] [250073c8-6c0f-4184-829b-e18a769ef11b] ::ffff:127.0.0.1 [GET] /metrics 1ms 200 Response: GET /metrics 200 1ms {"payload":{}}
2025-12-01T04:07:24.409Z [INFO] [REQUEST_MIDDLEWARE] [901af6b4-136c-4a27-95fe-58274b7994d6] ::ffff:127.0.0.1 [GET] /metrics Incoming request {"userAgent":"Prometheus/3.7.3"}
2025-12-01 11:07:24.410 [INFO] [API_REQUEST] [901af6b4-136c-4a27-95fe-58274b7994d6] ::ffff:127.0.0.1 [GET] /metrics Incoming Request: GET /metrics {"payload":{}}
2025-12-01 11:07:24.414 [INFO] [API_RESPONSE] [901af6b4-136c-4a27-95fe-58274b7994d6] ::ffff:127.0.0.1 [GET] /metrics 4ms 200 Response: GET /metrics 200 4ms {"payload":{}}
2025-12-01T04:07:29.408Z [INFO] [REQUEST_MIDDLEWARE] [f430314f-85c8-43c1-a677-cd2ea81fa756] ::ffff:127.0.0.1 [GET] /metrics Incoming request {"userAgent":"Prometheus/3.7.3"}
2025-12-01 11:07:29.409 [INFO] [API_REQUEST] [f430314f-85c8-43c1-a677-cd2ea81fa756] ::ffff:127.0.0.1 [GET] /metrics Incoming Request: GET /metrics {"payload":{}}
2025-12-01 11:07:29.410 [INFO] [API_RESPONSE] [f430314f-85c8-43c1-a677-cd2ea81fa756] ::ffff:127.0.0.1 [GET] /metrics 1ms 200 Response: GET /metrics 200 1ms {"payload":{}}
2025-12-01T04:07:34.408Z [INFO] [REQUEST_MIDDLEWARE] [997696a5-b778-40b2-8da4-855e9523dab4] ::ffff:127.0.0.1 [GET] /metrics Incoming request {"userAgent":"Prometheus/3.7.3"}
2025-12-01 11:07:34.408 [INFO] [API_REQUEST] [997696a5-b778-40b2-8da4-855e9523dab4] ::ffff:127.0.0.1 [GET] /metrics Incoming Request: GET /metrics {"payload":{}}
2025-12-01 11:07:34.409 [INFO] [API_RESPONSE] [997696a5-b778-40b2-8da4-855e9523dab4] ::ffff:127.0.0.1 [GET] /metrics 1ms 200 Response: GET /metrics 200 1ms {"payload":{}}
2025-12-01T04:07:39.406Z [INFO] [REQUEST_MIDDLEWARE] [b4e0ebbc-6f01-4367-af85-4a3d81d167c0] ::ffff:127.0.0.1 [GET] /metrics Incoming request {"userAgent":"Prometheus/3.7.3"}
2025-12-01 11:07:39.407 [INFO] [API_REQUEST] [b4e0ebbc-6f01-4367-af85-4a3d81d167c0] ::ffff:127.0.0.1 [GET] /metrics Incoming Request: GET /metrics {"payload":{}}
2025-12-01 11:07:39.409 [INFO] [API_RESPONSE] [b4e0ebbc-6f01-4367-af85-4a3d81d167c0] ::ffff:127.0.0.1 [GET] /metrics 1ms 200 Response: GET /metrics 200 1ms {"payload":{}}
2025-12-01T04:07:44.408Z [INFO] [REQUEST_MIDDLEWARE] [c67037e8-096c-4225-a27d-70b06ad2e75f] ::ffff:127.0.0.1 [GET] /metrics Incoming request {"userAgent":"Prometheus/3.7.3"}
2025-12-01 11:07:44.408 [INFO] [API_REQUEST] [c67037e8-096c-4225-a27d-70b06ad2e75f] ::ffff:127.0.0.1 [GET] /metrics Incoming Request: GET /metrics {"payload":{}}
2025-12-01 11:07:44.409 [INFO] [API_RESPONSE] [c67037e8-096c-4225-a27d-70b06ad2e75f] ::ffff:127.0.0.1 [GET] /metrics 1ms 200 Response: GET /metrics 200 1ms {"payload":{}}
2025-12-01T04:07:49.407Z [INFO] [REQUEST_MIDDLEWARE] [f3ae3d28-ba06-4dfc-bd0b-415205b5526e] ::ffff:127.0.0.1 [GET] /metrics Incoming request {"userAgent":"Prometheus/3.7.3"}
2025-12-01 11:07:49.408 [INFO] [API_REQUEST] [f3ae3d28-ba06-4dfc-bd0b-415205b5526e] ::ffff:127.0.0.1 [GET] /metrics Incoming Request: GET /metrics {"payload":{}}
2025-12-01 11:07:49.409 [INFO] [API_RESPONSE] [f3ae3d28-ba06-4dfc-bd0b-415205b5526e] ::ffff:127.0.0.1 [GET] /metrics 2ms 200 Response: GET /metrics 200 2ms {"payload":{}}
2025-12-01T04:07:54.407Z [INFO] [REQUEST_MIDDLEWARE] [2ac8b752-65c4-4d8f-b456-1a24e6694ad9] ::ffff:127.0.0.1 [GET] /metrics Incoming request {"userAgent":"Prometheus/3.7.3"}
2025-12-01 11:07:54.408 [INFO] [API_REQUEST] [2ac8b752-65c4-4d8f-b456-1a24e6694ad9] ::ffff:127.0.0.1 [GET] /metrics Incoming Request: GET /metrics {"payload":{}}
2025-12-01 11:07:54.409 [INFO] [API_RESPONSE] [2ac8b752-65c4-4d8f-b456-1a24e6694ad9] ::ffff:127.0.0.1 [GET] /metrics 1ms 200 Response: GET /metrics 200 1ms {"payload":{}}
2025-12-01T04:07:59.407Z [INFO] [REQUEST_MIDDLEWARE] [123689b0-0659-4e2e-9add-c72af697150c] ::ffff:127.0.0.1 [GET] /metrics Incoming request {"userAgent":"Prometheus/3.7.3"}
2025-12-01 11:07:59.407 [INFO] [API_REQUEST] [123689b0-0659-4e2e-9add-c72af697150c] ::ffff:127.0.0.1 [GET] /metrics Incoming Request: GET /metrics {"payload":{}}
2025-12-01 11:07:59.409 [INFO] [API_RESPONSE] [123689b0-0659-4e2e-9add-c72af697150c] ::ffff:127.0.0.1 [GET] /metrics 2ms 200 Response: GET /metrics 200 2ms {"payload":{}}
2025-12-01T04:08:04.407Z [INFO] [REQUEST_MIDDLEWARE] [1318eff9-66f9-4062-848a-3f9a73b05d8b] ::ffff:127.0.0.1 [GET] /metrics Incoming request {"userAgent":"Prometheus/3.7.3"}
2025-12-01 11:08:04.407 [INFO] [API_REQUEST] [1318eff9-66f9-4062-848a-3f9a73b05d8b] ::ffff:127.0.0.1 [GET] /metrics Incoming Request: GET /metrics {"payload":{}}
2025-12-01 11:08:04.408 [INFO] [API_RESPONSE] [1318eff9-66f9-4062-848a-3f9a73b05d8b] ::ffff:127.0.0.1 [GET] /metrics 1ms 200 Response: GET /metrics 200 1ms {"payload":{}}
2025-12-01T04:08:09.407Z [INFO] [REQUEST_MIDDLEWARE] [07e360ec-afc8-421c-aab7-d423fd910d71] ::ffff:127.0.0.1 [GET] /metrics Incoming request {"userAgent":"Prometheus/3.7.3"}
2025-12-01 11:08:09.408 [INFO] [API_REQUEST] [07e360ec-afc8-421c-aab7-d423fd910d71] ::ffff:127.0.0.1 [GET] /metrics Incoming Request: GET /metrics {"payload":{}}
2025-12-01 11:08:09.409 [INFO] [API_RESPONSE] [07e360ec-afc8-421c-aab7-d423fd910d71] ::ffff:127.0.0.1 [GET] /metrics 1ms 200 Response: GET /metrics 200 1ms {"payload":{}}
2025-12-01T04:08:14.407Z [INFO] [REQUEST_MIDDLEWARE] [1a7ed6ff-e26d-437a-a32d-e147a074f5de] ::ffff:127.0.0.1 [GET] /metrics Incoming request {"userAgent":"Prometheus/3.7.3"}
2025-12-01 11:08:14.408 [INFO] [API_REQUEST] [1a7ed6ff-e26d-437a-a32d-e147a074f5de] ::ffff:127.0.0.1 [GET] /metrics Incoming Request: GET /metrics {"payload":{}}
2025-12-01 11:08:14.409 [INFO] [API_RESPONSE] [1a7ed6ff-e26d-437a-a32d-e147a074f5de] ::ffff:127.0.0.1 [GET] /metrics 2ms 200 Response: GET /metrics 200 2ms {"payload":{}}
2025-12-01T04:08:19.408Z [INFO] [REQUEST_MIDDLEWARE] [eb689e19-5cf4-4e63-a2b7-befd13a3f297] ::ffff:127.0.0.1 [GET] /metrics Incoming request {"userAgent":"Prometheus/3.7.3"}
2025-12-01 11:08:19.408 [INFO] [API_REQUEST] [eb689e19-5cf4-4e63-a2b7-befd13a3f297] ::ffff:127.0.0.1 [GET] /metrics Incoming Request: GET /metrics {"payload":{}}
2025-12-01 11:08:19.409 [INFO] [API_RESPONSE] [eb689e19-5cf4-4e63-a2b7-befd13a3f297] ::ffff:127.0.0.1 [GET] /metrics 1ms 200 Response: GET /metrics 200 1ms {"payload":{}}
2025-12-01T04:08:24.406Z [INFO] [REQUEST_MIDDLEWARE] [b8e479b1-195b-4110-b1a9-7693b7418cb2] ::ffff:127.0.0.1 [GET] /metrics Incoming request {"userAgent":"Prometheus/3.7.3"}
2025-12-01 11:08:24.407 [INFO] [API_REQUEST] [b8e479b1-195b-4110-b1a9-7693b7418cb2] ::ffff:127.0.0.1 [GET] /metrics Incoming Request: GET /metrics {"payload":{}}
2025-12-01 11:08:24.408 [INFO] [API_RESPONSE] [b8e479b1-195b-4110-b1a9-7693b7418cb2] ::ffff:127.0.0.1 [GET] /metrics 1ms 200 Response: GET /metrics 200 1ms {"payload":{}}
2025-12-01T04:08:29.408Z [INFO] [REQUEST_MIDDLEWARE] [82106326-fe64-43d3-afc4-8dd774601b55] ::ffff:127.0.0.1 [GET] /metrics Incoming request {"userAgent":"Prometheus/3.7.3"}
2025-12-01 11:08:29.408 [INFO] [API_REQUEST] [82106326-fe64-43d3-afc4-8dd774601b55] ::ffff:127.0.0.1 [GET] /metrics Incoming Request: GET /metrics {"payload":{}}
2025-12-01 11:08:29.409 [INFO] [API_RESPONSE] [82106326-fe64-43d3-afc4-8dd774601b55] ::ffff:127.0.0.1 [GET] /metrics 1ms 200 Response: GET /metrics 200 1ms {"payload":{}}
2025-12-01T04:08:34.410Z [INFO] [REQUEST_MIDDLEWARE] [4934763b-86fc-4824-b496-2bc1c822dae9] ::ffff:127.0.0.1 [GET] /metrics Incoming request {"userAgent":"Prometheus/3.7.3"}
2025-12-01 11:08:34.411 [INFO] [API_REQUEST] [4934763b-86fc-4824-b496-2bc1c822dae9] ::ffff:127.0.0.1 [GET] /metrics Incoming Request: GET /metrics {"payload":{}}
2025-12-01 11:08:34.417 [INFO] [API_RESPONSE] [4934763b-86fc-4824-b496-2bc1c822dae9] ::ffff:127.0.0.1 [GET] /metrics 6ms 200 Response: GET /metrics 200 6ms {"payload":{}}
2025-12-01T04:08:39.407Z [INFO] [REQUEST_MIDDLEWARE] [b3938d34-2e42-47a6-a364-be5fe7000eba] ::ffff:127.0.0.1 [GET] /metrics Incoming request {"userAgent":"Prometheus/3.7.3"}
2025-12-01 11:08:39.407 [INFO] [API_REQUEST] [b3938d34-2e42-47a6-a364-be5fe7000eba] ::ffff:127.0.0.1 [GET] /metrics Incoming Request: GET /metrics {"payload":{}}
2025-12-01 11:08:39.410 [INFO] [API_RESPONSE] [b3938d34-2e42-47a6-a364-be5fe7000eba] ::ffff:127.0.0.1 [GET] /metrics 3ms 200 Response: GET /metrics 200 3ms {"payload":{}}
2025-12-01T04:08:44.408Z [INFO] [REQUEST_MIDDLEWARE] [972cbec5-7b1d-465d-8612-01e2dacf6195] ::ffff:127.0.0.1 [GET] /metrics Incoming request {"userAgent":"Prometheus/3.7.3"}
2025-12-01 11:08:44.408 [INFO] [API_REQUEST] [972cbec5-7b1d-465d-8612-01e2dacf6195] ::ffff:127.0.0.1 [GET] /metrics Incoming Request: GET /metrics {"payload":{}}
2025-12-01 11:08:44.409 [INFO] [API_RESPONSE] [972cbec5-7b1d-465d-8612-01e2dacf6195] ::ffff:127.0.0.1 [GET] /metrics 1ms 200 Response: GET /metrics 200 1ms {"payload":{}}
2025-12-01T04:08:49.408Z [INFO] [REQUEST_MIDDLEWARE] [fb6df5d9-b755-457b-b355-3f84e30011b5] ::ffff:127.0.0.1 [GET] /metrics Incoming request {"userAgent":"Prometheus/3.7.3"}
2025-12-01 11:08:49.409 [INFO] [API_REQUEST] [fb6df5d9-b755-457b-b355-3f84e30011b5] ::ffff:127.0.0.1 [GET] /metrics Incoming Request: GET /metrics {"payload":{}}
2025-12-01 11:08:49.410 [INFO] [API_RESPONSE] [fb6df5d9-b755-457b-b355-3f84e30011b5] ::ffff:127.0.0.1 [GET] /metrics 1ms 200 Response: GET /metrics 200 1ms {"payload":{}}
2025-12-01T04:08:54.408Z [INFO] [REQUEST_MIDDLEWARE] [8bae0501-28a5-41ac-b4c0-1090d03a2503] ::ffff:127.0.0.1 [GET] /metrics Incoming request {"userAgent":"Prometheus/3.7.3"}
2025-12-01 11:08:54.409 [INFO] [API_REQUEST] [8bae0501-28a5-41ac-b4c0-1090d03a2503] ::ffff:127.0.0.1 [GET] /metrics Incoming Request: GET /metrics {"payload":{}}
2025-12-01 11:08:54.410 [INFO] [API_RESPONSE] [8bae0501-28a5-41ac-b4c0-1090d03a2503] ::ffff:127.0.0.1 [GET] /metrics 1ms 200 Response: GET /metrics 200 1ms {"payload":{}}
2025-12-01T04:08:59.407Z [INFO] [REQUEST_MIDDLEWARE] [6924c086-21a2-4470-95e7-9ee3ad4dbbb6] ::ffff:127.0.0.1 [GET] /metrics Incoming request {"userAgent":"Prometheus/3.7.3"}
2025-12-01 11:08:59.407 [INFO] [API_REQUEST] [6924c086-21a2-4470-95e7-9ee3ad4dbbb6] ::ffff:127.0.0.1 [GET] /metrics Incoming Request: GET /metrics {"payload":{}}
2025-12-01 11:08:59.408 [INFO] [API_RESPONSE] [6924c086-21a2-4470-95e7-9ee3ad4dbbb6] ::ffff:127.0.0.1 [GET] /metrics 1ms 200 Response: GET /metrics 200 1ms {"payload":{}}
2025-12-01T04:09:04.407Z [INFO] [REQUEST_MIDDLEWARE] [041d185f-dfe4-4da5-99d9-20190c370561] ::ffff:127.0.0.1 [GET] /metrics Incoming request {"userAgent":"Prometheus/3.7.3"}
2025-12-01 11:09:04.408 [INFO] [API_REQUEST] [041d185f-dfe4-4da5-99d9-20190c370561] ::ffff:127.0.0.1 [GET] /metrics Incoming Request: GET /metrics {"payload":{}}
2025-12-01 11:09:04.409 [INFO] [API_RESPONSE] [041d185f-dfe4-4da5-99d9-20190c370561] ::ffff:127.0.0.1 [GET] /metrics 1ms 200 Response: GET /metrics 200 1ms {"payload":{}}
2025-12-01T04:09:09.408Z [INFO] [REQUEST_MIDDLEWARE] [f0d4c02b-f272-4be0-8d64-4b7cee56cd57] ::ffff:127.0.0.1 [GET] /metrics Incoming request {"userAgent":"Prometheus/3.7.3"}
2025-12-01 11:09:09.409 [INFO] [API_REQUEST] [f0d4c02b-f272-4be0-8d64-4b7cee56cd57] ::ffff:127.0.0.1 [GET] /metrics Incoming Request: GET /metrics {"payload":{}}
2025-12-01 11:09:09.411 [INFO] [API_RESPONSE] [f0d4c02b-f272-4be0-8d64-4b7cee56cd57] ::ffff:127.0.0.1 [GET] /metrics 2ms 200 Response: GET /metrics 200 2ms {"payload":{}}
2025-12-01T04:09:14.406Z [INFO] [REQUEST_MIDDLEWARE] [37c7a6df-09aa-47b9-91b6-a0578408fa2b] ::ffff:127.0.0.1 [GET] /metrics Incoming request {"userAgent":"Prometheus/3.7.3"}
2025-12-01 11:09:14.407 [INFO] [API_REQUEST] [37c7a6df-09aa-47b9-91b6-a0578408fa2b] ::ffff:127.0.0.1 [GET] /metrics Incoming Request: GET /metrics {"payload":{}}
2025-12-01 11:09:14.408 [INFO] [API_RESPONSE] [37c7a6df-09aa-47b9-91b6-a0578408fa2b] ::ffff:127.0.0.1 [GET] /metrics 1ms 200 Response: GET /metrics 200 1ms {"payload":{}}
2025-12-01T04:09:19.408Z [INFO] [REQUEST_MIDDLEWARE] [63a78c26-11ef-4547-a2d3-9b6b8b2b34b3] ::ffff:127.0.0.1 [GET] /metrics Incoming request {"userAgent":"Prometheus/3.7.3"}
2025-12-01 11:09:19.409 [INFO] [API_REQUEST] [63a78c26-11ef-4547-a2d3-9b6b8b2b34b3] ::ffff:127.0.0.1 [GET] /metrics Incoming Request: GET /metrics {"payload":{}}
2025-12-01 11:09:19.410 [INFO] [API_RESPONSE] [63a78c26-11ef-4547-a2d3-9b6b8b2b34b3] ::ffff:127.0.0.1 [GET] /metrics 1ms 200 Response: GET /metrics 200 1ms {"payload":{}}
2025-12-01T04:09:24.407Z [INFO] [REQUEST_MIDDLEWARE] [990f2e74-f1fa-4a4a-ac86-1288a905c96c] ::ffff:127.0.0.1 [GET] /metrics Incoming request {"userAgent":"Prometheus/3.7.3"}
2025-12-01 11:09:24.408 [INFO] [API_REQUEST] [990f2e74-f1fa-4a4a-ac86-1288a905c96c] ::ffff:127.0.0.1 [GET] /metrics Incoming Request: GET /metrics {"payload":{}}
2025-12-01 11:09:24.409 [INFO] [API_RESPONSE] [990f2e74-f1fa-4a4a-ac86-1288a905c96c] ::ffff:127.0.0.1 [GET] /metrics 1ms 200 Response: GET /metrics 200 1ms {"payload":{}}
2025-12-01T04:09:29.408Z [INFO] [REQUEST_MIDDLEWARE] [a6157311-0f1f-4a6c-8cb6-4aa5bfb78b3f] ::ffff:127.0.0.1 [GET] /metrics Incoming request {"userAgent":"Prometheus/3.7.3"}
2025-12-01 11:09:29.408 [INFO] [API_REQUEST] [a6157311-0f1f-4a6c-8cb6-4aa5bfb78b3f] ::ffff:127.0.0.1 [GET] /metrics Incoming Request: GET /metrics {"payload":{}}
2025-12-01 11:09:29.409 [INFO] [API_RESPONSE] [a6157311-0f1f-4a6c-8cb6-4aa5bfb78b3f] ::ffff:127.0.0.1 [GET] /metrics 1ms 200 Response: GET /metrics 200 1ms {"payload":{}}
2025-12-01T04:09:34.407Z [INFO] [REQUEST_MIDDLEWARE] [497bd961-e928-4ea1-8b42-1e42ee8eed9c] ::ffff:127.0.0.1 [GET] /metrics Incoming request {"userAgent":"Prometheus/3.7.3"}
2025-12-01 11:09:34.407 [INFO] [API_REQUEST] [497bd961-e928-4ea1-8b42-1e42ee8eed9c] ::ffff:127.0.0.1 [GET] /metrics Incoming Request: GET /metrics {"payload":{}}
2025-12-01 11:09:34.409 [INFO] [API_RESPONSE] [497bd961-e928-4ea1-8b42-1e42ee8eed9c] ::ffff:127.0.0.1 [GET] /metrics 2ms 200 Response: GET /metrics 200 2ms {"payload":{}}
2025-12-01T04:09:39.407Z [INFO] [REQUEST_MIDDLEWARE] [c807ffb4-aa46-49ba-9f5e-e75e64a34243] ::ffff:127.0.0.1 [GET] /metrics Incoming request {"userAgent":"Prometheus/3.7.3"}
2025-12-01 11:09:39.408 [INFO] [API_REQUEST] [c807ffb4-aa46-49ba-9f5e-e75e64a34243] ::ffff:127.0.0.1 [GET] /metrics Incoming Request: GET /metrics {"payload":{}}
2025-12-01 11:09:39.410 [INFO] [API_RESPONSE] [c807ffb4-aa46-49ba-9f5e-e75e64a34243] ::ffff:127.0.0.1 [GET] /metrics 2ms 200 Response: GET /metrics 200 2ms {"payload":{}}
2025-12-01T04:09:44.407Z [INFO] [REQUEST_MIDDLEWARE] [6132dca7-503c-46a2-bf37-b65b73981dd1] ::ffff:127.0.0.1 [GET] /metrics Incoming request {"userAgent":"Prometheus/3.7.3"}
2025-12-01 11:09:44.408 [INFO] [API_REQUEST] [6132dca7-503c-46a2-bf37-b65b73981dd1] ::ffff:127.0.0.1 [GET] /metrics Incoming Request: GET /metrics {"payload":{}}
2025-12-01 11:09:44.409 [INFO] [API_RESPONSE] [6132dca7-503c-46a2-bf37-b65b73981dd1] ::ffff:127.0.0.1 [GET] /metrics 1ms 200 Response: GET /metrics 200 1ms {"payload":{}}
2025-12-01T04:09:49.408Z [INFO] [REQUEST_MIDDLEWARE] [c12ea1ec-1a39-4363-afb1-91acbf4d7f39] ::ffff:127.0.0.1 [GET] /metrics Incoming request {"userAgent":"Prometheus/3.7.3"}
2025-12-01 11:09:49.408 [INFO] [API_REQUEST] [c12ea1ec-1a39-4363-afb1-91acbf4d7f39] ::ffff:127.0.0.1 [GET] /metrics Incoming Request: GET /metrics {"payload":{}}
2025-12-01 11:09:49.410 [INFO] [API_RESPONSE] [c12ea1ec-1a39-4363-afb1-91acbf4d7f39] ::ffff:127.0.0.1 [GET] /metrics 2ms 200 Response: GET /metrics 200 2ms {"payload":{}}
2025-12-01T04:09:54.408Z [INFO] [REQUEST_MIDDLEWARE] [43b178e6-9b7b-4e64-a783-fb7b413f6192] ::ffff:127.0.0.1 [GET] /metrics Incoming request {"userAgent":"Prometheus/3.7.3"}
2025-12-01 11:09:54.409 [INFO] [API_REQUEST] [43b178e6-9b7b-4e64-a783-fb7b413f6192] ::ffff:127.0.0.1 [GET] /metrics Incoming Request: GET /metrics {"payload":{}}
2025-12-01 11:09:54.410 [INFO] [API_RESPONSE] [43b178e6-9b7b-4e64-a783-fb7b413f6192] ::ffff:127.0.0.1 [GET] /metrics 1ms 200 Response: GET /metrics 200 1ms {"payload":{}}
2025-12-01T04:09:59.407Z [INFO] [REQUEST_MIDDLEWARE] [676ea3de-5d11-4f53-8d16-c2e4fca99eaf] ::ffff:127.0.0.1 [GET] /metrics Incoming request {"userAgent":"Prometheus/3.7.3"}
2025-12-01 11:09:59.408 [INFO] [API_REQUEST] [676ea3de-5d11-4f53-8d16-c2e4fca99eaf] ::ffff:127.0.0.1 [GET] /metrics Incoming Request: GET /metrics {"payload":{}}
2025-12-01 11:09:59.409 [INFO] [API_RESPONSE] [676ea3de-5d11-4f53-8d16-c2e4fca99eaf] ::ffff:127.0.0.1 [GET] /metrics 1ms 200 Response: GET /metrics 200 1ms {"payload":{}}
2025-12-01T04:10:04.408Z [INFO] [REQUEST_MIDDLEWARE] [55280acd-fa76-4a51-8136-56d9ea0d0cf3] ::ffff:127.0.0.1 [GET] /metrics Incoming request {"userAgent":"Prometheus/3.7.3"}
2025-12-01 11:10:04.408 [INFO] [API_REQUEST] [55280acd-fa76-4a51-8136-56d9ea0d0cf3] ::ffff:127.0.0.1 [GET] /metrics Incoming Request: GET /metrics {"payload":{}}
2025-12-01 11:10:04.410 [INFO] [API_RESPONSE] [55280acd-fa76-4a51-8136-56d9ea0d0cf3] ::ffff:127.0.0.1 [GET] /metrics 2ms 200 Response: GET /metrics 200 2ms {"payload":{}}
2025-12-01T04:10:09.408Z [INFO] [REQUEST_MIDDLEWARE] [212812af-669e-43ae-be46-43fe34e775f4] ::ffff:127.0.0.1 [GET] /metrics Incoming request {"userAgent":"Prometheus/3.7.3"}
2025-12-01 11:10:09.408 [INFO] [API_REQUEST] [212812af-669e-43ae-be46-43fe34e775f4] ::ffff:127.0.0.1 [GET] /metrics Incoming Request: GET /metrics {"payload":{}}
2025-12-01 11:10:09.409 [INFO] [API_RESPONSE] [212812af-669e-43ae-be46-43fe34e775f4] ::ffff:127.0.0.1 [GET] /metrics 1ms 200 Response: GET /metrics 200 1ms {"payload":{}}
2025-12-01T04:10:14.407Z [INFO] [REQUEST_MIDDLEWARE] [a3500508-aafe-47c0-8175-c46bf8097839] ::ffff:127.0.0.1 [GET] /metrics Incoming request {"userAgent":"Prometheus/3.7.3"}
2025-12-01 11:10:14.408 [INFO] [API_REQUEST] [a3500508-aafe-47c0-8175-c46bf8097839] ::ffff:127.0.0.1 [GET] /metrics Incoming Request: GET /metrics {"payload":{}}
2025-12-01 11:10:14.410 [INFO] [API_RESPONSE] [a3500508-aafe-47c0-8175-c46bf8097839] ::ffff:127.0.0.1 [GET] /metrics 2ms 200 Response: GET /metrics 200 2ms {"payload":{}}
2025-12-01T04:10:19.408Z [INFO] [REQUEST_MIDDLEWARE] [6f6a34ec-3083-4395-bce9-8bc7534918bc] ::ffff:127.0.0.1 [GET] /metrics Incoming request {"userAgent":"Prometheus/3.7.3"}
2025-12-01 11:10:19.408 [INFO] [API_REQUEST] [6f6a34ec-3083-4395-bce9-8bc7534918bc] ::ffff:127.0.0.1 [GET] /metrics Incoming Request: GET /metrics {"payload":{}}
2025-12-01 11:10:19.410 [INFO] [API_RESPONSE] [6f6a34ec-3083-4395-bce9-8bc7534918bc] ::ffff:127.0.0.1 [GET] /metrics 2ms 200 Response: GET /metrics 200 2ms {"payload":{}}
2025-12-01T04:10:24.407Z [INFO] [REQUEST_MIDDLEWARE] [73ca1834-d825-44dd-8858-9dde99be2e7b] ::ffff:127.0.0.1 [GET] /metrics Incoming request {"userAgent":"Prometheus/3.7.3"}
2025-12-01 11:10:24.408 [INFO] [API_REQUEST] [73ca1834-d825-44dd-8858-9dde99be2e7b] ::ffff:127.0.0.1 [GET] /metrics Incoming Request: GET /metrics {"payload":{}}
2025-12-01 11:10:24.409 [INFO] [API_RESPONSE] [73ca1834-d825-44dd-8858-9dde99be2e7b] ::ffff:127.0.0.1 [GET] /metrics 1ms 200 Response: GET /metrics 200 1ms {"payload":{}}
2025-12-01T04:10:29.406Z [INFO] [REQUEST_MIDDLEWARE] [8bc8563c-53d6-4ee0-9914-b61bfc726596] ::ffff:127.0.0.1 [GET] /metrics Incoming request {"userAgent":"Prometheus/3.7.3"}
2025-12-01 11:10:29.407 [INFO] [API_REQUEST] [8bc8563c-53d6-4ee0-9914-b61bfc726596] ::ffff:127.0.0.1 [GET] /metrics Incoming Request: GET /metrics {"payload":{}}
2025-12-01 11:10:29.408 [INFO] [API_RESPONSE] [8bc8563c-53d6-4ee0-9914-b61bfc726596] ::ffff:127.0.0.1 [GET] /metrics 1ms 200 Response: GET /metrics 200 1ms {"payload":{}}
2025-12-01T04:10:34.406Z [INFO] [REQUEST_MIDDLEWARE] [4d8318ab-d535-4271-8f56-c0a21fe811cc] ::ffff:127.0.0.1 [GET] /metrics Incoming request {"userAgent":"Prometheus/3.7.3"}
2025-12-01 11:10:34.407 [INFO] [API_REQUEST] [4d8318ab-d535-4271-8f56-c0a21fe811cc] ::ffff:127.0.0.1 [GET] /metrics Incoming Request: GET /metrics {"payload":{}}
2025-12-01 11:10:34.408 [INFO] [API_RESPONSE] [4d8318ab-d535-4271-8f56-c0a21fe811cc] ::ffff:127.0.0.1 [GET] /metrics 2ms 200 Response: GET /metrics 200 2ms {"payload":{}}
2025-12-01T04:10:39.407Z [INFO] [REQUEST_MIDDLEWARE] [ee7e05d8-eaf8-4af5-9518-b5de7d43be12] ::ffff:127.0.0.1 [GET] /metrics Incoming request {"userAgent":"Prometheus/3.7.3"}
2025-12-01 11:10:39.408 [INFO] [API_REQUEST] [ee7e05d8-eaf8-4af5-9518-b5de7d43be12] ::ffff:127.0.0.1 [GET] /metrics Incoming Request: GET /metrics {"payload":{}}
2025-12-01 11:10:39.410 [INFO] [API_RESPONSE] [ee7e05d8-eaf8-4af5-9518-b5de7d43be12] ::ffff:127.0.0.1 [GET] /metrics 2ms 200 Response: GET /metrics 200 2ms {"payload":{}}
2025-12-01T04:10:44.409Z [INFO] [REQUEST_MIDDLEWARE] [8a1c4543-88b9-4f94-9bd1-bb5769719742] ::ffff:127.0.0.1 [GET] /metrics Incoming request {"userAgent":"Prometheus/3.7.3"}
2025-12-01 11:10:44.410 [INFO] [API_REQUEST] [8a1c4543-88b9-4f94-9bd1-bb5769719742] ::ffff:127.0.0.1 [GET] /metrics Incoming Request: GET /metrics {"payload":{}}
2025-12-01 11:10:44.413 [INFO] [API_RESPONSE] [8a1c4543-88b9-4f94-9bd1-bb5769719742] ::ffff:127.0.0.1 [GET] /metrics 4ms 200 Response: GET /metrics 200 4ms {"payload":{}}
2025-12-01T04:10:49.408Z [INFO] [REQUEST_MIDDLEWARE] [4603d423-3389-4f30-adb3-eb82437aef2f] ::ffff:127.0.0.1 [GET] /metrics Incoming request {"userAgent":"Prometheus/3.7.3"}
2025-12-01 11:10:49.408 [INFO] [API_REQUEST] [4603d423-3389-4f30-adb3-eb82437aef2f] ::ffff:127.0.0.1 [GET] /metrics Incoming Request: GET /metrics {"payload":{}}
2025-12-01 11:10:49.409 [INFO] [API_RESPONSE] [4603d423-3389-4f30-adb3-eb82437aef2f] ::ffff:127.0.0.1 [GET] /metrics 1ms 200 Response: GET /metrics 200 1ms {"payload":{}}
2025-12-01T04:10:54.408Z [INFO] [REQUEST_MIDDLEWARE] [f01f9e7b-ba84-4f22-b248-ed026aed9d73] ::ffff:127.0.0.1 [GET] /metrics Incoming request {"userAgent":"Prometheus/3.7.3"}
2025-12-01 11:10:54.408 [INFO] [API_REQUEST] [f01f9e7b-ba84-4f22-b248-ed026aed9d73] ::ffff:127.0.0.1 [GET] /metrics Incoming Request: GET /metrics {"payload":{}}
2025-12-01 11:10:54.409 [INFO] [API_RESPONSE] [f01f9e7b-ba84-4f22-b248-ed026aed9d73] ::ffff:127.0.0.1 [GET] /metrics 1ms 200 Response: GET /metrics 200 1ms {"payload":{}}
2025-12-01T04:10:59.407Z [INFO] [REQUEST_MIDDLEWARE] [7dc379a3-888d-4b11-90d1-4f8ffb1442aa] ::ffff:127.0.0.1 [GET] /metrics Incoming request {"userAgent":"Prometheus/3.7.3"}
2025-12-01 11:10:59.408 [INFO] [API_REQUEST] [7dc379a3-888d-4b11-90d1-4f8ffb1442aa] ::ffff:127.0.0.1 [GET] /metrics Incoming Request: GET /metrics {"payload":{}}
2025-12-01 11:10:59.409 [INFO] [API_RESPONSE] [7dc379a3-888d-4b11-90d1-4f8ffb1442aa] ::ffff:127.0.0.1 [GET] /metrics 1ms 200 Response: GET /metrics 200 1ms {"payload":{}}
2025-12-01T04:11:04.407Z [INFO] [REQUEST_MIDDLEWARE] [4979ba9c-39b7-4506-8f12-cbbf9fbb2753] ::ffff:127.0.0.1 [GET] /metrics Incoming request {"userAgent":"Prometheus/3.7.3"}
2025-12-01 11:11:04.407 [INFO] [API_REQUEST] [4979ba9c-39b7-4506-8f12-cbbf9fbb2753] ::ffff:127.0.0.1 [GET] /metrics Incoming Request: GET /metrics {"payload":{}}
2025-12-01 11:11:04.409 [INFO] [API_RESPONSE] [4979ba9c-39b7-4506-8f12-cbbf9fbb2753] ::ffff:127.0.0.1 [GET] /metrics 2ms 200 Response: GET /metrics 200 2ms {"payload":{}}
2025-12-01T04:11:09.407Z [INFO] [REQUEST_MIDDLEWARE] [e7aad84c-e3e5-4634-9c43-b8597257be69] ::ffff:127.0.0.1 [GET] /metrics Incoming request {"userAgent":"Prometheus/3.7.3"}
2025-12-01 11:11:09.408 [INFO] [API_REQUEST] [e7aad84c-e3e5-4634-9c43-b8597257be69] ::ffff:127.0.0.1 [GET] /metrics Incoming Request: GET /metrics {"payload":{}}
2025-12-01 11:11:09.409 [INFO] [API_RESPONSE] [e7aad84c-e3e5-4634-9c43-b8597257be69] ::ffff:127.0.0.1 [GET] /metrics 1ms 200 Response: GET /metrics 200 1ms {"payload":{}}
2025-12-01T04:11:14.408Z [INFO] [REQUEST_MIDDLEWARE] [e03c8dea-605e-4e39-b8c9-f2b24d78822c] ::ffff:127.0.0.1 [GET] /metrics Incoming request {"userAgent":"Prometheus/3.7.3"}
2025-12-01 11:11:14.408 [INFO] [API_REQUEST] [e03c8dea-605e-4e39-b8c9-f2b24d78822c] ::ffff:127.0.0.1 [GET] /metrics Incoming Request: GET /metrics {"payload":{}}
2025-12-01 11:11:14.409 [INFO] [API_RESPONSE] [e03c8dea-605e-4e39-b8c9-f2b24d78822c] ::ffff:127.0.0.1 [GET] /metrics 1ms 200 Response: GET /metrics 200 1ms {"payload":{}}
2025-12-01T04:11:19.407Z [INFO] [REQUEST_MIDDLEWARE] [93abefb4-76b6-473c-a90f-c7467e5d6df2] ::ffff:127.0.0.1 [GET] /metrics Incoming request {"userAgent":"Prometheus/3.7.3"}
2025-12-01 11:11:19.408 [INFO] [API_REQUEST] [93abefb4-76b6-473c-a90f-c7467e5d6df2] ::ffff:127.0.0.1 [GET] /metrics Incoming Request: GET /metrics {"payload":{}}
2025-12-01 11:11:19.409 [INFO] [API_RESPONSE] [93abefb4-76b6-473c-a90f-c7467e5d6df2] ::ffff:127.0.0.1 [GET] /metrics 1ms 200 Response: GET /metrics 200 1ms {"payload":{}}
2025-12-01T04:11:24.407Z [INFO] [REQUEST_MIDDLEWARE] [5a1f331f-b67e-4345-a6f1-b819bee15e2b] ::ffff:127.0.0.1 [GET] /metrics Incoming request {"userAgent":"Prometheus/3.7.3"}
2025-12-01 11:11:24.408 [INFO] [API_REQUEST] [5a1f331f-b67e-4345-a6f1-b819bee15e2b] ::ffff:127.0.0.1 [GET] /metrics Incoming Request: GET /metrics {"payload":{}}
2025-12-01 11:11:24.409 [INFO] [API_RESPONSE] [5a1f331f-b67e-4345-a6f1-b819bee15e2b] ::ffff:127.0.0.1 [GET] /metrics 1ms 200 Response: GET /metrics 200 1ms {"payload":{}}
2025-12-01T04:11:29.407Z [INFO] [REQUEST_MIDDLEWARE] [3ed5611d-d55b-489d-96a3-fdecf779b8a7] ::ffff:127.0.0.1 [GET] /metrics Incoming request {"userAgent":"Prometheus/3.7.3"}
2025-12-01 11:11:29.407 [INFO] [API_REQUEST] [3ed5611d-d55b-489d-96a3-fdecf779b8a7] ::ffff:127.0.0.1 [GET] /metrics Incoming Request: GET /metrics {"payload":{}}
2025-12-01 11:11:29.409 [INFO] [API_RESPONSE] [3ed5611d-d55b-489d-96a3-fdecf779b8a7] ::ffff:127.0.0.1 [GET] /metrics 2ms 200 Response: GET /metrics 200 2ms {"payload":{}}
2025-12-01T04:11:34.407Z [INFO] [REQUEST_MIDDLEWARE] [70ffbddd-cc12-45fd-8a8e-e4a919f0ef3c] ::ffff:127.0.0.1 [GET] /metrics Incoming request {"userAgent":"Prometheus/3.7.3"}
2025-12-01 11:11:34.407 [INFO] [API_REQUEST] [70ffbddd-cc12-45fd-8a8e-e4a919f0ef3c] ::ffff:127.0.0.1 [GET] /metrics Incoming Request: GET /metrics {"payload":{}}
2025-12-01 11:11:34.409 [INFO] [API_RESPONSE] [70ffbddd-cc12-45fd-8a8e-e4a919f0ef3c] ::ffff:127.0.0.1 [GET] /metrics 2ms 200 Response: GET /metrics 200 2ms {"payload":{}}
2025-12-01T04:11:39.406Z [INFO] [REQUEST_MIDDLEWARE] [45e71f16-d994-4b7a-86c4-d8df77530ea3] ::ffff:127.0.0.1 [GET] /metrics Incoming request {"userAgent":"Prometheus/3.7.3"}
2025-12-01 11:11:39.407 [INFO] [API_REQUEST] [45e71f16-d994-4b7a-86c4-d8df77530ea3] ::ffff:127.0.0.1 [GET] /metrics Incoming Request: GET /metrics {"payload":{}}
2025-12-01 11:11:39.409 [INFO] [API_RESPONSE] [45e71f16-d994-4b7a-86c4-d8df77530ea3] ::ffff:127.0.0.1 [GET] /metrics 2ms 200 Response: GET /metrics 200 2ms {"payload":{}}
2025-12-01T04:11:44.407Z [INFO] [REQUEST_MIDDLEWARE] [e38ed13b-34bc-4eb9-921e-84f319a25f55] ::ffff:127.0.0.1 [GET] /metrics Incoming request {"userAgent":"Prometheus/3.7.3"}
2025-12-01 11:11:44.408 [INFO] [API_REQUEST] [e38ed13b-34bc-4eb9-921e-84f319a25f55] ::ffff:127.0.0.1 [GET] /metrics Incoming Request: GET /metrics {"payload":{}}
2025-12-01 11:11:44.409 [INFO] [API_RESPONSE] [e38ed13b-34bc-4eb9-921e-84f319a25f55] ::ffff:127.0.0.1 [GET] /metrics 1ms 200 Response: GET /metrics 200 1ms {"payload":{}}
2025-12-01T04:11:49.410Z [INFO] [REQUEST_MIDDLEWARE] [defc795a-4c60-4441-8a43-5fd532cf91f5] ::ffff:127.0.0.1 [GET] /metrics Incoming request {"userAgent":"Prometheus/3.7.3"}
2025-12-01 11:11:49.412 [INFO] [API_REQUEST] [defc795a-4c60-4441-8a43-5fd532cf91f5] ::ffff:127.0.0.1 [GET] /metrics Incoming Request: GET /metrics {"payload":{}}
2025-12-01 11:11:49.418 [INFO] [API_RESPONSE] [defc795a-4c60-4441-8a43-5fd532cf91f5] ::ffff:127.0.0.1 [GET] /metrics 6ms 200 Response: GET /metrics 200 6ms {"payload":{}}
2025-12-01T04:11:54.408Z [INFO] [REQUEST_MIDDLEWARE] [a0cc1b8a-c919-464b-967e-3a4e11663fc0] ::ffff:127.0.0.1 [GET] /metrics Incoming request {"userAgent":"Prometheus/3.7.3"}
2025-12-01 11:11:54.408 [INFO] [API_REQUEST] [a0cc1b8a-c919-464b-967e-3a4e11663fc0] ::ffff:127.0.0.1 [GET] /metrics Incoming Request: GET /metrics {"payload":{}}
2025-12-01 11:11:54.409 [INFO] [API_RESPONSE] [a0cc1b8a-c919-464b-967e-3a4e11663fc0] ::ffff:127.0.0.1 [GET] /metrics 1ms 200 Response: GET /metrics 200 1ms {"payload":{}}
2025-12-01T04:11:59.408Z [INFO] [REQUEST_MIDDLEWARE] [99ff14af-9021-4726-8d3e-e421440f6313] ::ffff:127.0.0.1 [GET] /metrics Incoming request {"userAgent":"Prometheus/3.7.3"}
2025-12-01 11:11:59.408 [INFO] [API_REQUEST] [99ff14af-9021-4726-8d3e-e421440f6313] ::ffff:127.0.0.1 [GET] /metrics Incoming Request: GET /metrics {"payload":{}}
2025-12-01 11:11:59.409 [INFO] [API_RESPONSE] [99ff14af-9021-4726-8d3e-e421440f6313] ::ffff:127.0.0.1 [GET] /metrics 1ms 200 Response: GET /metrics 200 1ms {"payload":{}}
2025-12-01T04:12:04.408Z [INFO] [REQUEST_MIDDLEWARE] [05a3748b-cb45-4d06-a619-3964b17acf25] ::ffff:127.0.0.1 [GET] /metrics Incoming request {"userAgent":"Prometheus/3.7.3"}
2025-12-01 11:12:04.408 [INFO] [API_REQUEST] [05a3748b-cb45-4d06-a619-3964b17acf25] ::ffff:127.0.0.1 [GET] /metrics Incoming Request: GET /metrics {"payload":{}}
2025-12-01 11:12:04.409 [INFO] [API_RESPONSE] [05a3748b-cb45-4d06-a619-3964b17acf25] ::ffff:127.0.0.1 [GET] /metrics 1ms 200 Response: GET /metrics 200 1ms {"payload":{}}
2025-12-01T04:12:09.407Z [INFO] [REQUEST_MIDDLEWARE] [ef8fe039-b34a-4b5c-8875-9d1c3cf0f5aa] ::ffff:127.0.0.1 [GET] /metrics Incoming request {"userAgent":"Prometheus/3.7.3"}
2025-12-01 11:12:09.408 [INFO] [API_REQUEST] [ef8fe039-b34a-4b5c-8875-9d1c3cf0f5aa] ::ffff:127.0.0.1 [GET] /metrics Incoming Request: GET /metrics {"payload":{}}
2025-12-01 11:12:09.409 [INFO] [API_RESPONSE] [ef8fe039-b34a-4b5c-8875-9d1c3cf0f5aa] ::ffff:127.0.0.1 [GET] /metrics 1ms 200 Response: GET /metrics 200 1ms {"payload":{}}
2025-12-01T04:12:14.407Z [INFO] [REQUEST_MIDDLEWARE] [f0f0582a-b6a9-4cfb-841c-f51bb80b3013] ::ffff:127.0.0.1 [GET] /metrics Incoming request {"userAgent":"Prometheus/3.7.3"}
2025-12-01 11:12:14.407 [INFO] [API_REQUEST] [f0f0582a-b6a9-4cfb-841c-f51bb80b3013] ::ffff:127.0.0.1 [GET] /metrics Incoming Request: GET /metrics {"payload":{}}
2025-12-01 11:12:14.409 [INFO] [API_RESPONSE] [f0f0582a-b6a9-4cfb-841c-f51bb80b3013] ::ffff:127.0.0.1 [GET] /metrics 2ms 200 Response: GET /metrics 200 2ms {"payload":{}}
2025-12-01T04:12:19.408Z [INFO] [REQUEST_MIDDLEWARE] [5a705f25-5015-4985-8221-2730f8d44591] ::ffff:127.0.0.1 [GET] /metrics Incoming request {"userAgent":"Prometheus/3.7.3"}
2025-12-01 11:12:19.409 [INFO] [API_REQUEST] [5a705f25-5015-4985-8221-2730f8d44591] ::ffff:127.0.0.1 [GET] /metrics Incoming Request: GET /metrics {"payload":{}}
2025-12-01 11:12:19.412 [INFO] [API_RESPONSE] [5a705f25-5015-4985-8221-2730f8d44591] ::ffff:127.0.0.1 [GET] /metrics 3ms 200 Response: GET /metrics 200 3ms {"payload":{}}
2025-12-01T04:12:24.407Z [INFO] [REQUEST_MIDDLEWARE] [199f60be-d963-4886-ae11-628278011876] ::ffff:127.0.0.1 [GET] /metrics Incoming request {"userAgent":"Prometheus/3.7.3"}
2025-12-01 11:12:24.408 [INFO] [API_REQUEST] [199f60be-d963-4886-ae11-628278011876] ::ffff:127.0.0.1 [GET] /metrics Incoming Request: GET /metrics {"payload":{}}
2025-12-01 11:12:24.409 [INFO] [API_RESPONSE] [199f60be-d963-4886-ae11-628278011876] ::ffff:127.0.0.1 [GET] /metrics 1ms 200 Response: GET /metrics 200 1ms {"payload":{}}
2025-12-01T04:12:29.406Z [INFO] [REQUEST_MIDDLEWARE] [b3d31ef9-6f97-4d05-9221-ab690789a0f3] ::ffff:127.0.0.1 [GET] /metrics Incoming request {"userAgent":"Prometheus/3.7.3"}
2025-12-01 11:12:29.407 [INFO] [API_REQUEST] [b3d31ef9-6f97-4d05-9221-ab690789a0f3] ::ffff:127.0.0.1 [GET] /metrics Incoming Request: GET /metrics {"payload":{}}
2025-12-01 11:12:29.408 [INFO] [API_RESPONSE] [b3d31ef9-6f97-4d05-9221-ab690789a0f3] ::ffff:127.0.0.1 [GET] /metrics 1ms 200 Response: GET /metrics 200 1ms {"payload":{}}
2025-12-01T04:12:34.408Z [INFO] [REQUEST_MIDDLEWARE] [604146ef-3bd3-49b5-8502-08f29198841a] ::ffff:127.0.0.1 [GET] /metrics Incoming request {"userAgent":"Prometheus/3.7.3"}
2025-12-01 11:12:34.408 [INFO] [API_REQUEST] [604146ef-3bd3-49b5-8502-08f29198841a] ::ffff:127.0.0.1 [GET] /metrics Incoming Request: GET /metrics {"payload":{}}
2025-12-01 11:12:34.409 [INFO] [API_RESPONSE] [604146ef-3bd3-49b5-8502-08f29198841a] ::ffff:127.0.0.1 [GET] /metrics 1ms 200 Response: GET /metrics 200 1ms {"payload":{}}
2025-12-01T04:12:39.407Z [INFO] [REQUEST_MIDDLEWARE] [4e3830c9-006b-4f03-b449-57e33df08a7b] ::ffff:127.0.0.1 [GET] /metrics Incoming request {"userAgent":"Prometheus/3.7.3"}
2025-12-01 11:12:39.407 [INFO] [API_REQUEST] [4e3830c9-006b-4f03-b449-57e33df08a7b] ::ffff:127.0.0.1 [GET] /metrics Incoming Request: GET /metrics {"payload":{}}
2025-12-01 11:12:39.410 [INFO] [API_RESPONSE] [4e3830c9-006b-4f03-b449-57e33df08a7b] ::ffff:127.0.0.1 [GET] /metrics 3ms 200 Response: GET /metrics 200 3ms {"payload":{}}
2025-12-01T04:12:44.408Z [INFO] [REQUEST_MIDDLEWARE] [b1e685d5-c85f-4cca-9919-b39f16e423ac] ::ffff:127.0.0.1 [GET] /metrics Incoming request {"userAgent":"Prometheus/3.7.3"}
2025-12-01 11:12:44.408 [INFO] [API_REQUEST] [b1e685d5-c85f-4cca-9919-b39f16e423ac] ::ffff:127.0.0.1 [GET] /metrics Incoming Request: GET /metrics {"payload":{}}
2025-12-01 11:12:44.409 [INFO] [API_RESPONSE] [b1e685d5-c85f-4cca-9919-b39f16e423ac] ::ffff:127.0.0.1 [GET] /metrics 1ms 200 Response: GET /metrics 200 1ms {"payload":{}}
2025-12-01T04:12:49.408Z [INFO] [REQUEST_MIDDLEWARE] [5d27e70c-0232-4c64-a073-dded67e406e2] ::ffff:127.0.0.1 [GET] /metrics Incoming request {"userAgent":"Prometheus/3.7.3"}
2025-12-01 11:12:49.408 [INFO] [API_REQUEST] [5d27e70c-0232-4c64-a073-dded67e406e2] ::ffff:127.0.0.1 [GET] /metrics Incoming Request: GET /metrics {"payload":{}}
2025-12-01 11:12:49.409 [INFO] [API_RESPONSE] [5d27e70c-0232-4c64-a073-dded67e406e2] ::ffff:127.0.0.1 [GET] /metrics 1ms 200 Response: GET /metrics 200 1ms {"payload":{}}
2025-12-01T04:12:54.408Z [INFO] [REQUEST_MIDDLEWARE] [74d20ce9-311e-468f-b7f9-1b7efa7f16d3] ::ffff:127.0.0.1 [GET] /metrics Incoming request {"userAgent":"Prometheus/3.7.3"}
2025-12-01 11:12:54.408 [INFO] [API_REQUEST] [74d20ce9-311e-468f-b7f9-1b7efa7f16d3] ::ffff:127.0.0.1 [GET] /metrics Incoming Request: GET /metrics {"payload":{}}
2025-12-01 11:12:54.409 [INFO] [API_RESPONSE] [74d20ce9-311e-468f-b7f9-1b7efa7f16d3] ::ffff:127.0.0.1 [GET] /metrics 1ms 200 Response: GET /metrics 200 1ms {"payload":{}}
2025-12-01T04:12:59.407Z [INFO] [REQUEST_MIDDLEWARE] [13511285-5c77-4cb6-a090-a80a8f1a00e3] ::ffff:127.0.0.1 [GET] /metrics Incoming request {"userAgent":"Prometheus/3.7.3"}
2025-12-01 11:12:59.408 [INFO] [API_REQUEST] [13511285-5c77-4cb6-a090-a80a8f1a00e3] ::ffff:127.0.0.1 [GET] /metrics Incoming Request: GET /metrics {"payload":{}}
2025-12-01 11:12:59.409 [INFO] [API_RESPONSE] [13511285-5c77-4cb6-a090-a80a8f1a00e3] ::ffff:127.0.0.1 [GET] /metrics 1ms 200 Response: GET /metrics 200 1ms {"payload":{}}
2025-12-01T04:13:04.408Z [INFO] [REQUEST_MIDDLEWARE] [cbe6cc3a-36a4-4a3a-a84f-9d50ffb22662] ::ffff:127.0.0.1 [GET] /metrics Incoming request {"userAgent":"Prometheus/3.7.3"}
2025-12-01 11:13:04.408 [INFO] [API_REQUEST] [cbe6cc3a-36a4-4a3a-a84f-9d50ffb22662] ::ffff:127.0.0.1 [GET] /metrics Incoming Request: GET /metrics {"payload":{}}
2025-12-01 11:13:04.409 [INFO] [API_RESPONSE] [cbe6cc3a-36a4-4a3a-a84f-9d50ffb22662] ::ffff:127.0.0.1 [GET] /metrics 1ms 200 Response: GET /metrics 200 1ms {"payload":{}}
2025-12-01T04:13:09.408Z [INFO] [REQUEST_MIDDLEWARE] [afcb4505-5861-43bd-8029-ef3d1842d7ed] ::ffff:127.0.0.1 [GET] /metrics Incoming request {"userAgent":"Prometheus/3.7.3"}
2025-12-01 11:13:09.408 [INFO] [API_REQUEST] [afcb4505-5861-43bd-8029-ef3d1842d7ed] ::ffff:127.0.0.1 [GET] /metrics Incoming Request: GET /metrics {"payload":{}}
2025-12-01 11:13:09.410 [INFO] [API_RESPONSE] [afcb4505-5861-43bd-8029-ef3d1842d7ed] ::ffff:127.0.0.1 [GET] /metrics 2ms 200 Response: GET /metrics 200 2ms {"payload":{}}
2025-12-01T04:13:14.408Z [INFO] [REQUEST_MIDDLEWARE] [3baffd78-9c9f-42c3-bb9b-0d2725eff028] ::ffff:127.0.0.1 [GET] /metrics Incoming request {"userAgent":"Prometheus/3.7.3"}
2025-12-01 11:13:14.408 [INFO] [API_REQUEST] [3baffd78-9c9f-42c3-bb9b-0d2725eff028] ::ffff:127.0.0.1 [GET] /metrics Incoming Request: GET /metrics {"payload":{}}
2025-12-01 11:13:14.410 [INFO] [API_RESPONSE] [3baffd78-9c9f-42c3-bb9b-0d2725eff028] ::ffff:127.0.0.1 [GET] /metrics 2ms 200 Response: GET /metrics 200 2ms {"payload":{}}
2025-12-01T04:13:19.408Z [INFO] [REQUEST_MIDDLEWARE] [4b17c5a7-5fa5-4287-8d66-d2a230505bfe] ::ffff:127.0.0.1 [GET] /metrics Incoming request {"userAgent":"Prometheus/3.7.3"}
2025-12-01 11:13:19.408 [INFO] [API_REQUEST] [4b17c5a7-5fa5-4287-8d66-d2a230505bfe] ::ffff:127.0.0.1 [GET] /metrics Incoming Request: GET /metrics {"payload":{}}
2025-12-01 11:13:19.409 [INFO] [API_RESPONSE] [4b17c5a7-5fa5-4287-8d66-d2a230505bfe] ::ffff:127.0.0.1 [GET] /metrics 1ms 200 Response: GET /metrics 200 1ms {"payload":{}}
2025-12-01T04:13:24.407Z [INFO] [REQUEST_MIDDLEWARE] [d78954ab-8db5-4212-aac4-680a86dc5939] ::ffff:127.0.0.1 [GET] /metrics Incoming request {"userAgent":"Prometheus/3.7.3"}
2025-12-01 11:13:24.408 [INFO] [API_REQUEST] [d78954ab-8db5-4212-aac4-680a86dc5939] ::ffff:127.0.0.1 [GET] /metrics Incoming Request: GET /metrics {"payload":{}}
2025-12-01 11:13:24.409 [INFO] [API_RESPONSE] [d78954ab-8db5-4212-aac4-680a86dc5939] ::ffff:127.0.0.1 [GET] /metrics 1ms 200 Response: GET /metrics 200 1ms {"payload":{}}
2025-12-01T04:13:29.408Z [INFO] [REQUEST_MIDDLEWARE] [7e37859e-4cff-4bf4-9aad-ee4fe6ddc7b6] ::ffff:127.0.0.1 [GET] /metrics Incoming request {"userAgent":"Prometheus/3.7.3"}
2025-12-01 11:13:29.408 [INFO] [API_REQUEST] [7e37859e-4cff-4bf4-9aad-ee4fe6ddc7b6] ::ffff:127.0.0.1 [GET] /metrics Incoming Request: GET /metrics {"payload":{}}
2025-12-01 11:13:29.409 [INFO] [API_RESPONSE] [7e37859e-4cff-4bf4-9aad-ee4fe6ddc7b6] ::ffff:127.0.0.1 [GET] /metrics 1ms 200 Response: GET /metrics 200 1ms {"payload":{}}
2025-12-01T04:13:34.407Z [INFO] [REQUEST_MIDDLEWARE] [7480d4f4-188e-4465-b296-1fdd032bb861] ::ffff:127.0.0.1 [GET] /metrics Incoming request {"userAgent":"Prometheus/3.7.3"}
2025-12-01 11:13:34.408 [INFO] [API_REQUEST] [7480d4f4-188e-4465-b296-1fdd032bb861] ::ffff:127.0.0.1 [GET] /metrics Incoming Request: GET /metrics {"payload":{}}
2025-12-01 11:13:34.409 [INFO] [API_RESPONSE] [7480d4f4-188e-4465-b296-1fdd032bb861] ::ffff:127.0.0.1 [GET] /metrics 1ms 200 Response: GET /metrics 200 1ms {"payload":{}}
2025-12-01T04:13:39.407Z [INFO] [REQUEST_MIDDLEWARE] [3c397c8b-2101-4181-86a2-fc0be07d2d51] ::ffff:127.0.0.1 [GET] /metrics Incoming request {"userAgent":"Prometheus/3.7.3"}
2025-12-01 11:13:39.407 [INFO] [API_REQUEST] [3c397c8b-2101-4181-86a2-fc0be07d2d51] ::ffff:127.0.0.1 [GET] /metrics Incoming Request: GET /metrics {"payload":{}}
2025-12-01 11:13:39.408 [INFO] [API_RESPONSE] [3c397c8b-2101-4181-86a2-fc0be07d2d51] ::ffff:127.0.0.1 [GET] /metrics 1ms 200 Response: GET /metrics 200 1ms {"payload":{}}
2025-12-01T04:13:44.407Z [INFO] [REQUEST_MIDDLEWARE] [867c9860-e9da-45d3-ad11-c551148813c1] ::ffff:127.0.0.1 [GET] /metrics Incoming request {"userAgent":"Prometheus/3.7.3"}
2025-12-01 11:13:44.408 [INFO] [API_REQUEST] [867c9860-e9da-45d3-ad11-c551148813c1] ::ffff:127.0.0.1 [GET] /metrics Incoming Request: GET /metrics {"payload":{}}
2025-12-01 11:13:44.409 [INFO] [API_RESPONSE] [867c9860-e9da-45d3-ad11-c551148813c1] ::ffff:127.0.0.1 [GET] /metrics 1ms 200 Response: GET /metrics 200 1ms {"payload":{}}
2025-12-01T04:13:49.408Z [INFO] [REQUEST_MIDDLEWARE] [05d17a26-a041-4174-b268-334764e4be40] ::ffff:127.0.0.1 [GET] /metrics Incoming request {"userAgent":"Prometheus/3.7.3"}
2025-12-01 11:13:49.408 [INFO] [API_REQUEST] [05d17a26-a041-4174-b268-334764e4be40] ::ffff:127.0.0.1 [GET] /metrics Incoming Request: GET /metrics {"payload":{}}
2025-12-01 11:13:49.409 [INFO] [API_RESPONSE] [05d17a26-a041-4174-b268-334764e4be40] ::ffff:127.0.0.1 [GET] /metrics 1ms 200 Response: GET /metrics 200 1ms {"payload":{}}
2025-12-01T04:13:54.407Z [INFO] [REQUEST_MIDDLEWARE] [abcb3aa6-6095-4668-b485-a72df99d8a91] ::ffff:127.0.0.1 [GET] /metrics Incoming request {"userAgent":"Prometheus/3.7.3"}
2025-12-01 11:13:54.408 [INFO] [API_REQUEST] [abcb3aa6-6095-4668-b485-a72df99d8a91] ::ffff:127.0.0.1 [GET] /metrics Incoming Request: GET /metrics {"payload":{}}
2025-12-01 11:13:54.409 [INFO] [API_RESPONSE] [abcb3aa6-6095-4668-b485-a72df99d8a91] ::ffff:127.0.0.1 [GET] /metrics 1ms 200 Response: GET /metrics 200 1ms {"payload":{}}
2025-12-01T04:13:59.408Z [INFO] [REQUEST_MIDDLEWARE] [3249c292-784d-4280-a1e4-4453549c7aa7] ::ffff:127.0.0.1 [GET] /metrics Incoming request {"userAgent":"Prometheus/3.7.3"}
2025-12-01 11:13:59.408 [INFO] [API_REQUEST] [3249c292-784d-4280-a1e4-4453549c7aa7] ::ffff:127.0.0.1 [GET] /metrics Incoming Request: GET /metrics {"payload":{}}
2025-12-01 11:13:59.410 [INFO] [API_RESPONSE] [3249c292-784d-4280-a1e4-4453549c7aa7] ::ffff:127.0.0.1 [GET] /metrics 2ms 200 Response: GET /metrics 200 2ms {"payload":{}}
2025-12-01T04:14:04.407Z [INFO] [REQUEST_MIDDLEWARE] [8360d52f-2b0a-43d6-88ad-03812ef862aa] ::ffff:127.0.0.1 [GET] /metrics Incoming request {"userAgent":"Prometheus/3.7.3"}
2025-12-01 11:14:04.408 [INFO] [API_REQUEST] [8360d52f-2b0a-43d6-88ad-03812ef862aa] ::ffff:127.0.0.1 [GET] /metrics Incoming Request: GET /metrics {"payload":{}}
2025-12-01 11:14:04.409 [INFO] [API_RESPONSE] [8360d52f-2b0a-43d6-88ad-03812ef862aa] ::ffff:127.0.0.1 [GET] /metrics 1ms 200 Response: GET /metrics 200 1ms {"payload":{}}
2025-12-01 11:14:08.956 [INFO] 
  Received shutdown signal, starting graceful shutdown...
2025-12-01 11:14:13.396 [INFO] Booking System Server Started
2025-12-01 11:14:13.398 [INFO] API Server: http://localhost:5000
2025-12-01 11:14:13.399 [INFO] Health Check: http://localhost:5000/health
2025-12-01 11:14:13.399 [INFO] Deep Health Check: http://localhost:5000/health/deep
2025-12-01 11:14:13.399 [INFO] Circuit Breaker Status: http://localhost:5000/health/circuits

2025-12-01 11:14:13.410 [ERROR] [REDIS] Redis error: connect ECONNREFUSED 127.0.0.1:6379
2025-12-01 11:14:13.435 [ERROR] [REDIS] Redis error: connect ECONNREFUSED 127.0.0.1:6379
2025-12-01 11:14:13.457 [INFO] Database connection established successfully. Host: localhost:3307. Database: meetingroombooking
2025-12-01 11:14:13.499 [ERROR] [REDIS] Redis error: connect ECONNREFUSED 127.0.0.1:6379
2025-12-01 11:14:13.607 [ERROR] [REDIS] Redis error: connect ECONNREFUSED 127.0.0.1:6379
2025-12-01 11:14:13.762 [ERROR] [REDIS] Redis error: connect ECONNREFUSED 127.0.0.1:6379
2025-12-01 11:14:13.964 [ERROR] [REDIS] Redis error: connect ECONNREFUSED 127.0.0.1:6379
2025-12-01 11:14:14.216 [ERROR] [REDIS] Redis error: connect ECONNREFUSED 127.0.0.1:6379
2025-12-01T04:14:14.414Z [INFO] [REQUEST_MIDDLEWARE] [c5c20758-a274-4442-97e8-e2e89f51af22] ::ffff:127.0.0.1 [GET] /metrics Incoming request {"userAgent":"Prometheus/3.7.3"}
2025-12-01 11:14:14.414 [INFO] [API_REQUEST] [c5c20758-a274-4442-97e8-e2e89f51af22] ::ffff:127.0.0.1 [GET] /metrics Incoming Request: GET /metrics {"payload":{}}
2025-12-01 11:14:14.420 [INFO] [API_RESPONSE] [c5c20758-a274-4442-97e8-e2e89f51af22] ::ffff:127.0.0.1 [GET] /metrics 6ms 200 Response: GET /metrics 200 6ms {"payload":{}}
2025-12-01 11:14:14.530 [ERROR] [REDIS] Redis error: connect ECONNREFUSED 127.0.0.1:6379
2025-12-01 11:14:14.891 [ERROR] [REDIS] Redis error: connect ECONNREFUSED 127.0.0.1:6379
2025-12-01 11:14:15.299 [ERROR] [REDIS] Redis error: connect ECONNREFUSED 127.0.0.1:6379
2025-12-01 11:14:15.764 [ERROR] [REDIS] Redis error: connect ECONNREFUSED 127.0.0.1:6379
2025-12-01 11:14:16.274 [ERROR] [REDIS] Redis max retries exceeded
2025-12-01 11:14:16.274 [ERROR] [REDIS] Redis error: connect ECONNREFUSED 127.0.0.1:6379
2025-12-01 11:14:16.275 [ERROR] [REDIS] Redis connection failed: Redis max retries exceeded
2025-12-01 11:14:16.275 [WARN] [REDIS] Redis is not available. Caching will be disabled.
2025-12-01T04:14:19.406Z [INFO] [REQUEST_MIDDLEWARE] [ec4dad68-66fa-4d69-862c-0841ce24d441] ::ffff:127.0.0.1 [GET] /metrics Incoming request {"userAgent":"Prometheus/3.7.3"}
2025-12-01 11:14:19.406 [INFO] [API_REQUEST] [ec4dad68-66fa-4d69-862c-0841ce24d441] ::ffff:127.0.0.1 [GET] /metrics Incoming Request: GET /metrics {"payload":{}}
2025-12-01 11:14:19.409 [INFO] [API_RESPONSE] [ec4dad68-66fa-4d69-862c-0841ce24d441] ::ffff:127.0.0.1 [GET] /metrics 3ms 200 Response: GET /metrics 200 3ms {"payload":{}}
2025-12-01T04:14:24.407Z [INFO] [REQUEST_MIDDLEWARE] [98d58afa-c649-4afa-bc7b-64e6a2081992] ::ffff:127.0.0.1 [GET] /metrics Incoming request {"userAgent":"Prometheus/3.7.3"}
2025-12-01 11:14:24.407 [INFO] [API_REQUEST] [98d58afa-c649-4afa-bc7b-64e6a2081992] ::ffff:127.0.0.1 [GET] /metrics Incoming Request: GET /metrics {"payload":{}}
2025-12-01 11:14:24.409 [INFO] [API_RESPONSE] [98d58afa-c649-4afa-bc7b-64e6a2081992] ::ffff:127.0.0.1 [GET] /metrics 2ms 200 Response: GET /metrics 200 2ms {"payload":{}}
2025-12-01T04:14:29.406Z [INFO] [REQUEST_MIDDLEWARE] [9486779e-406a-4c64-9d07-96fc4b229e7b] ::ffff:127.0.0.1 [GET] /metrics Incoming request {"userAgent":"Prometheus/3.7.3"}
2025-12-01 11:14:29.407 [INFO] [API_REQUEST] [9486779e-406a-4c64-9d07-96fc4b229e7b] ::ffff:127.0.0.1 [GET] /metrics Incoming Request: GET /metrics {"payload":{}}
2025-12-01 11:14:29.409 [INFO] [API_RESPONSE] [9486779e-406a-4c64-9d07-96fc4b229e7b] ::ffff:127.0.0.1 [GET] /metrics 2ms 200 Response: GET /metrics 200 2ms {"payload":{}}
2025-12-01T04:14:34.406Z [INFO] [REQUEST_MIDDLEWARE] [447f9741-7a8b-438e-b049-305bd28b76bb] ::ffff:127.0.0.1 [GET] /metrics Incoming request {"userAgent":"Prometheus/3.7.3"}
2025-12-01 11:14:34.406 [INFO] [API_REQUEST] [447f9741-7a8b-438e-b049-305bd28b76bb] ::ffff:127.0.0.1 [GET] /metrics Incoming Request: GET /metrics {"payload":{}}
2025-12-01 11:14:34.408 [INFO] [API_RESPONSE] [447f9741-7a8b-438e-b049-305bd28b76bb] ::ffff:127.0.0.1 [GET] /metrics 2ms 200 Response: GET /metrics 200 2ms {"payload":{}}
2025-12-01T04:14:39.405Z [INFO] [REQUEST_MIDDLEWARE] [32c83964-d575-4a6e-85b4-7a4d2c17e052] ::ffff:127.0.0.1 [GET] /metrics Incoming request {"userAgent":"Prometheus/3.7.3"}
2025-12-01 11:14:39.405 [INFO] [API_REQUEST] [32c83964-d575-4a6e-85b4-7a4d2c17e052] ::ffff:127.0.0.1 [GET] /metrics Incoming Request: GET /metrics {"payload":{}}
2025-12-01 11:14:39.407 [INFO] [API_RESPONSE] [32c83964-d575-4a6e-85b4-7a4d2c17e052] ::ffff:127.0.0.1 [GET] /metrics 2ms 200 Response: GET /metrics 200 2ms {"payload":{}}
2025-12-01T04:14:44.406Z [INFO] [REQUEST_MIDDLEWARE] [77e7463a-ffac-48f3-a2aa-b8bfd82e46f5] ::ffff:127.0.0.1 [GET] /metrics Incoming request {"userAgent":"Prometheus/3.7.3"}
2025-12-01 11:14:44.406 [INFO] [API_REQUEST] [77e7463a-ffac-48f3-a2aa-b8bfd82e46f5] ::ffff:127.0.0.1 [GET] /metrics Incoming Request: GET /metrics {"payload":{}}
2025-12-01 11:14:44.409 [INFO] [API_RESPONSE] [77e7463a-ffac-48f3-a2aa-b8bfd82e46f5] ::ffff:127.0.0.1 [GET] /metrics 2ms 200 Response: GET /metrics 200 2ms {"payload":{}}
2025-12-01T04:14:49.406Z [INFO] [REQUEST_MIDDLEWARE] [da19ece1-ed36-43dc-8be4-940f0d791cbc] ::ffff:127.0.0.1 [GET] /metrics Incoming request {"userAgent":"Prometheus/3.7.3"}
2025-12-01 11:14:49.406 [INFO] [API_REQUEST] [da19ece1-ed36-43dc-8be4-940f0d791cbc] ::ffff:127.0.0.1 [GET] /metrics Incoming Request: GET /metrics {"payload":{}}
2025-12-01 11:14:49.408 [INFO] [API_RESPONSE] [da19ece1-ed36-43dc-8be4-940f0d791cbc] ::ffff:127.0.0.1 [GET] /metrics 2ms 200 Response: GET /metrics 200 2ms {"payload":{}}
2025-12-01T04:14:54.406Z [INFO] [REQUEST_MIDDLEWARE] [04f95368-4a61-4e25-b353-f917f3d884dc] ::ffff:127.0.0.1 [GET] /metrics Incoming request {"userAgent":"Prometheus/3.7.3"}
2025-12-01 11:14:54.406 [INFO] [API_REQUEST] [04f95368-4a61-4e25-b353-f917f3d884dc] ::ffff:127.0.0.1 [GET] /metrics Incoming Request: GET /metrics {"payload":{}}
2025-12-01 11:14:54.408 [INFO] [API_RESPONSE] [04f95368-4a61-4e25-b353-f917f3d884dc] ::ffff:127.0.0.1 [GET] /metrics 2ms 200 Response: GET /metrics 200 2ms {"payload":{}}
2025-12-01T04:14:59.406Z [INFO] [REQUEST_MIDDLEWARE] [469bca07-5275-45a7-947b-1ab0bba4536c] ::ffff:127.0.0.1 [GET] /metrics Incoming request {"userAgent":"Prometheus/3.7.3"}
2025-12-01 11:14:59.406 [INFO] [API_REQUEST] [469bca07-5275-45a7-947b-1ab0bba4536c] ::ffff:127.0.0.1 [GET] /metrics Incoming Request: GET /metrics {"payload":{}}
2025-12-01 11:14:59.408 [INFO] [API_RESPONSE] [469bca07-5275-45a7-947b-1ab0bba4536c] ::ffff:127.0.0.1 [GET] /metrics 2ms 200 Response: GET /metrics 200 2ms {"payload":{}}
2025-12-01T04:14:59.649Z [INFO] [REQUEST_MIDDLEWARE] [d0c00df6-d940-4b7e-ac6f-0c2d9923bc70] ::1 [GET] /api/rooms Incoming request {"userAgent":"Mozilla/5.0 (Windows NT 10.0; Win64; x64) AppleWebKit/537.36 (KHTML, like Gecko) Chrome/142.0.0.0 Safari/537.36 Edg/142.0.0.0"}
2025-12-01 11:14:59.649 [INFO] [API_REQUEST] [d0c00df6-d940-4b7e-ac6f-0c2d9923bc70] ::1 [GET] /api/rooms Incoming Request: GET /api/rooms {"payload":{}}
2025-12-01 11:14:59.652 [WARN] [REDIS] GET failed for key "ratelimit:ip:::1": The client is closed
2025-12-01 11:14:59.653 [WARN] [REDIS] SET failed for key "ratelimit:ip:::1": The client is closed
2025-12-01 11:14:59.656 [WARN] [REDIS] GET failed for key "room:page:NaN": The client is closed
2025-12-01 11:14:59.657 [INFO] [API_RESPONSE] [d0c00df6-d940-4b7e-ac6f-0c2d9923bc70] ::1 [GET] /api/rooms 8ms 200 Response: GET /api/rooms 200 8ms {"payload":{}}
2025-12-01T04:15:04.406Z [INFO] [REQUEST_MIDDLEWARE] [82aff6a3-6f22-4f45-9104-d7c5b0a16fa1] ::ffff:127.0.0.1 [GET] /metrics Incoming request {"userAgent":"Prometheus/3.7.3"}
2025-12-01 11:15:04.406 [INFO] [API_REQUEST] [82aff6a3-6f22-4f45-9104-d7c5b0a16fa1] ::ffff:127.0.0.1 [GET] /metrics Incoming Request: GET /metrics {"payload":{}}
2025-12-01 11:15:04.407 [INFO] [API_RESPONSE] [82aff6a3-6f22-4f45-9104-d7c5b0a16fa1] ::ffff:127.0.0.1 [GET] /metrics 1ms 200 Response: GET /metrics 200 1ms {"payload":{}}
2025-12-01T04:15:09.405Z [INFO] [REQUEST_MIDDLEWARE] [b62fa429-1cdf-40f8-afd1-d553c4240e82] ::ffff:127.0.0.1 [GET] /metrics Incoming request {"userAgent":"Prometheus/3.7.3"}
2025-12-01 11:15:09.405 [INFO] [API_REQUEST] [b62fa429-1cdf-40f8-afd1-d553c4240e82] ::ffff:127.0.0.1 [GET] /metrics Incoming Request: GET /metrics {"payload":{}}
2025-12-01 11:15:09.407 [INFO] [API_RESPONSE] [b62fa429-1cdf-40f8-afd1-d553c4240e82] ::ffff:127.0.0.1 [GET] /metrics 2ms 200 Response: GET /metrics 200 2ms {"payload":{}}
2025-12-01T04:15:14.407Z [INFO] [REQUEST_MIDDLEWARE] [78a62ede-2df5-478b-8e86-de5c874b58ee] ::ffff:127.0.0.1 [GET] /metrics Incoming request {"userAgent":"Prometheus/3.7.3"}
2025-12-01 11:15:14.407 [INFO] [API_REQUEST] [78a62ede-2df5-478b-8e86-de5c874b58ee] ::ffff:127.0.0.1 [GET] /metrics Incoming Request: GET /metrics {"payload":{}}
2025-12-01 11:15:14.408 [INFO] [API_RESPONSE] [78a62ede-2df5-478b-8e86-de5c874b58ee] ::ffff:127.0.0.1 [GET] /metrics 1ms 200 Response: GET /metrics 200 1ms {"payload":{}}
2025-12-01T04:15:19.406Z [INFO] [REQUEST_MIDDLEWARE] [2a4cf902-0623-4651-9ee1-4d4cc9b61afe] ::ffff:127.0.0.1 [GET] /metrics Incoming request {"userAgent":"Prometheus/3.7.3"}
2025-12-01 11:15:19.406 [INFO] [API_REQUEST] [2a4cf902-0623-4651-9ee1-4d4cc9b61afe] ::ffff:127.0.0.1 [GET] /metrics Incoming Request: GET /metrics {"payload":{}}
2025-12-01 11:15:19.408 [INFO] [API_RESPONSE] [2a4cf902-0623-4651-9ee1-4d4cc9b61afe] ::ffff:127.0.0.1 [GET] /metrics 2ms 200 Response: GET /metrics 200 2ms {"payload":{}}
2025-12-01T04:15:24.407Z [INFO] [REQUEST_MIDDLEWARE] [55e5c7e4-0fd4-425e-8174-bb24ddfd24b3] ::ffff:127.0.0.1 [GET] /metrics Incoming request {"userAgent":"Prometheus/3.7.3"}
2025-12-01 11:15:24.407 [INFO] [API_REQUEST] [55e5c7e4-0fd4-425e-8174-bb24ddfd24b3] ::ffff:127.0.0.1 [GET] /metrics Incoming Request: GET /metrics {"payload":{}}
2025-12-01 11:15:24.408 [INFO] [API_RESPONSE] [55e5c7e4-0fd4-425e-8174-bb24ddfd24b3] ::ffff:127.0.0.1 [GET] /metrics 1ms 200 Response: GET /metrics 200 1ms {"payload":{}}
2025-12-01T04:15:29.407Z [INFO] [REQUEST_MIDDLEWARE] [da62ea72-b440-4a26-b56c-f0059a1f3d78] ::ffff:127.0.0.1 [GET] /metrics Incoming request {"userAgent":"Prometheus/3.7.3"}
2025-12-01 11:15:29.407 [INFO] [API_REQUEST] [da62ea72-b440-4a26-b56c-f0059a1f3d78] ::ffff:127.0.0.1 [GET] /metrics Incoming Request: GET /metrics {"payload":{}}
2025-12-01 11:15:29.409 [INFO] [API_RESPONSE] [da62ea72-b440-4a26-b56c-f0059a1f3d78] ::ffff:127.0.0.1 [GET] /metrics 2ms 200 Response: GET /metrics 200 2ms {"payload":{}}
2025-12-01T04:15:34.406Z [INFO] [REQUEST_MIDDLEWARE] [7c079fbb-9030-418f-b42e-025fa4546f51] ::ffff:127.0.0.1 [GET] /metrics Incoming request {"userAgent":"Prometheus/3.7.3"}
2025-12-01 11:15:34.406 [INFO] [API_REQUEST] [7c079fbb-9030-418f-b42e-025fa4546f51] ::ffff:127.0.0.1 [GET] /metrics Incoming Request: GET /metrics {"payload":{}}
2025-12-01 11:15:34.408 [INFO] [API_RESPONSE] [7c079fbb-9030-418f-b42e-025fa4546f51] ::ffff:127.0.0.1 [GET] /metrics 2ms 200 Response: GET /metrics 200 2ms {"payload":{}}
2025-12-01T04:15:39.406Z [INFO] [REQUEST_MIDDLEWARE] [47fdb3db-b3db-4743-be46-2b67c4d506d6] ::ffff:127.0.0.1 [GET] /metrics Incoming request {"userAgent":"Prometheus/3.7.3"}
2025-12-01 11:15:39.406 [INFO] [API_REQUEST] [47fdb3db-b3db-4743-be46-2b67c4d506d6] ::ffff:127.0.0.1 [GET] /metrics Incoming Request: GET /metrics {"payload":{}}
2025-12-01 11:15:39.408 [INFO] [API_RESPONSE] [47fdb3db-b3db-4743-be46-2b67c4d506d6] ::ffff:127.0.0.1 [GET] /metrics 2ms 200 Response: GET /metrics 200 2ms {"payload":{}}
2025-12-01 11:15:43.490 [INFO] Database connection established successfully. Host: localhost:3307. Database: meetingroombooking
2025-12-01T04:15:44.407Z [INFO] [REQUEST_MIDDLEWARE] [523531aa-0305-4886-a445-a598fb7d7a16] ::ffff:127.0.0.1 [GET] /metrics Incoming request {"userAgent":"Prometheus/3.7.3"}
2025-12-01 11:15:44.407 [INFO] [API_REQUEST] [523531aa-0305-4886-a445-a598fb7d7a16] ::ffff:127.0.0.1 [GET] /metrics Incoming Request: GET /metrics {"payload":{}}
2025-12-01 11:15:44.409 [INFO] [API_RESPONSE] [523531aa-0305-4886-a445-a598fb7d7a16] ::ffff:127.0.0.1 [GET] /metrics 2ms 200 Response: GET /metrics 200 2ms {"payload":{}}
2025-12-01T04:15:49.406Z [INFO] [REQUEST_MIDDLEWARE] [9b00d741-5578-4cab-8906-b3f7cecd76fc] ::ffff:127.0.0.1 [GET] /metrics Incoming request {"userAgent":"Prometheus/3.7.3"}
2025-12-01 11:15:49.406 [INFO] [API_REQUEST] [9b00d741-5578-4cab-8906-b3f7cecd76fc] ::ffff:127.0.0.1 [GET] /metrics Incoming Request: GET /metrics {"payload":{}}
2025-12-01 11:15:49.409 [INFO] [API_RESPONSE] [9b00d741-5578-4cab-8906-b3f7cecd76fc] ::ffff:127.0.0.1 [GET] /metrics 2ms 200 Response: GET /metrics 200 2ms {"payload":{}}
2025-12-01T04:15:54.407Z [INFO] [REQUEST_MIDDLEWARE] [46173c97-ee8a-46ee-a4e6-99eeafeedbcf] ::ffff:127.0.0.1 [GET] /metrics Incoming request {"userAgent":"Prometheus/3.7.3"}
2025-12-01 11:15:54.407 [INFO] [API_REQUEST] [46173c97-ee8a-46ee-a4e6-99eeafeedbcf] ::ffff:127.0.0.1 [GET] /metrics Incoming Request: GET /metrics {"payload":{}}
2025-12-01 11:15:54.409 [INFO] [API_RESPONSE] [46173c97-ee8a-46ee-a4e6-99eeafeedbcf] ::ffff:127.0.0.1 [GET] /metrics 2ms 200 Response: GET /metrics 200 2ms {"payload":{}}
2025-12-01T04:15:59.406Z [INFO] [REQUEST_MIDDLEWARE] [c136ecd4-71f5-4984-9734-cddaf32a4ffc] ::ffff:127.0.0.1 [GET] /metrics Incoming request {"userAgent":"Prometheus/3.7.3"}
2025-12-01 11:15:59.407 [INFO] [API_REQUEST] [c136ecd4-71f5-4984-9734-cddaf32a4ffc] ::ffff:127.0.0.1 [GET] /metrics Incoming Request: GET /metrics {"payload":{}}
2025-12-01 11:15:59.408 [INFO] [API_RESPONSE] [c136ecd4-71f5-4984-9734-cddaf32a4ffc] ::ffff:127.0.0.1 [GET] /metrics 1ms 200 Response: GET /metrics 200 1ms {"payload":{}}
2025-12-01T04:16:04.406Z [INFO] [REQUEST_MIDDLEWARE] [93443e8a-d259-421b-92ed-50a989b8fc4e] ::ffff:127.0.0.1 [GET] /metrics Incoming request {"userAgent":"Prometheus/3.7.3"}
2025-12-01 11:16:04.406 [INFO] [API_REQUEST] [93443e8a-d259-421b-92ed-50a989b8fc4e] ::ffff:127.0.0.1 [GET] /metrics Incoming Request: GET /metrics {"payload":{}}
2025-12-01 11:16:04.408 [INFO] [API_RESPONSE] [93443e8a-d259-421b-92ed-50a989b8fc4e] ::ffff:127.0.0.1 [GET] /metrics 2ms 200 Response: GET /metrics 200 2ms {"payload":{}}
2025-12-01T04:16:09.406Z [INFO] [REQUEST_MIDDLEWARE] [84d7d39a-0b85-4fa1-adb2-e17c40f49e32] ::ffff:127.0.0.1 [GET] /metrics Incoming request {"userAgent":"Prometheus/3.7.3"}
2025-12-01 11:16:09.406 [INFO] [API_REQUEST] [84d7d39a-0b85-4fa1-adb2-e17c40f49e32] ::ffff:127.0.0.1 [GET] /metrics Incoming Request: GET /metrics {"payload":{}}
2025-12-01 11:16:09.408 [INFO] [API_RESPONSE] [84d7d39a-0b85-4fa1-adb2-e17c40f49e32] ::ffff:127.0.0.1 [GET] /metrics 2ms 200 Response: GET /metrics 200 2ms {"payload":{}}
2025-12-01T04:16:14.406Z [INFO] [REQUEST_MIDDLEWARE] [ea304208-e534-4186-8ed0-1a6a61cb0c87] ::ffff:127.0.0.1 [GET] /metrics Incoming request {"userAgent":"Prometheus/3.7.3"}
2025-12-01 11:16:14.407 [INFO] [API_REQUEST] [ea304208-e534-4186-8ed0-1a6a61cb0c87] ::ffff:127.0.0.1 [GET] /metrics Incoming Request: GET /metrics {"payload":{}}
2025-12-01 11:16:14.408 [INFO] [API_RESPONSE] [ea304208-e534-4186-8ed0-1a6a61cb0c87] ::ffff:127.0.0.1 [GET] /metrics 2ms 200 Response: GET /metrics 200 2ms {"payload":{}}
2025-12-01T04:16:19.406Z [INFO] [REQUEST_MIDDLEWARE] [e2c3ed49-4312-458e-b2fa-6228b7bfc06d] ::ffff:127.0.0.1 [GET] /metrics Incoming request {"userAgent":"Prometheus/3.7.3"}
2025-12-01 11:16:19.406 [INFO] [API_REQUEST] [e2c3ed49-4312-458e-b2fa-6228b7bfc06d] ::ffff:127.0.0.1 [GET] /metrics Incoming Request: GET /metrics {"payload":{}}
2025-12-01 11:16:19.408 [INFO] [API_RESPONSE] [e2c3ed49-4312-458e-b2fa-6228b7bfc06d] ::ffff:127.0.0.1 [GET] /metrics 2ms 200 Response: GET /metrics 200 2ms {"payload":{}}
2025-12-01T04:16:24.406Z [INFO] [REQUEST_MIDDLEWARE] [14560187-da81-4199-9537-4481454e6672] ::ffff:127.0.0.1 [GET] /metrics Incoming request {"userAgent":"Prometheus/3.7.3"}
2025-12-01 11:16:24.406 [INFO] [API_REQUEST] [14560187-da81-4199-9537-4481454e6672] ::ffff:127.0.0.1 [GET] /metrics Incoming Request: GET /metrics {"payload":{}}
2025-12-01 11:16:24.408 [INFO] [API_RESPONSE] [14560187-da81-4199-9537-4481454e6672] ::ffff:127.0.0.1 [GET] /metrics 2ms 200 Response: GET /metrics 200 2ms {"payload":{}}
2025-12-01T04:16:29.407Z [INFO] [REQUEST_MIDDLEWARE] [7ba8f203-f640-4334-8e44-9fdd50e00451] ::ffff:127.0.0.1 [GET] /metrics Incoming request {"userAgent":"Prometheus/3.7.3"}
2025-12-01 11:16:29.407 [INFO] [API_REQUEST] [7ba8f203-f640-4334-8e44-9fdd50e00451] ::ffff:127.0.0.1 [GET] /metrics Incoming Request: GET /metrics {"payload":{}}
2025-12-01 11:16:29.409 [INFO] [API_RESPONSE] [7ba8f203-f640-4334-8e44-9fdd50e00451] ::ffff:127.0.0.1 [GET] /metrics 2ms 200 Response: GET /metrics 200 2ms {"payload":{}}
2025-12-01T04:16:34.379Z [INFO] [REQUEST_MIDDLEWARE] [db91cd95-0603-4144-9e33-a5d04d6b2eaa] ::1 [GET] /api/rooms Incoming request {"userAgent":"Mozilla/5.0 (Windows NT 10.0; Win64; x64) AppleWebKit/537.36 (KHTML, like Gecko) Chrome/142.0.0.0 Safari/537.36 Edg/142.0.0.0"}
2025-12-01 11:16:34.379 [INFO] [API_REQUEST] [db91cd95-0603-4144-9e33-a5d04d6b2eaa] ::1 [GET] /api/rooms Incoming Request: GET /api/rooms {"payload":{}}
2025-12-01 11:16:34.380 [WARN] [REDIS] GET failed for key "ratelimit:ip:::1": The client is closed
2025-12-01 11:16:34.380 [WARN] [REDIS] SET failed for key "ratelimit:ip:::1": The client is closed
2025-12-01 11:16:34.382 [WARN] [REDIS] GET failed for key "room:page:NaN": The client is closed
2025-12-01 11:16:34.384 [INFO] [API_RESPONSE] [db91cd95-0603-4144-9e33-a5d04d6b2eaa] ::1 [GET] /api/rooms 5ms 200 Response: GET /api/rooms 200 5ms {"payload":{}}
2025-12-01T04:16:34.406Z [INFO] [REQUEST_MIDDLEWARE] [dcdd4b2a-bdb2-4751-9624-3d81430d1027] ::ffff:127.0.0.1 [GET] /metrics Incoming request {"userAgent":"Prometheus/3.7.3"}
2025-12-01 11:16:34.406 [INFO] [API_REQUEST] [dcdd4b2a-bdb2-4751-9624-3d81430d1027] ::ffff:127.0.0.1 [GET] /metrics Incoming Request: GET /metrics {"payload":{}}
2025-12-01 11:16:34.408 [INFO] [API_RESPONSE] [dcdd4b2a-bdb2-4751-9624-3d81430d1027] ::ffff:127.0.0.1 [GET] /metrics 2ms 200 Response: GET /metrics 200 2ms {"payload":{}}
2025-12-01T04:16:34.949Z [INFO] [REQUEST_MIDDLEWARE] [d5f7f417-62f8-4534-8158-5423c332485b] ::1 [GET] /api/rooms Incoming request {"userAgent":"Mozilla/5.0 (Windows NT 10.0; Win64; x64) AppleWebKit/537.36 (KHTML, like Gecko) Chrome/142.0.0.0 Safari/537.36 Edg/142.0.0.0"}
2025-12-01 11:16:34.950 [INFO] [API_REQUEST] [d5f7f417-62f8-4534-8158-5423c332485b] ::1 [GET] /api/rooms Incoming Request: GET /api/rooms {"payload":{}}
2025-12-01 11:16:34.950 [WARN] [REDIS] GET failed for key "ratelimit:ip:::1": The client is closed
2025-12-01 11:16:34.951 [ERROR] [CIRCUIT_BREAKER] Redis circuit opened. Entering graceful degradation mode.
2025-12-01 11:16:34.951 [WARN] [REDIS] SET failed for key "ratelimit:ip:::1": The client is closed
2025-12-01 11:16:34.954 [INFO] [API_RESPONSE] [d5f7f417-62f8-4534-8158-5423c332485b] ::1 [GET] /api/rooms 4ms 200 Response: GET /api/rooms 200 4ms {"payload":{}}
2025-12-01 11:16:37.965 [INFO] [CIRCUIT_BREAKER] Redis circuit half-open. Testing recovery...
2025-12-01T04:16:39.406Z [INFO] [REQUEST_MIDDLEWARE] [d822fdec-af3d-4a37-b39d-49f753cb8bee] ::ffff:127.0.0.1 [GET] /metrics Incoming request {"userAgent":"Prometheus/3.7.3"}
2025-12-01 11:16:39.406 [INFO] [API_REQUEST] [d822fdec-af3d-4a37-b39d-49f753cb8bee] ::ffff:127.0.0.1 [GET] /metrics Incoming Request: GET /metrics {"payload":{}}
2025-12-01 11:16:39.407 [INFO] [API_RESPONSE] [d822fdec-af3d-4a37-b39d-49f753cb8bee] ::ffff:127.0.0.1 [GET] /metrics 1ms 200 Response: GET /metrics 200 1ms {"payload":{}}
2025-12-01T04:16:44.406Z [INFO] [REQUEST_MIDDLEWARE] [64347570-1c9d-440e-a41f-cdd55548fcc4] ::ffff:127.0.0.1 [GET] /metrics Incoming request {"userAgent":"Prometheus/3.7.3"}
2025-12-01 11:16:44.406 [INFO] [API_REQUEST] [64347570-1c9d-440e-a41f-cdd55548fcc4] ::ffff:127.0.0.1 [GET] /metrics Incoming Request: GET /metrics {"payload":{}}
2025-12-01 11:16:44.408 [INFO] [API_RESPONSE] [64347570-1c9d-440e-a41f-cdd55548fcc4] ::ffff:127.0.0.1 [GET] /metrics 2ms 200 Response: GET /metrics 200 2ms {"payload":{}}
2025-12-01T04:16:44.967Z [INFO] [REQUEST_MIDDLEWARE] [d6f68616-7315-41f7-adc8-786ee45f95f3] ::1 [POST] /api/auth/register Incoming request {"userAgent":"Mozilla/5.0 (Windows NT 10.0; Win64; x64) AppleWebKit/537.36 (KHTML, like Gecko) Chrome/142.0.0.0 Safari/537.36 Edg/142.0.0.0"}
2025-12-01 11:16:44.967 [INFO] [API_REQUEST] [d6f68616-7315-41f7-adc8-786ee45f95f3] ::1 [POST] /api/auth/register Incoming Request: POST /api/auth/register {"payload":{}}
2025-12-01 11:16:44.968 [ERROR] [CIRCUIT_BREAKER] Redis circuit opened. Entering graceful degradation mode.
2025-12-01 11:16:44.968 [WARN] [REDIS] GET failed for key "ratelimit:email:39874b10b1a7e0a2f9a35beefb05dbd2ebbf39351b18e2881ec146a82b0eaba1": The client is closed
2025-12-01 11:16:45.021 [INFO] [API_RESPONSE] [d6f68616-7315-41f7-adc8-786ee45f95f3] ::1 [POST] /api/auth/register 54ms 201 Response: POST /api/auth/register 201 54ms {"payload":{}}
2025-12-01 11:16:47.973 [INFO] [CIRCUIT_BREAKER] Redis circuit half-open. Testing recovery...
2025-12-01T04:16:49.407Z [INFO] [REQUEST_MIDDLEWARE] [d59b5d8b-f9a8-4727-a5f9-7162132ec07c] ::ffff:127.0.0.1 [GET] /metrics Incoming request {"userAgent":"Prometheus/3.7.3"}
2025-12-01 11:16:49.407 [INFO] [API_REQUEST] [d59b5d8b-f9a8-4727-a5f9-7162132ec07c] ::ffff:127.0.0.1 [GET] /metrics Incoming Request: GET /metrics {"payload":{}}
2025-12-01 11:16:49.409 [INFO] [API_RESPONSE] [d59b5d8b-f9a8-4727-a5f9-7162132ec07c] ::ffff:127.0.0.1 [GET] /metrics 2ms 200 Response: GET /metrics 200 2ms {"payload":{}}
2025-12-01T04:16:50.919Z [INFO] [REQUEST_MIDDLEWARE] [79a8c9ca-7a41-4983-bfae-cfe370cd15c5] ::1 [POST] /api/auth/register Incoming request {"userAgent":"Mozilla/5.0 (Windows NT 10.0; Win64; x64) AppleWebKit/537.36 (KHTML, like Gecko) Chrome/142.0.0.0 Safari/537.36 Edg/142.0.0.0"}
2025-12-01 11:16:50.920 [INFO] [API_REQUEST] [79a8c9ca-7a41-4983-bfae-cfe370cd15c5] ::1 [POST] /api/auth/register Incoming Request: POST /api/auth/register {"payload":{}}
2025-12-01 11:16:50.922 [ERROR] [CIRCUIT_BREAKER] Redis circuit opened. Entering graceful degradation mode.
2025-12-01 11:16:50.922 [WARN] [REDIS] GET failed for key "ratelimit:email:39874b10b1a7e0a2f9a35beefb05dbd2ebbf39351b18e2881ec146a82b0eaba1": The client is closed
2025-12-01 11:16:50.927 [ERROR] [POST] Error: 500 - Email already in use.
Error: Email already in use.
    at UserRepository.createUser (file:///E:/Code/Booking/BE/repositories/userRepo.js:17:19)
    at process.processTicksAndRejections (node:internal/process/task_queues:105:5)
    at async UserService.createUser (file:///E:/Code/Booking/BE/services/userService.js:5:16)
    at async file:///E:/Code/Booking/BE/controllers/userController.js:44:18
2025-12-01 11:16:50.930 [ERROR] [API_RESPONSE] [79a8c9ca-7a41-4983-bfae-cfe370cd15c5] ::1 [POST] /api/auth/register 10ms 500 Response: POST /api/auth/register 500 10ms {"payload":{}}
2025-12-01T04:16:51.461Z [INFO] [REQUEST_MIDDLEWARE] [327b7221-abfb-472b-ae65-5311c7cfae13] ::1 [POST] /api/auth/register Incoming request {"userAgent":"Mozilla/5.0 (Windows NT 10.0; Win64; x64) AppleWebKit/537.36 (KHTML, like Gecko) Chrome/142.0.0.0 Safari/537.36 Edg/142.0.0.0"}
2025-12-01 11:16:51.462 [INFO] [API_REQUEST] [327b7221-abfb-472b-ae65-5311c7cfae13] ::1 [POST] /api/auth/register Incoming Request: POST /api/auth/register {"payload":{}}
2025-12-01 11:16:51.467 [ERROR] [POST] Error: 500 - Email already in use.
Error: Email already in use.
    at UserRepository.createUser (file:///E:/Code/Booking/BE/repositories/userRepo.js:17:19)
    at process.processTicksAndRejections (node:internal/process/task_queues:105:5)
    at async UserService.createUser (file:///E:/Code/Booking/BE/services/userService.js:5:16)
    at async file:///E:/Code/Booking/BE/controllers/userController.js:44:18
2025-12-01 11:16:51.468 [ERROR] [API_RESPONSE] [327b7221-abfb-472b-ae65-5311c7cfae13] ::1 [POST] /api/auth/register 6ms 500 Response: POST /api/auth/register 500 6ms {"payload":{}}
2025-12-01T04:16:51.969Z [INFO] [REQUEST_MIDDLEWARE] [cc867254-84df-4900-bf10-7aeaabeab400] ::1 [POST] /api/auth/register Incoming request {"userAgent":"Mozilla/5.0 (Windows NT 10.0; Win64; x64) AppleWebKit/537.36 (KHTML, like Gecko) Chrome/142.0.0.0 Safari/537.36 Edg/142.0.0.0"}
2025-12-01 11:16:51.969 [INFO] [API_REQUEST] [cc867254-84df-4900-bf10-7aeaabeab400] ::1 [POST] /api/auth/register Incoming Request: POST /api/auth/register {"payload":{}}
2025-12-01 11:16:51.972 [ERROR] [POST] Error: 500 - Email already in use.
Error: Email already in use.
    at UserRepository.createUser (file:///E:/Code/Booking/BE/repositories/userRepo.js:17:19)
    at process.processTicksAndRejections (node:internal/process/task_queues:105:5)
    at async UserService.createUser (file:///E:/Code/Booking/BE/services/userService.js:5:16)
    at async file:///E:/Code/Booking/BE/controllers/userController.js:44:18
2025-12-01 11:16:51.973 [ERROR] [API_RESPONSE] [cc867254-84df-4900-bf10-7aeaabeab400] ::1 [POST] /api/auth/register 4ms 500 Response: POST /api/auth/register 500 4ms {"payload":{}}
2025-12-01T04:16:53.265Z [INFO] [REQUEST_MIDDLEWARE] [8f447a82-e60a-4174-8391-e1143991c547] ::1 [GET] /api-docs/ Incoming request {"userAgent":"Mozilla/5.0 (Windows NT 10.0; Win64; x64) AppleWebKit/537.36 (KHTML, like Gecko) Chrome/142.0.0.0 Safari/537.36 Edg/142.0.0.0"}
2025-12-01 11:16:53.265 [INFO] [API_REQUEST] [8f447a82-e60a-4174-8391-e1143991c547] ::1 [GET] /api-docs/ Incoming Request: GET /api-docs/ {"payload":{}}
2025-12-01 11:16:53.268 [INFO] [API_RESPONSE] [8f447a82-e60a-4174-8391-e1143991c547] ::1 [GET] /api-docs/ 3ms 304 Response: GET /api-docs/ 304 3ms {"payload":{}}
2025-12-01T04:16:53.307Z [INFO] [REQUEST_MIDDLEWARE] [9709084c-48b5-4ce1-a5ff-1b6865134e04] ::1 [GET] /api-docs/swagger-ui.css Incoming request {"userAgent":"Mozilla/5.0 (Windows NT 10.0; Win64; x64) AppleWebKit/537.36 (KHTML, like Gecko) Chrome/142.0.0.0 Safari/537.36 Edg/142.0.0.0"}
2025-12-01 11:16:53.308 [INFO] [API_REQUEST] [9709084c-48b5-4ce1-a5ff-1b6865134e04] ::1 [GET] /api-docs/swagger-ui.css Incoming Request: GET /api-docs/swagger-ui.css {"payload":{}}
2025-12-01 11:16:53.310 [INFO] [API_RESPONSE] [9709084c-48b5-4ce1-a5ff-1b6865134e04] ::1 [GET] /api-docs/swagger-ui.css 2ms 304 Response: GET /api-docs/swagger-ui.css 304 2ms {"payload":{}}
2025-12-01T04:16:53.311Z [INFO] [REQUEST_MIDDLEWARE] [79d2b3f4-fc66-48fc-9bf5-5936b2eb240d] ::1 [GET] /api-docs/swagger-ui-bundle.js Incoming request {"userAgent":"Mozilla/5.0 (Windows NT 10.0; Win64; x64) AppleWebKit/537.36 (KHTML, like Gecko) Chrome/142.0.0.0 Safari/537.36 Edg/142.0.0.0"}
2025-12-01 11:16:53.311 [INFO] [API_REQUEST] [79d2b3f4-fc66-48fc-9bf5-5936b2eb240d] ::1 [GET] /api-docs/swagger-ui-bundle.js Incoming Request: GET /api-docs/swagger-ui-bundle.js {"payload":{}}
2025-12-01 11:16:53.312 [INFO] [API_RESPONSE] [79d2b3f4-fc66-48fc-9bf5-5936b2eb240d] ::1 [GET] /api-docs/swagger-ui-bundle.js 1ms 304 Response: GET /api-docs/swagger-ui-bundle.js 304 1ms {"payload":{}}
2025-12-01T04:16:53.314Z [INFO] [REQUEST_MIDDLEWARE] [a6e9c035-fdf0-44ce-b359-c6eb8e72b7d8] ::1 [GET] /api-docs/swagger-ui-standalone-preset.js Incoming request {"userAgent":"Mozilla/5.0 (Windows NT 10.0; Win64; x64) AppleWebKit/537.36 (KHTML, like Gecko) Chrome/142.0.0.0 Safari/537.36 Edg/142.0.0.0"}
2025-12-01 11:16:53.314 [INFO] [API_REQUEST] [a6e9c035-fdf0-44ce-b359-c6eb8e72b7d8] ::1 [GET] /api-docs/swagger-ui-standalone-preset.js Incoming Request: GET /api-docs/swagger-ui-standalone-preset.js {"payload":{}}
2025-12-01 11:16:53.315 [INFO] [API_RESPONSE] [a6e9c035-fdf0-44ce-b359-c6eb8e72b7d8] ::1 [GET] /api-docs/swagger-ui-standalone-preset.js 1ms 304 Response: GET /api-docs/swagger-ui-standalone-preset.js 304 1ms {"payload":{}}
2025-12-01T04:16:53.316Z [INFO] [REQUEST_MIDDLEWARE] [34a21983-caaa-4ba3-a0e4-74669db1db2b] ::1 [GET] /api-docs/swagger-ui-init.js Incoming request {"userAgent":"Mozilla/5.0 (Windows NT 10.0; Win64; x64) AppleWebKit/537.36 (KHTML, like Gecko) Chrome/142.0.0.0 Safari/537.36 Edg/142.0.0.0"}
2025-12-01 11:16:53.316 [INFO] [API_REQUEST] [34a21983-caaa-4ba3-a0e4-74669db1db2b] ::1 [GET] /api-docs/swagger-ui-init.js Incoming Request: GET /api-docs/swagger-ui-init.js {"payload":{}}
2025-12-01 11:16:53.318 [INFO] [API_RESPONSE] [34a21983-caaa-4ba3-a0e4-74669db1db2b] ::1 [GET] /api-docs/swagger-ui-init.js 2ms 304 Response: GET /api-docs/swagger-ui-init.js 304 2ms {"payload":{}}
2025-12-01T04:16:53.468Z [INFO] [REQUEST_MIDDLEWARE] [ea364f7f-1c31-46e6-818b-74172c763865] ::1 [GET] /api-docs/favicon-32x32.png Incoming request {"userAgent":"Mozilla/5.0 (Windows NT 10.0; Win64; x64) AppleWebKit/537.36 (KHTML, like Gecko) Chrome/142.0.0.0 Safari/537.36 Edg/142.0.0.0"}
2025-12-01 11:16:53.468 [INFO] [API_REQUEST] [ea364f7f-1c31-46e6-818b-74172c763865] ::1 [GET] /api-docs/favicon-32x32.png Incoming Request: GET /api-docs/favicon-32x32.png {"payload":{}}
2025-12-01 11:16:53.470 [INFO] [API_RESPONSE] [ea364f7f-1c31-46e6-818b-74172c763865] ::1 [GET] /api-docs/favicon-32x32.png 2ms 304 Response: GET /api-docs/favicon-32x32.png 304 2ms {"payload":{}}
2025-12-01 11:16:53.925 [INFO] [CIRCUIT_BREAKER] Redis circuit half-open. Testing recovery...
2025-12-01T04:16:54.407Z [INFO] [REQUEST_MIDDLEWARE] [78f2125b-d030-4408-a4bc-b8ac3d504f73] ::ffff:127.0.0.1 [GET] /metrics Incoming request {"userAgent":"Prometheus/3.7.3"}
2025-12-01 11:16:54.407 [INFO] [API_REQUEST] [78f2125b-d030-4408-a4bc-b8ac3d504f73] ::ffff:127.0.0.1 [GET] /metrics Incoming Request: GET /metrics {"payload":{}}
2025-12-01 11:16:54.409 [INFO] [API_RESPONSE] [78f2125b-d030-4408-a4bc-b8ac3d504f73] ::ffff:127.0.0.1 [GET] /metrics 2ms 200 Response: GET /metrics 200 2ms {"payload":{}}
2025-12-01T04:16:58.766Z [INFO] [REQUEST_MIDDLEWARE] [a87e2d74-65a8-4a40-aa1a-549de4b83ede] ::1 [GET] /api/rooms Incoming request {"userAgent":"Mozilla/5.0 (Windows NT 10.0; Win64; x64) AppleWebKit/537.36 (KHTML, like Gecko) Chrome/142.0.0.0 Safari/537.36 Edg/142.0.0.0"}
2025-12-01 11:16:58.767 [INFO] [API_REQUEST] [a87e2d74-65a8-4a40-aa1a-549de4b83ede] ::1 [GET] /api/rooms Incoming Request: GET /api/rooms {"payload":{}}
2025-12-01 11:16:58.767 [ERROR] [CIRCUIT_BREAKER] Redis circuit opened. Entering graceful degradation mode.
2025-12-01 11:16:58.768 [WARN] [REDIS] GET failed for key "ratelimit:ip:::1": The client is closed
2025-12-01 11:16:58.768 [ERROR] [GET] Error: 401 - No token provided
ApiError: No token provided
    at verifyTokenMiddleware (file:///E:/Code/Booking/BE/middlewares/verifyTokenMiddleware.js:8:21)
    at Layer.handle [as handle_request] (E:\Code\Booking\BE\node_modules\express\lib\router\layer.js:95:5)
    at trim_prefix (E:\Code\Booking\BE\node_modules\express\lib\router\index.js:328:13)
    at E:\Code\Booking\BE\node_modules\express\lib\router\index.js:286:9
    at Function.process_params (E:\Code\Booking\BE\node_modules\express\lib\router\index.js:346:12)
    at next (E:\Code\Booking\BE\node_modules\express\lib\router\index.js:280:10)
    at file:///E:/Code/Booking/BE/middlewares/rateLimitMiddleware.js:38:16
    at process.processTicksAndRejections (node:internal/process/task_queues:105:5)
2025-12-01 11:16:58.769 [ERROR] [API_RESPONSE] [a87e2d74-65a8-4a40-aa1a-549de4b83ede] ::1 [GET] /api/rooms 2ms 401 Response: GET /api/rooms 401 2ms {"payload":{}}
2025-12-01T04:16:59.406Z [INFO] [REQUEST_MIDDLEWARE] [661468f3-6697-4b3e-94d0-2973bb1f6448] ::ffff:127.0.0.1 [GET] /metrics Incoming request {"userAgent":"Prometheus/3.7.3"}
2025-12-01 11:16:59.406 [INFO] [API_REQUEST] [661468f3-6697-4b3e-94d0-2973bb1f6448] ::ffff:127.0.0.1 [GET] /metrics Incoming Request: GET /metrics {"payload":{}}
2025-12-01 11:16:59.408 [INFO] [API_RESPONSE] [661468f3-6697-4b3e-94d0-2973bb1f6448] ::ffff:127.0.0.1 [GET] /metrics 2ms 200 Response: GET /metrics 200 2ms {"payload":{}}
2025-12-01 11:17:01.767 [INFO] [CIRCUIT_BREAKER] Redis circuit half-open. Testing recovery...
2025-12-01T04:17:04.406Z [INFO] [REQUEST_MIDDLEWARE] [27438ccf-61b2-424a-84c5-89885253e0f3] ::ffff:127.0.0.1 [GET] /metrics Incoming request {"userAgent":"Prometheus/3.7.3"}
2025-12-01 11:17:04.406 [INFO] [API_REQUEST] [27438ccf-61b2-424a-84c5-89885253e0f3] ::ffff:127.0.0.1 [GET] /metrics Incoming Request: GET /metrics {"payload":{}}
2025-12-01 11:17:04.408 [INFO] [API_RESPONSE] [27438ccf-61b2-424a-84c5-89885253e0f3] ::ffff:127.0.0.1 [GET] /metrics 2ms 200 Response: GET /metrics 200 2ms {"payload":{}}
2025-12-01T04:17:09.406Z [INFO] [REQUEST_MIDDLEWARE] [df6b2c18-092e-4cbc-8435-784658492988] ::ffff:127.0.0.1 [GET] /metrics Incoming request {"userAgent":"Prometheus/3.7.3"}
2025-12-01 11:17:09.406 [INFO] [API_REQUEST] [df6b2c18-092e-4cbc-8435-784658492988] ::ffff:127.0.0.1 [GET] /metrics Incoming Request: GET /metrics {"payload":{}}
2025-12-01 11:17:09.408 [INFO] [API_RESPONSE] [df6b2c18-092e-4cbc-8435-784658492988] ::ffff:127.0.0.1 [GET] /metrics 2ms 200 Response: GET /metrics 200 2ms {"payload":{}}
2025-12-01T04:17:14.406Z [INFO] [REQUEST_MIDDLEWARE] [228ca202-f4d2-45bb-963e-05afd7588b8e] ::ffff:127.0.0.1 [GET] /metrics Incoming request {"userAgent":"Prometheus/3.7.3"}
2025-12-01 11:17:14.406 [INFO] [API_REQUEST] [228ca202-f4d2-45bb-963e-05afd7588b8e] ::ffff:127.0.0.1 [GET] /metrics Incoming Request: GET /metrics {"payload":{}}
2025-12-01 11:17:14.408 [INFO] [API_RESPONSE] [228ca202-f4d2-45bb-963e-05afd7588b8e] ::ffff:127.0.0.1 [GET] /metrics 2ms 200 Response: GET /metrics 200 2ms {"payload":{}}
2025-12-01T04:17:14.440Z [INFO] [REQUEST_MIDDLEWARE] [b75feb9f-bb72-4ced-94ac-4dd9bfc8bace] ::1 [POST] /api/auth/login Incoming request {"userAgent":"Mozilla/5.0 (Windows NT 10.0; Win64; x64) AppleWebKit/537.36 (KHTML, like Gecko) Chrome/142.0.0.0 Safari/537.36 Edg/142.0.0.0"}
2025-12-01 11:17:14.440 [INFO] [API_REQUEST] [b75feb9f-bb72-4ced-94ac-4dd9bfc8bace] ::1 [POST] /api/auth/login Incoming Request: POST /api/auth/login {"payload":{}}
2025-12-01 11:17:14.441 [ERROR] [CIRCUIT_BREAKER] Redis circuit opened. Entering graceful degradation mode.
2025-12-01 11:17:14.441 [WARN] [REDIS] GET failed for key "ratelimit:email:39874b10b1a7e0a2f9a35beefb05dbd2ebbf39351b18e2881ec146a82b0eaba1": The client is closed
2025-12-01 11:17:14.456 [INFO] [API_RESPONSE] [b75feb9f-bb72-4ced-94ac-4dd9bfc8bace] ::1 [POST] /api/auth/login 16ms 200 Response: POST /api/auth/login 200 16ms {"payload":{}}
2025-12-01 11:17:17.443 [INFO] [CIRCUIT_BREAKER] Redis circuit half-open. Testing recovery...
2025-12-01T04:17:19.406Z [INFO] [REQUEST_MIDDLEWARE] [0b91d408-96ab-4337-af5a-3dce4cd5fb8e] ::ffff:127.0.0.1 [GET] /metrics Incoming request {"userAgent":"Prometheus/3.7.3"}
2025-12-01 11:17:19.406 [INFO] [API_REQUEST] [0b91d408-96ab-4337-af5a-3dce4cd5fb8e] ::ffff:127.0.0.1 [GET] /metrics Incoming Request: GET /metrics {"payload":{}}
2025-12-01 11:17:19.409 [INFO] [API_RESPONSE] [0b91d408-96ab-4337-af5a-3dce4cd5fb8e] ::ffff:127.0.0.1 [GET] /metrics 3ms 200 Response: GET /metrics 200 3ms {"payload":{}}
2025-12-01T04:17:24.407Z [INFO] [REQUEST_MIDDLEWARE] [8fd985ac-ccaa-4306-9382-d29cebecb75d] ::ffff:127.0.0.1 [GET] /metrics Incoming request {"userAgent":"Prometheus/3.7.3"}
2025-12-01 11:17:24.407 [INFO] [API_REQUEST] [8fd985ac-ccaa-4306-9382-d29cebecb75d] ::ffff:127.0.0.1 [GET] /metrics Incoming Request: GET /metrics {"payload":{}}
2025-12-01 11:17:24.409 [INFO] [API_RESPONSE] [8fd985ac-ccaa-4306-9382-d29cebecb75d] ::ffff:127.0.0.1 [GET] /metrics 2ms 200 Response: GET /metrics 200 2ms {"payload":{}}
2025-12-01T04:17:29.406Z [INFO] [REQUEST_MIDDLEWARE] [fb7cfcde-b224-4a9b-ae9b-ddd28f660ac7] ::ffff:127.0.0.1 [GET] /metrics Incoming request {"userAgent":"Prometheus/3.7.3"}
2025-12-01 11:17:29.407 [INFO] [API_REQUEST] [fb7cfcde-b224-4a9b-ae9b-ddd28f660ac7] ::ffff:127.0.0.1 [GET] /metrics Incoming Request: GET /metrics {"payload":{}}
2025-12-01 11:17:29.409 [INFO] [API_RESPONSE] [fb7cfcde-b224-4a9b-ae9b-ddd28f660ac7] ::ffff:127.0.0.1 [GET] /metrics 2ms 200 Response: GET /metrics 200 2ms {"payload":{}}
2025-12-01T04:17:29.562Z [INFO] [REQUEST_MIDDLEWARE] [c86baa88-9c1b-4ad5-a4a4-35bf2cd1c7da] ::1 [GET] /api/rooms Incoming request {"userAgent":"Mozilla/5.0 (Windows NT 10.0; Win64; x64) AppleWebKit/537.36 (KHTML, like Gecko) Chrome/142.0.0.0 Safari/537.36 Edg/142.0.0.0"}
2025-12-01 11:17:29.562 [INFO] [API_REQUEST] [c86baa88-9c1b-4ad5-a4a4-35bf2cd1c7da] ::1 [GET] /api/rooms Incoming Request: GET /api/rooms {"payload":{}}
2025-12-01 11:17:29.562 [ERROR] [CIRCUIT_BREAKER] Redis circuit opened. Entering graceful degradation mode.
2025-12-01 11:17:29.563 [WARN] [REDIS] GET failed for key "ratelimit:ip:::1": The client is closed
2025-12-01 11:17:29.565 [INFO] [API_RESPONSE] [c86baa88-9c1b-4ad5-a4a4-35bf2cd1c7da] ::1 [GET] /api/rooms 3ms 200 Response: GET /api/rooms 200 3ms {"payload":{}}
2025-12-01 11:17:32.571 [INFO] [CIRCUIT_BREAKER] Redis circuit half-open. Testing recovery...
2025-12-01T04:17:34.406Z [INFO] [REQUEST_MIDDLEWARE] [ef31a3e7-6681-456f-b78a-b0c0701656c9] ::ffff:127.0.0.1 [GET] /metrics Incoming request {"userAgent":"Prometheus/3.7.3"}
2025-12-01 11:17:34.407 [INFO] [API_REQUEST] [ef31a3e7-6681-456f-b78a-b0c0701656c9] ::ffff:127.0.0.1 [GET] /metrics Incoming Request: GET /metrics {"payload":{}}
2025-12-01 11:17:34.409 [INFO] [API_RESPONSE] [ef31a3e7-6681-456f-b78a-b0c0701656c9] ::ffff:127.0.0.1 [GET] /metrics 2ms 200 Response: GET /metrics 200 2ms {"payload":{}}
2025-12-01T04:17:39.406Z [INFO] [REQUEST_MIDDLEWARE] [3f8b5675-e25c-4ec9-adca-17b2e7e3b1e8] ::ffff:127.0.0.1 [GET] /metrics Incoming request {"userAgent":"Prometheus/3.7.3"}
2025-12-01 11:17:39.407 [INFO] [API_REQUEST] [3f8b5675-e25c-4ec9-adca-17b2e7e3b1e8] ::ffff:127.0.0.1 [GET] /metrics Incoming Request: GET /metrics {"payload":{}}
2025-12-01 11:17:39.408 [INFO] [API_RESPONSE] [3f8b5675-e25c-4ec9-adca-17b2e7e3b1e8] ::ffff:127.0.0.1 [GET] /metrics 1ms 200 Response: GET /metrics 200 1ms {"payload":{}}
2025-12-01T04:17:44.407Z [INFO] [REQUEST_MIDDLEWARE] [3e159e1e-dd92-4b23-a8f0-6db86a3471e2] ::ffff:127.0.0.1 [GET] /metrics Incoming request {"userAgent":"Prometheus/3.7.3"}
2025-12-01 11:17:44.407 [INFO] [API_REQUEST] [3e159e1e-dd92-4b23-a8f0-6db86a3471e2] ::ffff:127.0.0.1 [GET] /metrics Incoming Request: GET /metrics {"payload":{}}
2025-12-01 11:17:44.409 [INFO] [API_RESPONSE] [3e159e1e-dd92-4b23-a8f0-6db86a3471e2] ::ffff:127.0.0.1 [GET] /metrics 2ms 200 Response: GET /metrics 200 2ms {"payload":{}}
2025-12-01T04:17:49.407Z [INFO] [REQUEST_MIDDLEWARE] [777b067d-4489-47bc-bd96-3ec477edc4ca] ::ffff:127.0.0.1 [GET] /metrics Incoming request {"userAgent":"Prometheus/3.7.3"}
2025-12-01 11:17:49.407 [INFO] [API_REQUEST] [777b067d-4489-47bc-bd96-3ec477edc4ca] ::ffff:127.0.0.1 [GET] /metrics Incoming Request: GET /metrics {"payload":{}}
2025-12-01 11:17:49.409 [INFO] [API_RESPONSE] [777b067d-4489-47bc-bd96-3ec477edc4ca] ::ffff:127.0.0.1 [GET] /metrics 2ms 200 Response: GET /metrics 200 2ms {"payload":{}}
2025-12-01T04:17:54.406Z [INFO] [REQUEST_MIDDLEWARE] [d628a365-d1a7-413b-974e-e4adea9fd841] ::ffff:127.0.0.1 [GET] /metrics Incoming request {"userAgent":"Prometheus/3.7.3"}
2025-12-01 11:17:54.407 [INFO] [API_REQUEST] [d628a365-d1a7-413b-974e-e4adea9fd841] ::ffff:127.0.0.1 [GET] /metrics Incoming Request: GET /metrics {"payload":{}}
2025-12-01 11:17:54.408 [INFO] [API_RESPONSE] [d628a365-d1a7-413b-974e-e4adea9fd841] ::ffff:127.0.0.1 [GET] /metrics 1ms 200 Response: GET /metrics 200 1ms {"payload":{}}
2025-12-01T04:17:59.406Z [INFO] [REQUEST_MIDDLEWARE] [b4aa720f-9336-4e77-b6f9-3f0b8ca0a45b] ::ffff:127.0.0.1 [GET] /metrics Incoming request {"userAgent":"Prometheus/3.7.3"}
2025-12-01 11:17:59.407 [INFO] [API_REQUEST] [b4aa720f-9336-4e77-b6f9-3f0b8ca0a45b] ::ffff:127.0.0.1 [GET] /metrics Incoming Request: GET /metrics {"payload":{}}
2025-12-01 11:17:59.408 [INFO] [API_RESPONSE] [b4aa720f-9336-4e77-b6f9-3f0b8ca0a45b] ::ffff:127.0.0.1 [GET] /metrics 1ms 200 Response: GET /metrics 200 1ms {"payload":{}}
2025-12-01T04:18:04.406Z [INFO] [REQUEST_MIDDLEWARE] [fbe22f21-ee12-4ca4-8b37-9c0a8ba3c745] ::ffff:127.0.0.1 [GET] /metrics Incoming request {"userAgent":"Prometheus/3.7.3"}
2025-12-01 11:18:04.407 [INFO] [API_REQUEST] [fbe22f21-ee12-4ca4-8b37-9c0a8ba3c745] ::ffff:127.0.0.1 [GET] /metrics Incoming Request: GET /metrics {"payload":{}}
2025-12-01 11:18:04.408 [INFO] [API_RESPONSE] [fbe22f21-ee12-4ca4-8b37-9c0a8ba3c745] ::ffff:127.0.0.1 [GET] /metrics 1ms 200 Response: GET /metrics 200 1ms {"payload":{}}
2025-12-01T04:18:09.407Z [INFO] [REQUEST_MIDDLEWARE] [5580811c-2914-45ef-95a8-079f16c8f23c] ::ffff:127.0.0.1 [GET] /metrics Incoming request {"userAgent":"Prometheus/3.7.3"}
2025-12-01 11:18:09.407 [INFO] [API_REQUEST] [5580811c-2914-45ef-95a8-079f16c8f23c] ::ffff:127.0.0.1 [GET] /metrics Incoming Request: GET /metrics {"payload":{}}
2025-12-01 11:18:09.410 [INFO] [API_RESPONSE] [5580811c-2914-45ef-95a8-079f16c8f23c] ::ffff:127.0.0.1 [GET] /metrics 3ms 200 Response: GET /metrics 200 3ms {"payload":{}}
2025-12-01T04:18:14.407Z [INFO] [REQUEST_MIDDLEWARE] [5dd60654-29ea-4756-9b22-bf81333f9413] ::ffff:127.0.0.1 [GET] /metrics Incoming request {"userAgent":"Prometheus/3.7.3"}
2025-12-01 11:18:14.407 [INFO] [API_REQUEST] [5dd60654-29ea-4756-9b22-bf81333f9413] ::ffff:127.0.0.1 [GET] /metrics Incoming Request: GET /metrics {"payload":{}}
2025-12-01 11:18:14.410 [INFO] [API_RESPONSE] [5dd60654-29ea-4756-9b22-bf81333f9413] ::ffff:127.0.0.1 [GET] /metrics 3ms 200 Response: GET /metrics 200 3ms {"payload":{}}
2025-12-01T04:18:19.406Z [INFO] [REQUEST_MIDDLEWARE] [98283d0f-82fa-4838-a273-5463da892a52] ::ffff:127.0.0.1 [GET] /metrics Incoming request {"userAgent":"Prometheus/3.7.3"}
2025-12-01 11:18:19.407 [INFO] [API_REQUEST] [98283d0f-82fa-4838-a273-5463da892a52] ::ffff:127.0.0.1 [GET] /metrics Incoming Request: GET /metrics {"payload":{}}
2025-12-01 11:18:19.409 [INFO] [API_RESPONSE] [98283d0f-82fa-4838-a273-5463da892a52] ::ffff:127.0.0.1 [GET] /metrics 2ms 200 Response: GET /metrics 200 2ms {"payload":{}}
2025-12-01T04:18:24.407Z [INFO] [REQUEST_MIDDLEWARE] [47df4907-3f73-49ae-8252-5ec89c2381ee] ::ffff:127.0.0.1 [GET] /metrics Incoming request {"userAgent":"Prometheus/3.7.3"}
2025-12-01 11:18:24.407 [INFO] [API_REQUEST] [47df4907-3f73-49ae-8252-5ec89c2381ee] ::ffff:127.0.0.1 [GET] /metrics Incoming Request: GET /metrics {"payload":{}}
2025-12-01 11:18:24.409 [INFO] [API_RESPONSE] [47df4907-3f73-49ae-8252-5ec89c2381ee] ::ffff:127.0.0.1 [GET] /metrics 2ms 200 Response: GET /metrics 200 2ms {"payload":{}}
2025-12-01T04:18:29.407Z [INFO] [REQUEST_MIDDLEWARE] [caa88fcf-ebc4-47bc-bc3a-c0b205c32ef4] ::ffff:127.0.0.1 [GET] /metrics Incoming request {"userAgent":"Prometheus/3.7.3"}
2025-12-01 11:18:29.407 [INFO] [API_REQUEST] [caa88fcf-ebc4-47bc-bc3a-c0b205c32ef4] ::ffff:127.0.0.1 [GET] /metrics Incoming Request: GET /metrics {"payload":{}}
2025-12-01 11:18:29.409 [INFO] [API_RESPONSE] [caa88fcf-ebc4-47bc-bc3a-c0b205c32ef4] ::ffff:127.0.0.1 [GET] /metrics 2ms 200 Response: GET /metrics 200 2ms {"payload":{}}
2025-12-01T04:18:34.406Z [INFO] [REQUEST_MIDDLEWARE] [d57dba86-d2a0-47a1-b2f5-d229a2947e4e] ::ffff:127.0.0.1 [GET] /metrics Incoming request {"userAgent":"Prometheus/3.7.3"}
2025-12-01 11:18:34.407 [INFO] [API_REQUEST] [d57dba86-d2a0-47a1-b2f5-d229a2947e4e] ::ffff:127.0.0.1 [GET] /metrics Incoming Request: GET /metrics {"payload":{}}
2025-12-01 11:18:34.408 [INFO] [API_RESPONSE] [d57dba86-d2a0-47a1-b2f5-d229a2947e4e] ::ffff:127.0.0.1 [GET] /metrics 1ms 200 Response: GET /metrics 200 1ms {"payload":{}}
2025-12-01T04:18:39.406Z [INFO] [REQUEST_MIDDLEWARE] [0c93abd0-9fdf-4720-8622-2908cbc50c82] ::ffff:127.0.0.1 [GET] /metrics Incoming request {"userAgent":"Prometheus/3.7.3"}
2025-12-01 11:18:39.406 [INFO] [API_REQUEST] [0c93abd0-9fdf-4720-8622-2908cbc50c82] ::ffff:127.0.0.1 [GET] /metrics Incoming Request: GET /metrics {"payload":{}}
2025-12-01 11:18:39.408 [INFO] [API_RESPONSE] [0c93abd0-9fdf-4720-8622-2908cbc50c82] ::ffff:127.0.0.1 [GET] /metrics 2ms 200 Response: GET /metrics 200 2ms {"payload":{}}
2025-12-01T04:18:44.407Z [INFO] [REQUEST_MIDDLEWARE] [a8fde961-2894-4ac3-aae3-a37e8584f051] ::ffff:127.0.0.1 [GET] /metrics Incoming request {"userAgent":"Prometheus/3.7.3"}
2025-12-01 11:18:44.407 [INFO] [API_REQUEST] [a8fde961-2894-4ac3-aae3-a37e8584f051] ::ffff:127.0.0.1 [GET] /metrics Incoming Request: GET /metrics {"payload":{}}
2025-12-01 11:18:44.408 [INFO] [API_RESPONSE] [a8fde961-2894-4ac3-aae3-a37e8584f051] ::ffff:127.0.0.1 [GET] /metrics 1ms 200 Response: GET /metrics 200 1ms {"payload":{}}
2025-12-01T04:18:49.406Z [INFO] [REQUEST_MIDDLEWARE] [98c2e2f6-5c43-4431-ab2e-895b5f4d48f0] ::ffff:127.0.0.1 [GET] /metrics Incoming request {"userAgent":"Prometheus/3.7.3"}
2025-12-01 11:18:49.407 [INFO] [API_REQUEST] [98c2e2f6-5c43-4431-ab2e-895b5f4d48f0] ::ffff:127.0.0.1 [GET] /metrics Incoming Request: GET /metrics {"payload":{}}
2025-12-01 11:18:49.408 [INFO] [API_RESPONSE] [98c2e2f6-5c43-4431-ab2e-895b5f4d48f0] ::ffff:127.0.0.1 [GET] /metrics 1ms 200 Response: GET /metrics 200 1ms {"payload":{}}
2025-12-01T04:18:54.406Z [INFO] [REQUEST_MIDDLEWARE] [8c91598e-844c-4e9c-9cfc-7341dde6f311] ::ffff:127.0.0.1 [GET] /metrics Incoming request {"userAgent":"Prometheus/3.7.3"}
2025-12-01 11:18:54.407 [INFO] [API_REQUEST] [8c91598e-844c-4e9c-9cfc-7341dde6f311] ::ffff:127.0.0.1 [GET] /metrics Incoming Request: GET /metrics {"payload":{}}
2025-12-01 11:18:54.408 [INFO] [API_RESPONSE] [8c91598e-844c-4e9c-9cfc-7341dde6f311] ::ffff:127.0.0.1 [GET] /metrics 1ms 200 Response: GET /metrics 200 1ms {"payload":{}}
2025-12-01T04:18:59.407Z [INFO] [REQUEST_MIDDLEWARE] [72d6b04e-35d8-4e51-a9f6-6ca8192b1758] ::ffff:127.0.0.1 [GET] /metrics Incoming request {"userAgent":"Prometheus/3.7.3"}
2025-12-01 11:18:59.407 [INFO] [API_REQUEST] [72d6b04e-35d8-4e51-a9f6-6ca8192b1758] ::ffff:127.0.0.1 [GET] /metrics Incoming Request: GET /metrics {"payload":{}}
2025-12-01 11:18:59.408 [INFO] [API_RESPONSE] [72d6b04e-35d8-4e51-a9f6-6ca8192b1758] ::ffff:127.0.0.1 [GET] /metrics 1ms 200 Response: GET /metrics 200 1ms {"payload":{}}
2025-12-01T04:19:04.406Z [INFO] [REQUEST_MIDDLEWARE] [3e58942b-b325-4d8b-978f-f25311317368] ::ffff:127.0.0.1 [GET] /metrics Incoming request {"userAgent":"Prometheus/3.7.3"}
2025-12-01 11:19:04.407 [INFO] [API_REQUEST] [3e58942b-b325-4d8b-978f-f25311317368] ::ffff:127.0.0.1 [GET] /metrics Incoming Request: GET /metrics {"payload":{}}
2025-12-01 11:19:04.408 [INFO] [API_RESPONSE] [3e58942b-b325-4d8b-978f-f25311317368] ::ffff:127.0.0.1 [GET] /metrics 1ms 200 Response: GET /metrics 200 1ms {"payload":{}}
2025-12-01T04:19:09.407Z [INFO] [REQUEST_MIDDLEWARE] [6ee5b29a-7a71-44b9-9b5f-ad273ca1e517] ::ffff:127.0.0.1 [GET] /metrics Incoming request {"userAgent":"Prometheus/3.7.3"}
2025-12-01 11:19:09.407 [INFO] [API_REQUEST] [6ee5b29a-7a71-44b9-9b5f-ad273ca1e517] ::ffff:127.0.0.1 [GET] /metrics Incoming Request: GET /metrics {"payload":{}}
2025-12-01 11:19:09.409 [INFO] [API_RESPONSE] [6ee5b29a-7a71-44b9-9b5f-ad273ca1e517] ::ffff:127.0.0.1 [GET] /metrics 2ms 200 Response: GET /metrics 200 2ms {"payload":{}}
2025-12-01T04:19:14.407Z [INFO] [REQUEST_MIDDLEWARE] [865e4174-77ef-4b67-9d84-c52df58bdb8f] ::ffff:127.0.0.1 [GET] /metrics Incoming request {"userAgent":"Prometheus/3.7.3"}
2025-12-01 11:19:14.408 [INFO] [API_REQUEST] [865e4174-77ef-4b67-9d84-c52df58bdb8f] ::ffff:127.0.0.1 [GET] /metrics Incoming Request: GET /metrics {"payload":{}}
2025-12-01 11:19:14.409 [INFO] [API_RESPONSE] [865e4174-77ef-4b67-9d84-c52df58bdb8f] ::ffff:127.0.0.1 [GET] /metrics 1ms 200 Response: GET /metrics 200 1ms {"payload":{}}
2025-12-01T04:19:19.407Z [INFO] [REQUEST_MIDDLEWARE] [04689411-46f9-4c65-a360-1b9a01ed7a13] ::ffff:127.0.0.1 [GET] /metrics Incoming request {"userAgent":"Prometheus/3.7.3"}
2025-12-01 11:19:19.407 [INFO] [API_REQUEST] [04689411-46f9-4c65-a360-1b9a01ed7a13] ::ffff:127.0.0.1 [GET] /metrics Incoming Request: GET /metrics {"payload":{}}
2025-12-01 11:19:19.409 [INFO] [API_RESPONSE] [04689411-46f9-4c65-a360-1b9a01ed7a13] ::ffff:127.0.0.1 [GET] /metrics 2ms 200 Response: GET /metrics 200 2ms {"payload":{}}
2025-12-01T04:19:24.406Z [INFO] [REQUEST_MIDDLEWARE] [5016b3ef-9e89-4c60-bbb5-313ced200b93] ::ffff:127.0.0.1 [GET] /metrics Incoming request {"userAgent":"Prometheus/3.7.3"}
2025-12-01 11:19:24.406 [INFO] [API_REQUEST] [5016b3ef-9e89-4c60-bbb5-313ced200b93] ::ffff:127.0.0.1 [GET] /metrics Incoming Request: GET /metrics {"payload":{}}
2025-12-01 11:19:24.408 [INFO] [API_RESPONSE] [5016b3ef-9e89-4c60-bbb5-313ced200b93] ::ffff:127.0.0.1 [GET] /metrics 2ms 200 Response: GET /metrics 200 2ms {"payload":{}}
2025-12-01T04:19:29.406Z [INFO] [REQUEST_MIDDLEWARE] [a7209f54-9418-4a3d-bd71-faaa2d2a22bc] ::ffff:127.0.0.1 [GET] /metrics Incoming request {"userAgent":"Prometheus/3.7.3"}
2025-12-01 11:19:29.406 [INFO] [API_REQUEST] [a7209f54-9418-4a3d-bd71-faaa2d2a22bc] ::ffff:127.0.0.1 [GET] /metrics Incoming Request: GET /metrics {"payload":{}}
2025-12-01 11:19:29.408 [INFO] [API_RESPONSE] [a7209f54-9418-4a3d-bd71-faaa2d2a22bc] ::ffff:127.0.0.1 [GET] /metrics 2ms 200 Response: GET /metrics 200 2ms {"payload":{}}
2025-12-01T04:19:34.406Z [INFO] [REQUEST_MIDDLEWARE] [fd8a5e4a-fee6-4a90-b8d0-6ee33131746b] ::ffff:127.0.0.1 [GET] /metrics Incoming request {"userAgent":"Prometheus/3.7.3"}
2025-12-01 11:19:34.407 [INFO] [API_REQUEST] [fd8a5e4a-fee6-4a90-b8d0-6ee33131746b] ::ffff:127.0.0.1 [GET] /metrics Incoming Request: GET /metrics {"payload":{}}
2025-12-01 11:19:34.408 [INFO] [API_RESPONSE] [fd8a5e4a-fee6-4a90-b8d0-6ee33131746b] ::ffff:127.0.0.1 [GET] /metrics 1ms 200 Response: GET /metrics 200 1ms {"payload":{}}
2025-12-01 11:19:36.204 [INFO] 
  Received shutdown signal, starting graceful shutdown...
2025-12-01 11:20:00.914 [INFO] Booking System Server Started
2025-12-01 11:20:00.917 [INFO] API Server: http://localhost:5000
2025-12-01 11:20:00.917 [INFO] Health Check: http://localhost:5000/health
2025-12-01 11:20:00.917 [INFO] Deep Health Check: http://localhost:5000/health/deep
2025-12-01 11:20:00.918 [INFO] Circuit Breaker Status: http://localhost:5000/health/circuits

2025-12-01 11:20:00.928 [INFO] [REDIS] Connecting to Redis...
2025-12-01 11:20:00.951 [INFO] [REDIS] Redis client ready. Host: 127.0.0.1:6379
2025-12-01 11:20:00.975 [INFO] Database connection established successfully. Host: localhost:3307. Database: meetingroombooking
2025-12-01T04:20:04.412Z [INFO] [REQUEST_MIDDLEWARE] [cdb48dcc-70d0-4140-970b-5c3fb919500b] ::ffff:127.0.0.1 [GET] /metrics Incoming request {"userAgent":"Prometheus/3.7.3"}
2025-12-01 11:20:04.413 [INFO] [API_REQUEST] [cdb48dcc-70d0-4140-970b-5c3fb919500b] ::ffff:127.0.0.1 [GET] /metrics Incoming Request: GET /metrics {"payload":{}}
2025-12-01 11:20:04.420 [INFO] [API_RESPONSE] [cdb48dcc-70d0-4140-970b-5c3fb919500b] ::ffff:127.0.0.1 [GET] /metrics 7ms 200 Response: GET /metrics 200 7ms {"payload":{}}
2025-12-01T04:20:09.407Z [INFO] [REQUEST_MIDDLEWARE] [22834d30-ff88-48e9-8894-8f3ff5c067eb] ::ffff:127.0.0.1 [GET] /metrics Incoming request {"userAgent":"Prometheus/3.7.3"}
2025-12-01 11:20:09.407 [INFO] [API_REQUEST] [22834d30-ff88-48e9-8894-8f3ff5c067eb] ::ffff:127.0.0.1 [GET] /metrics Incoming Request: GET /metrics {"payload":{}}
2025-12-01 11:20:09.409 [INFO] [API_RESPONSE] [22834d30-ff88-48e9-8894-8f3ff5c067eb] ::ffff:127.0.0.1 [GET] /metrics 2ms 200 Response: GET /metrics 200 2ms {"payload":{}}
2025-12-01T04:20:14.407Z [INFO] [REQUEST_MIDDLEWARE] [793b6f29-16ce-4018-ba1d-ec204c67fddd] ::ffff:127.0.0.1 [GET] /metrics Incoming request {"userAgent":"Prometheus/3.7.3"}
2025-12-01 11:20:14.407 [INFO] [API_REQUEST] [793b6f29-16ce-4018-ba1d-ec204c67fddd] ::ffff:127.0.0.1 [GET] /metrics Incoming Request: GET /metrics {"payload":{}}
2025-12-01 11:20:14.409 [INFO] [API_RESPONSE] [793b6f29-16ce-4018-ba1d-ec204c67fddd] ::ffff:127.0.0.1 [GET] /metrics 2ms 200 Response: GET /metrics 200 2ms {"payload":{}}
2025-12-01T04:20:19.406Z [INFO] [REQUEST_MIDDLEWARE] [1c6103c2-7bed-48ac-afdd-d920edece0b9] ::ffff:127.0.0.1 [GET] /metrics Incoming request {"userAgent":"Prometheus/3.7.3"}
2025-12-01 11:20:19.406 [INFO] [API_REQUEST] [1c6103c2-7bed-48ac-afdd-d920edece0b9] ::ffff:127.0.0.1 [GET] /metrics Incoming Request: GET /metrics {"payload":{}}
2025-12-01 11:20:19.409 [INFO] [API_RESPONSE] [1c6103c2-7bed-48ac-afdd-d920edece0b9] ::ffff:127.0.0.1 [GET] /metrics 2ms 200 Response: GET /metrics 200 2ms {"payload":{}}
2025-12-01T04:20:24.406Z [INFO] [REQUEST_MIDDLEWARE] [b22c03ff-a22d-43cd-b334-d402b26dfed8] ::ffff:127.0.0.1 [GET] /metrics Incoming request {"userAgent":"Prometheus/3.7.3"}
2025-12-01 11:20:24.406 [INFO] [API_REQUEST] [b22c03ff-a22d-43cd-b334-d402b26dfed8] ::ffff:127.0.0.1 [GET] /metrics Incoming Request: GET /metrics {"payload":{}}
2025-12-01 11:20:24.408 [INFO] [API_RESPONSE] [b22c03ff-a22d-43cd-b334-d402b26dfed8] ::ffff:127.0.0.1 [GET] /metrics 2ms 200 Response: GET /metrics 200 2ms {"payload":{}}
2025-12-01T04:20:29.406Z [INFO] [REQUEST_MIDDLEWARE] [5d81fc06-1034-48f5-be70-36c33bf4e674] ::ffff:127.0.0.1 [GET] /metrics Incoming request {"userAgent":"Prometheus/3.7.3"}
2025-12-01 11:20:29.406 [INFO] [API_REQUEST] [5d81fc06-1034-48f5-be70-36c33bf4e674] ::ffff:127.0.0.1 [GET] /metrics Incoming Request: GET /metrics {"payload":{}}
2025-12-01 11:20:29.408 [INFO] [API_RESPONSE] [5d81fc06-1034-48f5-be70-36c33bf4e674] ::ffff:127.0.0.1 [GET] /metrics 2ms 200 Response: GET /metrics 200 2ms {"payload":{}}
2025-12-01T04:20:34.406Z [INFO] [REQUEST_MIDDLEWARE] [a0ae9ef6-760f-41dd-bbe0-8761b0174563] ::ffff:127.0.0.1 [GET] /metrics Incoming request {"userAgent":"Prometheus/3.7.3"}
2025-12-01 11:20:34.406 [INFO] [API_REQUEST] [a0ae9ef6-760f-41dd-bbe0-8761b0174563] ::ffff:127.0.0.1 [GET] /metrics Incoming Request: GET /metrics {"payload":{}}
2025-12-01 11:20:34.408 [INFO] [API_RESPONSE] [a0ae9ef6-760f-41dd-bbe0-8761b0174563] ::ffff:127.0.0.1 [GET] /metrics 2ms 200 Response: GET /metrics 200 2ms {"payload":{}}
2025-12-01T04:20:39.406Z [INFO] [REQUEST_MIDDLEWARE] [e4dc541b-c661-4020-b6a8-16ddf900eb10] ::ffff:127.0.0.1 [GET] /metrics Incoming request {"userAgent":"Prometheus/3.7.3"}
2025-12-01 11:20:39.406 [INFO] [API_REQUEST] [e4dc541b-c661-4020-b6a8-16ddf900eb10] ::ffff:127.0.0.1 [GET] /metrics Incoming Request: GET /metrics {"payload":{}}
2025-12-01 11:20:39.407 [INFO] [API_RESPONSE] [e4dc541b-c661-4020-b6a8-16ddf900eb10] ::ffff:127.0.0.1 [GET] /metrics 1ms 200 Response: GET /metrics 200 1ms {"payload":{}}
2025-12-01T04:20:44.406Z [INFO] [REQUEST_MIDDLEWARE] [ba510504-3bea-4c89-8e75-ff78ed78fbc7] ::ffff:127.0.0.1 [GET] /metrics Incoming request {"userAgent":"Prometheus/3.7.3"}
2025-12-01 11:20:44.406 [INFO] [API_REQUEST] [ba510504-3bea-4c89-8e75-ff78ed78fbc7] ::ffff:127.0.0.1 [GET] /metrics Incoming Request: GET /metrics {"payload":{}}
2025-12-01 11:20:44.408 [INFO] [API_RESPONSE] [ba510504-3bea-4c89-8e75-ff78ed78fbc7] ::ffff:127.0.0.1 [GET] /metrics 2ms 200 Response: GET /metrics 200 2ms {"payload":{}}
2025-12-01T04:20:49.406Z [INFO] [REQUEST_MIDDLEWARE] [ef10d66d-24ce-40bc-904b-08bf022595bf] ::ffff:127.0.0.1 [GET] /metrics Incoming request {"userAgent":"Prometheus/3.7.3"}
2025-12-01 11:20:49.407 [INFO] [API_REQUEST] [ef10d66d-24ce-40bc-904b-08bf022595bf] ::ffff:127.0.0.1 [GET] /metrics Incoming Request: GET /metrics {"payload":{}}
2025-12-01 11:20:49.408 [INFO] [API_RESPONSE] [ef10d66d-24ce-40bc-904b-08bf022595bf] ::ffff:127.0.0.1 [GET] /metrics 1ms 200 Response: GET /metrics 200 1ms {"payload":{}}
2025-12-01T04:20:54.406Z [INFO] [REQUEST_MIDDLEWARE] [2ae913c6-1f60-4d94-8c80-c4744f2036fc] ::ffff:127.0.0.1 [GET] /metrics Incoming request {"userAgent":"Prometheus/3.7.3"}
2025-12-01 11:20:54.407 [INFO] [API_REQUEST] [2ae913c6-1f60-4d94-8c80-c4744f2036fc] ::ffff:127.0.0.1 [GET] /metrics Incoming Request: GET /metrics {"payload":{}}
2025-12-01 11:20:54.408 [INFO] [API_RESPONSE] [2ae913c6-1f60-4d94-8c80-c4744f2036fc] ::ffff:127.0.0.1 [GET] /metrics 1ms 200 Response: GET /metrics 200 1ms {"payload":{}}
2025-12-01T04:20:59.406Z [INFO] [REQUEST_MIDDLEWARE] [e051e1af-c589-4976-ad16-0fd9cb03edd3] ::ffff:127.0.0.1 [GET] /metrics Incoming request {"userAgent":"Prometheus/3.7.3"}
2025-12-01 11:20:59.406 [INFO] [API_REQUEST] [e051e1af-c589-4976-ad16-0fd9cb03edd3] ::ffff:127.0.0.1 [GET] /metrics Incoming Request: GET /metrics {"payload":{}}
2025-12-01 11:20:59.408 [INFO] [API_RESPONSE] [e051e1af-c589-4976-ad16-0fd9cb03edd3] ::ffff:127.0.0.1 [GET] /metrics 2ms 200 Response: GET /metrics 200 2ms {"payload":{}}
2025-12-01T04:21:04.406Z [INFO] [REQUEST_MIDDLEWARE] [cb2aa0bb-3657-45a5-bb04-7ad687b8193c] ::ffff:127.0.0.1 [GET] /metrics Incoming request {"userAgent":"Prometheus/3.7.3"}
2025-12-01 11:21:04.407 [INFO] [API_REQUEST] [cb2aa0bb-3657-45a5-bb04-7ad687b8193c] ::ffff:127.0.0.1 [GET] /metrics Incoming Request: GET /metrics {"payload":{}}
2025-12-01 11:21:04.408 [INFO] [API_RESPONSE] [cb2aa0bb-3657-45a5-bb04-7ad687b8193c] ::ffff:127.0.0.1 [GET] /metrics 2ms 200 Response: GET /metrics 200 2ms {"payload":{}}
2025-12-01T04:21:09.406Z [INFO] [REQUEST_MIDDLEWARE] [6da4c875-dde7-48a6-bf7f-405826155cdf] ::ffff:127.0.0.1 [GET] /metrics Incoming request {"userAgent":"Prometheus/3.7.3"}
2025-12-01 11:21:09.407 [INFO] [API_REQUEST] [6da4c875-dde7-48a6-bf7f-405826155cdf] ::ffff:127.0.0.1 [GET] /metrics Incoming Request: GET /metrics {"payload":{}}
2025-12-01 11:21:09.408 [INFO] [API_RESPONSE] [6da4c875-dde7-48a6-bf7f-405826155cdf] ::ffff:127.0.0.1 [GET] /metrics 1ms 200 Response: GET /metrics 200 1ms {"payload":{}}
2025-12-01T04:21:14.407Z [INFO] [REQUEST_MIDDLEWARE] [2bbb24bc-ecc5-400d-9360-9e0b426f9e78] ::ffff:127.0.0.1 [GET] /metrics Incoming request {"userAgent":"Prometheus/3.7.3"}
2025-12-01 11:21:14.407 [INFO] [API_REQUEST] [2bbb24bc-ecc5-400d-9360-9e0b426f9e78] ::ffff:127.0.0.1 [GET] /metrics Incoming Request: GET /metrics {"payload":{}}
2025-12-01 11:21:14.408 [INFO] [API_RESPONSE] [2bbb24bc-ecc5-400d-9360-9e0b426f9e78] ::ffff:127.0.0.1 [GET] /metrics 1ms 200 Response: GET /metrics 200 1ms {"payload":{}}
2025-12-01T04:21:19.406Z [INFO] [REQUEST_MIDDLEWARE] [4b1a8440-61c0-4db6-9418-76fae2b58564] ::ffff:127.0.0.1 [GET] /metrics Incoming request {"userAgent":"Prometheus/3.7.3"}
2025-12-01 11:21:19.406 [INFO] [API_REQUEST] [4b1a8440-61c0-4db6-9418-76fae2b58564] ::ffff:127.0.0.1 [GET] /metrics Incoming Request: GET /metrics {"payload":{}}
2025-12-01 11:21:19.408 [INFO] [API_RESPONSE] [4b1a8440-61c0-4db6-9418-76fae2b58564] ::ffff:127.0.0.1 [GET] /metrics 2ms 200 Response: GET /metrics 200 2ms {"payload":{}}
2025-12-01T04:21:24.406Z [INFO] [REQUEST_MIDDLEWARE] [f8e302f8-5ccf-4569-a5b7-c6e53688d2bf] ::ffff:127.0.0.1 [GET] /metrics Incoming request {"userAgent":"Prometheus/3.7.3"}
2025-12-01 11:21:24.406 [INFO] [API_REQUEST] [f8e302f8-5ccf-4569-a5b7-c6e53688d2bf] ::ffff:127.0.0.1 [GET] /metrics Incoming Request: GET /metrics {"payload":{}}
2025-12-01 11:21:24.408 [INFO] [API_RESPONSE] [f8e302f8-5ccf-4569-a5b7-c6e53688d2bf] ::ffff:127.0.0.1 [GET] /metrics 2ms 200 Response: GET /metrics 200 2ms {"payload":{}}
2025-12-01T04:21:29.407Z [INFO] [REQUEST_MIDDLEWARE] [9b360393-ae0d-49a6-8fd9-51771db2bf0a] ::ffff:127.0.0.1 [GET] /metrics Incoming request {"userAgent":"Prometheus/3.7.3"}
2025-12-01 11:21:29.407 [INFO] [API_REQUEST] [9b360393-ae0d-49a6-8fd9-51771db2bf0a] ::ffff:127.0.0.1 [GET] /metrics Incoming Request: GET /metrics {"payload":{}}
2025-12-01 11:21:29.408 [INFO] [API_RESPONSE] [9b360393-ae0d-49a6-8fd9-51771db2bf0a] ::ffff:127.0.0.1 [GET] /metrics 1ms 200 Response: GET /metrics 200 1ms {"payload":{}}
2025-12-01T04:21:34.406Z [INFO] [REQUEST_MIDDLEWARE] [b722b7f6-8146-4b9c-b8e6-4a885347d616] ::ffff:127.0.0.1 [GET] /metrics Incoming request {"userAgent":"Prometheus/3.7.3"}
2025-12-01 11:21:34.406 [INFO] [API_REQUEST] [b722b7f6-8146-4b9c-b8e6-4a885347d616] ::ffff:127.0.0.1 [GET] /metrics Incoming Request: GET /metrics {"payload":{}}
2025-12-01 11:21:34.408 [INFO] [API_RESPONSE] [b722b7f6-8146-4b9c-b8e6-4a885347d616] ::ffff:127.0.0.1 [GET] /metrics 2ms 200 Response: GET /metrics 200 2ms {"payload":{}}
2025-12-01T04:21:39.406Z [INFO] [REQUEST_MIDDLEWARE] [02327237-64bb-4222-94f0-1a1ecb3a9c27] ::ffff:127.0.0.1 [GET] /metrics Incoming request {"userAgent":"Prometheus/3.7.3"}
2025-12-01 11:21:39.406 [INFO] [API_REQUEST] [02327237-64bb-4222-94f0-1a1ecb3a9c27] ::ffff:127.0.0.1 [GET] /metrics Incoming Request: GET /metrics {"payload":{}}
2025-12-01 11:21:39.408 [INFO] [API_RESPONSE] [02327237-64bb-4222-94f0-1a1ecb3a9c27] ::ffff:127.0.0.1 [GET] /metrics 2ms 200 Response: GET /metrics 200 2ms {"payload":{}}
2025-12-01T04:21:44.374Z [INFO] [REQUEST_MIDDLEWARE] [a4b572a2-b53d-4676-91e2-0021004e5a93] ::1 [GET] /api/rooms Incoming request {"userAgent":"Mozilla/5.0 (Windows NT 10.0; Win64; x64) AppleWebKit/537.36 (KHTML, like Gecko) Chrome/142.0.0.0 Safari/537.36 Edg/142.0.0.0"}
2025-12-01 11:21:44.374 [INFO] [API_REQUEST] [a4b572a2-b53d-4676-91e2-0021004e5a93] ::1 [GET] /api/rooms Incoming Request: GET /api/rooms {"payload":{}}
2025-12-01T04:21:44.409Z [INFO] [REQUEST_MIDDLEWARE] [3e539515-dfcf-456c-9010-3240a6ffebb6] ::ffff:127.0.0.1 [GET] /metrics Incoming request {"userAgent":"Prometheus/3.7.3"}
2025-12-01 11:21:44.410 [INFO] [API_REQUEST] [3e539515-dfcf-456c-9010-3240a6ffebb6] ::ffff:127.0.0.1 [GET] /metrics Incoming Request: GET /metrics {"payload":{}}
2025-12-01 11:21:44.412 [INFO] [API_RESPONSE] [3e539515-dfcf-456c-9010-3240a6ffebb6] ::ffff:127.0.0.1 [GET] /metrics 3ms 200 Response: GET /metrics 200 3ms {"payload":{}}
2025-12-01 11:21:44.434 [INFO] [API_RESPONSE] [a4b572a2-b53d-4676-91e2-0021004e5a93] ::1 [GET] /api/rooms 60ms 200 Response: GET /api/rooms 200 60ms {"payload":{}}
2025-12-01T04:21:49.409Z [INFO] [REQUEST_MIDDLEWARE] [825433d3-fe50-4bdd-b2d7-cb49eeb16946] ::ffff:127.0.0.1 [GET] /metrics Incoming request {"userAgent":"Prometheus/3.7.3"}
2025-12-01 11:21:49.410 [INFO] [API_REQUEST] [825433d3-fe50-4bdd-b2d7-cb49eeb16946] ::ffff:127.0.0.1 [GET] /metrics Incoming Request: GET /metrics {"payload":{}}
2025-12-01 11:21:49.418 [INFO] [API_RESPONSE] [825433d3-fe50-4bdd-b2d7-cb49eeb16946] ::ffff:127.0.0.1 [GET] /metrics 8ms 200 Response: GET /metrics 200 8ms {"payload":{}}
2025-12-01T04:21:54.406Z [INFO] [REQUEST_MIDDLEWARE] [1ac07388-7629-4e9e-b2ff-8e0439b48893] ::ffff:127.0.0.1 [GET] /metrics Incoming request {"userAgent":"Prometheus/3.7.3"}
2025-12-01 11:21:54.406 [INFO] [API_REQUEST] [1ac07388-7629-4e9e-b2ff-8e0439b48893] ::ffff:127.0.0.1 [GET] /metrics Incoming Request: GET /metrics {"payload":{}}
2025-12-01 11:21:54.408 [INFO] [API_RESPONSE] [1ac07388-7629-4e9e-b2ff-8e0439b48893] ::ffff:127.0.0.1 [GET] /metrics 2ms 200 Response: GET /metrics 200 2ms {"payload":{}}
2025-12-01T04:21:59.407Z [INFO] [REQUEST_MIDDLEWARE] [9d8d2baa-800a-4d4a-8881-427d06600137] ::ffff:127.0.0.1 [GET] /metrics Incoming request {"userAgent":"Prometheus/3.7.3"}
2025-12-01 11:21:59.407 [INFO] [API_REQUEST] [9d8d2baa-800a-4d4a-8881-427d06600137] ::ffff:127.0.0.1 [GET] /metrics Incoming Request: GET /metrics {"payload":{}}
2025-12-01 11:21:59.409 [INFO] [API_RESPONSE] [9d8d2baa-800a-4d4a-8881-427d06600137] ::ffff:127.0.0.1 [GET] /metrics 2ms 200 Response: GET /metrics 200 2ms {"payload":{}}
2025-12-01T04:22:04.407Z [INFO] [REQUEST_MIDDLEWARE] [6cd8842e-50ed-4375-886f-6ce696ecfd5d] ::ffff:127.0.0.1 [GET] /metrics Incoming request {"userAgent":"Prometheus/3.7.3"}
2025-12-01 11:22:04.407 [INFO] [API_REQUEST] [6cd8842e-50ed-4375-886f-6ce696ecfd5d] ::ffff:127.0.0.1 [GET] /metrics Incoming Request: GET /metrics {"payload":{}}
2025-12-01 11:22:04.409 [INFO] [API_RESPONSE] [6cd8842e-50ed-4375-886f-6ce696ecfd5d] ::ffff:127.0.0.1 [GET] /metrics 2ms 200 Response: GET /metrics 200 2ms {"payload":{}}
2025-12-01T04:22:09.407Z [INFO] [REQUEST_MIDDLEWARE] [024e1d42-7e8d-4117-a34a-5c444460d1b7] ::ffff:127.0.0.1 [GET] /metrics Incoming request {"userAgent":"Prometheus/3.7.3"}
2025-12-01 11:22:09.407 [INFO] [API_REQUEST] [024e1d42-7e8d-4117-a34a-5c444460d1b7] ::ffff:127.0.0.1 [GET] /metrics Incoming Request: GET /metrics {"payload":{}}
2025-12-01 11:22:09.409 [INFO] [API_RESPONSE] [024e1d42-7e8d-4117-a34a-5c444460d1b7] ::ffff:127.0.0.1 [GET] /metrics 2ms 200 Response: GET /metrics 200 2ms {"payload":{}}
2025-12-01T04:22:14.406Z [INFO] [REQUEST_MIDDLEWARE] [c4ed328f-adc7-4016-9d84-da2a87eda931] ::ffff:127.0.0.1 [GET] /metrics Incoming request {"userAgent":"Prometheus/3.7.3"}
2025-12-01 11:22:14.407 [INFO] [API_REQUEST] [c4ed328f-adc7-4016-9d84-da2a87eda931] ::ffff:127.0.0.1 [GET] /metrics Incoming Request: GET /metrics {"payload":{}}
2025-12-01 11:22:14.409 [INFO] [API_RESPONSE] [c4ed328f-adc7-4016-9d84-da2a87eda931] ::ffff:127.0.0.1 [GET] /metrics 2ms 200 Response: GET /metrics 200 2ms {"payload":{}}
2025-12-01T04:22:19.406Z [INFO] [REQUEST_MIDDLEWARE] [6d8574ef-b624-4019-9fad-d17a07da9664] ::ffff:127.0.0.1 [GET] /metrics Incoming request {"userAgent":"Prometheus/3.7.3"}
2025-12-01 11:22:19.407 [INFO] [API_REQUEST] [6d8574ef-b624-4019-9fad-d17a07da9664] ::ffff:127.0.0.1 [GET] /metrics Incoming Request: GET /metrics {"payload":{}}
2025-12-01 11:22:19.408 [INFO] [API_RESPONSE] [6d8574ef-b624-4019-9fad-d17a07da9664] ::ffff:127.0.0.1 [GET] /metrics 1ms 200 Response: GET /metrics 200 1ms {"payload":{}}
2025-12-01T04:22:24.406Z [INFO] [REQUEST_MIDDLEWARE] [dd242e46-7970-4f0a-b2d8-006bd83611dc] ::ffff:127.0.0.1 [GET] /metrics Incoming request {"userAgent":"Prometheus/3.7.3"}
2025-12-01 11:22:24.407 [INFO] [API_REQUEST] [dd242e46-7970-4f0a-b2d8-006bd83611dc] ::ffff:127.0.0.1 [GET] /metrics Incoming Request: GET /metrics {"payload":{}}
2025-12-01 11:22:24.408 [INFO] [API_RESPONSE] [dd242e46-7970-4f0a-b2d8-006bd83611dc] ::ffff:127.0.0.1 [GET] /metrics 1ms 200 Response: GET /metrics 200 1ms {"payload":{}}
2025-12-01T04:22:29.406Z [INFO] [REQUEST_MIDDLEWARE] [3b1e171f-1a23-45b7-97f4-7136d567b18f] ::ffff:127.0.0.1 [GET] /metrics Incoming request {"userAgent":"Prometheus/3.7.3"}
2025-12-01 11:22:29.406 [INFO] [API_REQUEST] [3b1e171f-1a23-45b7-97f4-7136d567b18f] ::ffff:127.0.0.1 [GET] /metrics Incoming Request: GET /metrics {"payload":{}}
2025-12-01 11:22:29.409 [INFO] [API_RESPONSE] [3b1e171f-1a23-45b7-97f4-7136d567b18f] ::ffff:127.0.0.1 [GET] /metrics 3ms 200 Response: GET /metrics 200 3ms {"payload":{}}
2025-12-01T04:22:34.406Z [INFO] [REQUEST_MIDDLEWARE] [d7452179-ee6e-4f02-96ab-accc05338b6b] ::ffff:127.0.0.1 [GET] /metrics Incoming request {"userAgent":"Prometheus/3.7.3"}
2025-12-01 11:22:34.407 [INFO] [API_REQUEST] [d7452179-ee6e-4f02-96ab-accc05338b6b] ::ffff:127.0.0.1 [GET] /metrics Incoming Request: GET /metrics {"payload":{}}
2025-12-01 11:22:34.408 [INFO] [API_RESPONSE] [d7452179-ee6e-4f02-96ab-accc05338b6b] ::ffff:127.0.0.1 [GET] /metrics 1ms 200 Response: GET /metrics 200 1ms {"payload":{}}
2025-12-01T04:22:39.406Z [INFO] [REQUEST_MIDDLEWARE] [5b06bd92-19ac-4b08-931f-606d3edd0a40] ::ffff:127.0.0.1 [GET] /metrics Incoming request {"userAgent":"Prometheus/3.7.3"}
2025-12-01 11:22:39.406 [INFO] [API_REQUEST] [5b06bd92-19ac-4b08-931f-606d3edd0a40] ::ffff:127.0.0.1 [GET] /metrics Incoming Request: GET /metrics {"payload":{}}
2025-12-01 11:22:39.408 [INFO] [API_RESPONSE] [5b06bd92-19ac-4b08-931f-606d3edd0a40] ::ffff:127.0.0.1 [GET] /metrics 2ms 200 Response: GET /metrics 200 2ms {"payload":{}}
2025-12-01T04:22:44.406Z [INFO] [REQUEST_MIDDLEWARE] [9bcb551e-bc32-49f6-a1cd-5f88b654dc0c] ::ffff:127.0.0.1 [GET] /metrics Incoming request {"userAgent":"Prometheus/3.7.3"}
2025-12-01 11:22:44.407 [INFO] [API_REQUEST] [9bcb551e-bc32-49f6-a1cd-5f88b654dc0c] ::ffff:127.0.0.1 [GET] /metrics Incoming Request: GET /metrics {"payload":{}}
2025-12-01 11:22:44.408 [INFO] [API_RESPONSE] [9bcb551e-bc32-49f6-a1cd-5f88b654dc0c] ::ffff:127.0.0.1 [GET] /metrics 1ms 200 Response: GET /metrics 200 1ms {"payload":{}}
2025-12-01T04:22:49.406Z [INFO] [REQUEST_MIDDLEWARE] [96fa7c6c-d6e5-4a29-97bb-e8844608aedd] ::ffff:127.0.0.1 [GET] /metrics Incoming request {"userAgent":"Prometheus/3.7.3"}
2025-12-01 11:22:49.407 [INFO] [API_REQUEST] [96fa7c6c-d6e5-4a29-97bb-e8844608aedd] ::ffff:127.0.0.1 [GET] /metrics Incoming Request: GET /metrics {"payload":{}}
2025-12-01 11:22:49.408 [INFO] [API_RESPONSE] [96fa7c6c-d6e5-4a29-97bb-e8844608aedd] ::ffff:127.0.0.1 [GET] /metrics 1ms 200 Response: GET /metrics 200 1ms {"payload":{}}
2025-12-01T04:22:54.406Z [INFO] [REQUEST_MIDDLEWARE] [fc06bb22-264f-4170-8593-163ff3f92b3e] ::ffff:127.0.0.1 [GET] /metrics Incoming request {"userAgent":"Prometheus/3.7.3"}
2025-12-01 11:22:54.407 [INFO] [API_REQUEST] [fc06bb22-264f-4170-8593-163ff3f92b3e] ::ffff:127.0.0.1 [GET] /metrics Incoming Request: GET /metrics {"payload":{}}
2025-12-01 11:22:54.408 [INFO] [API_RESPONSE] [fc06bb22-264f-4170-8593-163ff3f92b3e] ::ffff:127.0.0.1 [GET] /metrics 1ms 200 Response: GET /metrics 200 1ms {"payload":{}}
2025-12-01T04:22:59.407Z [INFO] [REQUEST_MIDDLEWARE] [58cd170a-e9ad-4472-97e1-393378e94000] ::ffff:127.0.0.1 [GET] /metrics Incoming request {"userAgent":"Prometheus/3.7.3"}
2025-12-01 11:22:59.407 [INFO] [API_REQUEST] [58cd170a-e9ad-4472-97e1-393378e94000] ::ffff:127.0.0.1 [GET] /metrics Incoming Request: GET /metrics {"payload":{}}
2025-12-01 11:22:59.408 [INFO] [API_RESPONSE] [58cd170a-e9ad-4472-97e1-393378e94000] ::ffff:127.0.0.1 [GET] /metrics 1ms 200 Response: GET /metrics 200 1ms {"payload":{}}
2025-12-01T04:23:04.406Z [INFO] [REQUEST_MIDDLEWARE] [fe388885-d306-4b1b-b885-f4a6355bef2d] ::ffff:127.0.0.1 [GET] /metrics Incoming request {"userAgent":"Prometheus/3.7.3"}
2025-12-01 11:23:04.406 [INFO] [API_REQUEST] [fe388885-d306-4b1b-b885-f4a6355bef2d] ::ffff:127.0.0.1 [GET] /metrics Incoming Request: GET /metrics {"payload":{}}
2025-12-01 11:23:04.408 [INFO] [API_RESPONSE] [fe388885-d306-4b1b-b885-f4a6355bef2d] ::ffff:127.0.0.1 [GET] /metrics 2ms 200 Response: GET /metrics 200 2ms {"payload":{}}
2025-12-01T04:23:09.407Z [INFO] [REQUEST_MIDDLEWARE] [8d0ee9d1-3621-4cdd-9b34-408f59ab0dfb] ::ffff:127.0.0.1 [GET] /metrics Incoming request {"userAgent":"Prometheus/3.7.3"}
2025-12-01 11:23:09.407 [INFO] [API_REQUEST] [8d0ee9d1-3621-4cdd-9b34-408f59ab0dfb] ::ffff:127.0.0.1 [GET] /metrics Incoming Request: GET /metrics {"payload":{}}
2025-12-01 11:23:09.409 [INFO] [API_RESPONSE] [8d0ee9d1-3621-4cdd-9b34-408f59ab0dfb] ::ffff:127.0.0.1 [GET] /metrics 2ms 200 Response: GET /metrics 200 2ms {"payload":{}}
2025-12-01T04:23:14.407Z [INFO] [REQUEST_MIDDLEWARE] [1cb3cdfa-6293-4c9f-a3f6-f838db24f9b5] ::ffff:127.0.0.1 [GET] /metrics Incoming request {"userAgent":"Prometheus/3.7.3"}
2025-12-01 11:23:14.407 [INFO] [API_REQUEST] [1cb3cdfa-6293-4c9f-a3f6-f838db24f9b5] ::ffff:127.0.0.1 [GET] /metrics Incoming Request: GET /metrics {"payload":{}}
2025-12-01 11:23:14.408 [INFO] [API_RESPONSE] [1cb3cdfa-6293-4c9f-a3f6-f838db24f9b5] ::ffff:127.0.0.1 [GET] /metrics 1ms 200 Response: GET /metrics 200 1ms {"payload":{}}
2025-12-01T04:23:19.407Z [INFO] [REQUEST_MIDDLEWARE] [e505c380-dd40-41ec-a87c-5def73c5012f] ::ffff:127.0.0.1 [GET] /metrics Incoming request {"userAgent":"Prometheus/3.7.3"}
2025-12-01 11:23:19.407 [INFO] [API_REQUEST] [e505c380-dd40-41ec-a87c-5def73c5012f] ::ffff:127.0.0.1 [GET] /metrics Incoming Request: GET /metrics {"payload":{}}
2025-12-01 11:23:19.409 [INFO] [API_RESPONSE] [e505c380-dd40-41ec-a87c-5def73c5012f] ::ffff:127.0.0.1 [GET] /metrics 2ms 200 Response: GET /metrics 200 2ms {"payload":{}}
2025-12-01T04:23:24.409Z [INFO] [REQUEST_MIDDLEWARE] [2f24a211-4fc7-42d3-b75f-33e237f46708] ::ffff:127.0.0.1 [GET] /metrics Incoming request {"userAgent":"Prometheus/3.7.3"}
2025-12-01 11:23:24.411 [INFO] [API_REQUEST] [2f24a211-4fc7-42d3-b75f-33e237f46708] ::ffff:127.0.0.1 [GET] /metrics Incoming Request: GET /metrics {"payload":{}}
2025-12-01 11:23:24.415 [INFO] [API_RESPONSE] [2f24a211-4fc7-42d3-b75f-33e237f46708] ::ffff:127.0.0.1 [GET] /metrics 4ms 200 Response: GET /metrics 200 4ms {"payload":{}}
2025-12-01T04:23:29.407Z [INFO] [REQUEST_MIDDLEWARE] [71121127-eb1f-4c52-b925-ee0742aa40f3] ::ffff:127.0.0.1 [GET] /metrics Incoming request {"userAgent":"Prometheus/3.7.3"}
2025-12-01 11:23:29.408 [INFO] [API_REQUEST] [71121127-eb1f-4c52-b925-ee0742aa40f3] ::ffff:127.0.0.1 [GET] /metrics Incoming Request: GET /metrics {"payload":{}}
2025-12-01 11:23:29.409 [INFO] [API_RESPONSE] [71121127-eb1f-4c52-b925-ee0742aa40f3] ::ffff:127.0.0.1 [GET] /metrics 1ms 200 Response: GET /metrics 200 1ms {"payload":{}}
2025-12-01T04:23:34.407Z [INFO] [REQUEST_MIDDLEWARE] [a023d08d-1a55-490f-9819-2cfde1e1f439] ::ffff:127.0.0.1 [GET] /metrics Incoming request {"userAgent":"Prometheus/3.7.3"}
2025-12-01 11:23:34.407 [INFO] [API_REQUEST] [a023d08d-1a55-490f-9819-2cfde1e1f439] ::ffff:127.0.0.1 [GET] /metrics Incoming Request: GET /metrics {"payload":{}}
2025-12-01 11:23:34.409 [INFO] [API_RESPONSE] [a023d08d-1a55-490f-9819-2cfde1e1f439] ::ffff:127.0.0.1 [GET] /metrics 2ms 200 Response: GET /metrics 200 2ms {"payload":{}}
2025-12-01T04:23:39.406Z [INFO] [REQUEST_MIDDLEWARE] [c07a1f0d-e3f2-4432-9272-7f656c61aaee] ::ffff:127.0.0.1 [GET] /metrics Incoming request {"userAgent":"Prometheus/3.7.3"}
2025-12-01 11:23:39.407 [INFO] [API_REQUEST] [c07a1f0d-e3f2-4432-9272-7f656c61aaee] ::ffff:127.0.0.1 [GET] /metrics Incoming Request: GET /metrics {"payload":{}}
2025-12-01 11:23:39.408 [INFO] [API_RESPONSE] [c07a1f0d-e3f2-4432-9272-7f656c61aaee] ::ffff:127.0.0.1 [GET] /metrics 1ms 200 Response: GET /metrics 200 1ms {"payload":{}}
2025-12-01T04:23:44.407Z [INFO] [REQUEST_MIDDLEWARE] [c465914c-689c-4719-8eb5-702e1d60d1d5] ::ffff:127.0.0.1 [GET] /metrics Incoming request {"userAgent":"Prometheus/3.7.3"}
2025-12-01 11:23:44.407 [INFO] [API_REQUEST] [c465914c-689c-4719-8eb5-702e1d60d1d5] ::ffff:127.0.0.1 [GET] /metrics Incoming Request: GET /metrics {"payload":{}}
2025-12-01 11:23:44.408 [INFO] [API_RESPONSE] [c465914c-689c-4719-8eb5-702e1d60d1d5] ::ffff:127.0.0.1 [GET] /metrics 1ms 200 Response: GET /metrics 200 1ms {"payload":{}}
2025-12-01T04:23:49.407Z [INFO] [REQUEST_MIDDLEWARE] [1121931a-9d5d-4743-8d92-364a919c3b95] ::ffff:127.0.0.1 [GET] /metrics Incoming request {"userAgent":"Prometheus/3.7.3"}
2025-12-01 11:23:49.407 [INFO] [API_REQUEST] [1121931a-9d5d-4743-8d92-364a919c3b95] ::ffff:127.0.0.1 [GET] /metrics Incoming Request: GET /metrics {"payload":{}}
2025-12-01 11:23:49.409 [INFO] [API_RESPONSE] [1121931a-9d5d-4743-8d92-364a919c3b95] ::ffff:127.0.0.1 [GET] /metrics 2ms 200 Response: GET /metrics 200 2ms {"payload":{}}
2025-12-01T04:23:54.407Z [INFO] [REQUEST_MIDDLEWARE] [8ec141e3-864a-4b28-9e11-86df3e437873] ::ffff:127.0.0.1 [GET] /metrics Incoming request {"userAgent":"Prometheus/3.7.3"}
2025-12-01 11:23:54.407 [INFO] [API_REQUEST] [8ec141e3-864a-4b28-9e11-86df3e437873] ::ffff:127.0.0.1 [GET] /metrics Incoming Request: GET /metrics {"payload":{}}
2025-12-01 11:23:54.408 [INFO] [API_RESPONSE] [8ec141e3-864a-4b28-9e11-86df3e437873] ::ffff:127.0.0.1 [GET] /metrics 1ms 200 Response: GET /metrics 200 1ms {"payload":{}}
2025-12-01T04:23:59.406Z [INFO] [REQUEST_MIDDLEWARE] [a24d45b5-502e-432b-8373-60a0f28ecea5] ::ffff:127.0.0.1 [GET] /metrics Incoming request {"userAgent":"Prometheus/3.7.3"}
2025-12-01 11:23:59.407 [INFO] [API_REQUEST] [a24d45b5-502e-432b-8373-60a0f28ecea5] ::ffff:127.0.0.1 [GET] /metrics Incoming Request: GET /metrics {"payload":{}}
2025-12-01 11:23:59.408 [INFO] [API_RESPONSE] [a24d45b5-502e-432b-8373-60a0f28ecea5] ::ffff:127.0.0.1 [GET] /metrics 1ms 200 Response: GET /metrics 200 1ms {"payload":{}}
2025-12-01T04:24:04.407Z [INFO] [REQUEST_MIDDLEWARE] [46932c6d-d665-4c9a-97b2-b15e29351377] ::ffff:127.0.0.1 [GET] /metrics Incoming request {"userAgent":"Prometheus/3.7.3"}
2025-12-01 11:24:04.407 [INFO] [API_REQUEST] [46932c6d-d665-4c9a-97b2-b15e29351377] ::ffff:127.0.0.1 [GET] /metrics Incoming Request: GET /metrics {"payload":{}}
2025-12-01 11:24:04.409 [INFO] [API_RESPONSE] [46932c6d-d665-4c9a-97b2-b15e29351377] ::ffff:127.0.0.1 [GET] /metrics 2ms 200 Response: GET /metrics 200 2ms {"payload":{}}
2025-12-01T04:24:09.407Z [INFO] [REQUEST_MIDDLEWARE] [498005ab-c1ba-44a5-ac0f-fd1cf9b62a8c] ::ffff:127.0.0.1 [GET] /metrics Incoming request {"userAgent":"Prometheus/3.7.3"}
2025-12-01 11:24:09.407 [INFO] [API_REQUEST] [498005ab-c1ba-44a5-ac0f-fd1cf9b62a8c] ::ffff:127.0.0.1 [GET] /metrics Incoming Request: GET /metrics {"payload":{}}
2025-12-01 11:24:09.409 [INFO] [API_RESPONSE] [498005ab-c1ba-44a5-ac0f-fd1cf9b62a8c] ::ffff:127.0.0.1 [GET] /metrics 2ms 200 Response: GET /metrics 200 2ms {"payload":{}}
2025-12-01T04:24:14.406Z [INFO] [REQUEST_MIDDLEWARE] [43d5a522-985e-4489-9754-925b03c7a9a9] ::ffff:127.0.0.1 [GET] /metrics Incoming request {"userAgent":"Prometheus/3.7.3"}
2025-12-01 11:24:14.407 [INFO] [API_REQUEST] [43d5a522-985e-4489-9754-925b03c7a9a9] ::ffff:127.0.0.1 [GET] /metrics Incoming Request: GET /metrics {"payload":{}}
2025-12-01 11:24:14.409 [INFO] [API_RESPONSE] [43d5a522-985e-4489-9754-925b03c7a9a9] ::ffff:127.0.0.1 [GET] /metrics 2ms 200 Response: GET /metrics 200 2ms {"payload":{}}
2025-12-01T04:24:19.406Z [INFO] [REQUEST_MIDDLEWARE] [2446e4ea-0c3f-46ee-af9e-64756f79e18b] ::ffff:127.0.0.1 [GET] /metrics Incoming request {"userAgent":"Prometheus/3.7.3"}
2025-12-01 11:24:19.407 [INFO] [API_REQUEST] [2446e4ea-0c3f-46ee-af9e-64756f79e18b] ::ffff:127.0.0.1 [GET] /metrics Incoming Request: GET /metrics {"payload":{}}
2025-12-01 11:24:19.408 [INFO] [API_RESPONSE] [2446e4ea-0c3f-46ee-af9e-64756f79e18b] ::ffff:127.0.0.1 [GET] /metrics 2ms 200 Response: GET /metrics 200 2ms {"payload":{}}
2025-12-01T04:24:24.406Z [INFO] [REQUEST_MIDDLEWARE] [03d36f8a-9111-4172-9c51-8e05fcf334e6] ::ffff:127.0.0.1 [GET] /metrics Incoming request {"userAgent":"Prometheus/3.7.3"}
2025-12-01 11:24:24.407 [INFO] [API_REQUEST] [03d36f8a-9111-4172-9c51-8e05fcf334e6] ::ffff:127.0.0.1 [GET] /metrics Incoming Request: GET /metrics {"payload":{}}
2025-12-01 11:24:24.408 [INFO] [API_RESPONSE] [03d36f8a-9111-4172-9c51-8e05fcf334e6] ::ffff:127.0.0.1 [GET] /metrics 1ms 200 Response: GET /metrics 200 1ms {"payload":{}}
2025-12-01T04:24:29.406Z [INFO] [REQUEST_MIDDLEWARE] [f5fe0d81-9bed-43aa-996f-1c9d99dbd7a4] ::ffff:127.0.0.1 [GET] /metrics Incoming request {"userAgent":"Prometheus/3.7.3"}
2025-12-01 11:24:29.407 [INFO] [API_REQUEST] [f5fe0d81-9bed-43aa-996f-1c9d99dbd7a4] ::ffff:127.0.0.1 [GET] /metrics Incoming Request: GET /metrics {"payload":{}}
2025-12-01 11:24:29.408 [INFO] [API_RESPONSE] [f5fe0d81-9bed-43aa-996f-1c9d99dbd7a4] ::ffff:127.0.0.1 [GET] /metrics 1ms 200 Response: GET /metrics 200 1ms {"payload":{}}
2025-12-01T04:24:34.406Z [INFO] [REQUEST_MIDDLEWARE] [f569515d-33f1-4136-b0b7-3dc413e71ff1] ::ffff:127.0.0.1 [GET] /metrics Incoming request {"userAgent":"Prometheus/3.7.3"}
2025-12-01 11:24:34.407 [INFO] [API_REQUEST] [f569515d-33f1-4136-b0b7-3dc413e71ff1] ::ffff:127.0.0.1 [GET] /metrics Incoming Request: GET /metrics {"payload":{}}
2025-12-01 11:24:34.409 [INFO] [API_RESPONSE] [f569515d-33f1-4136-b0b7-3dc413e71ff1] ::ffff:127.0.0.1 [GET] /metrics 2ms 200 Response: GET /metrics 200 2ms {"payload":{}}
2025-12-01T04:24:39.407Z [INFO] [REQUEST_MIDDLEWARE] [9d10b4f2-1f03-4ea3-a8de-015b63b65858] ::ffff:127.0.0.1 [GET] /metrics Incoming request {"userAgent":"Prometheus/3.7.3"}
2025-12-01 11:24:39.407 [INFO] [API_REQUEST] [9d10b4f2-1f03-4ea3-a8de-015b63b65858] ::ffff:127.0.0.1 [GET] /metrics Incoming Request: GET /metrics {"payload":{}}
2025-12-01 11:24:39.409 [INFO] [API_RESPONSE] [9d10b4f2-1f03-4ea3-a8de-015b63b65858] ::ffff:127.0.0.1 [GET] /metrics 2ms 200 Response: GET /metrics 200 2ms {"payload":{}}
2025-12-01T04:24:44.406Z [INFO] [REQUEST_MIDDLEWARE] [d9b442bf-5f25-44da-9229-730fc1af5b49] ::ffff:127.0.0.1 [GET] /metrics Incoming request {"userAgent":"Prometheus/3.7.3"}
2025-12-01 11:24:44.407 [INFO] [API_REQUEST] [d9b442bf-5f25-44da-9229-730fc1af5b49] ::ffff:127.0.0.1 [GET] /metrics Incoming Request: GET /metrics {"payload":{}}
2025-12-01 11:24:44.408 [INFO] [API_RESPONSE] [d9b442bf-5f25-44da-9229-730fc1af5b49] ::ffff:127.0.0.1 [GET] /metrics 1ms 200 Response: GET /metrics 200 1ms {"payload":{}}
2025-12-01T04:24:49.407Z [INFO] [REQUEST_MIDDLEWARE] [e0042096-7527-42eb-84c9-cc046fd35440] ::ffff:127.0.0.1 [GET] /metrics Incoming request {"userAgent":"Prometheus/3.7.3"}
2025-12-01 11:24:49.407 [INFO] [API_REQUEST] [e0042096-7527-42eb-84c9-cc046fd35440] ::ffff:127.0.0.1 [GET] /metrics Incoming Request: GET /metrics {"payload":{}}
2025-12-01 11:24:49.409 [INFO] [API_RESPONSE] [e0042096-7527-42eb-84c9-cc046fd35440] ::ffff:127.0.0.1 [GET] /metrics 2ms 200 Response: GET /metrics 200 2ms {"payload":{}}
2025-12-01T04:24:52.480Z [INFO] [REQUEST_MIDDLEWARE] [c80a889e-febc-4111-91c7-971d8e0f154f] ::1 [POST] /api/rooms/search Incoming request {"userAgent":"Mozilla/5.0 (Windows NT 10.0; Win64; x64) AppleWebKit/537.36 (KHTML, like Gecko) Chrome/142.0.0.0 Safari/537.36 Edg/142.0.0.0"}
2025-12-01 11:24:52.480 [INFO] [API_REQUEST] [c80a889e-febc-4111-91c7-971d8e0f154f] ::1 [POST] /api/rooms/search Incoming Request: POST /api/rooms/search {"payload":{}}
2025-12-01 11:24:52.491 [ERROR] [POST] Error: 500 - WHERE parameter "date" has invalid "undefined" value
Error: WHERE parameter "date" has invalid "undefined" value
    at MySQLQueryGenerator.whereItemQuery (E:\Code\Booking\BE\node_modules\sequelize\lib\dialects\abstract\query-generator.js:1746:13)
    at E:\Code\Booking\BE\node_modules\sequelize\lib\dialects\abstract\query-generator.js:1737:25
    at Array.forEach (<anonymous>)
    at MySQLQueryGenerator.whereItemsQuery (E:\Code\Booking\BE\node_modules\sequelize\lib\dialects\abstract\query-generator.js:1735:35)
    at E:\Code\Booking\BE\node_modules\sequelize\lib\dialects\abstract\query-generator.js:1843:30
    at Array.map (<anonymous>)
    at MySQLQueryGenerator._whereGroupBind (E:\Code\Booking\BE\node_modules\sequelize\lib\dialects\abstract\query-generator.js:1842:21)
    at MySQLQueryGenerator.whereItemQuery (E:\Code\Booking\BE\node_modules\sequelize\lib\dialects\abstract\query-generator.js:1793:19)
    at E:\Code\Booking\BE\node_modules\sequelize\lib\dialects\abstract\query-generator.js:1737:25
    at Array.forEach (<anonymous>)
2025-12-01 11:24:52.492 [ERROR] [API_RESPONSE] [c80a889e-febc-4111-91c7-971d8e0f154f] ::1 [POST] /api/rooms/search 12ms 500 Response: POST /api/rooms/search 500 12ms {"payload":{}}
2025-12-01T04:24:54.407Z [INFO] [REQUEST_MIDDLEWARE] [95edd41a-89e8-4e25-8a80-689731b0cc05] ::ffff:127.0.0.1 [GET] /metrics Incoming request {"userAgent":"Prometheus/3.7.3"}
2025-12-01 11:24:54.407 [INFO] [API_REQUEST] [95edd41a-89e8-4e25-8a80-689731b0cc05] ::ffff:127.0.0.1 [GET] /metrics Incoming Request: GET /metrics {"payload":{}}
2025-12-01 11:24:54.409 [INFO] [API_RESPONSE] [95edd41a-89e8-4e25-8a80-689731b0cc05] ::ffff:127.0.0.1 [GET] /metrics 2ms 200 Response: GET /metrics 200 2ms {"payload":{}}
2025-12-01T04:24:59.406Z [INFO] [REQUEST_MIDDLEWARE] [29f8e65d-eb0b-4500-8845-3ac2abd0e131] ::ffff:127.0.0.1 [GET] /metrics Incoming request {"userAgent":"Prometheus/3.7.3"}
2025-12-01 11:24:59.407 [INFO] [API_REQUEST] [29f8e65d-eb0b-4500-8845-3ac2abd0e131] ::ffff:127.0.0.1 [GET] /metrics Incoming Request: GET /metrics {"payload":{}}
2025-12-01 11:24:59.408 [INFO] [API_RESPONSE] [29f8e65d-eb0b-4500-8845-3ac2abd0e131] ::ffff:127.0.0.1 [GET] /metrics 1ms 200 Response: GET /metrics 200 1ms {"payload":{}}
2025-12-01T04:25:04.406Z [INFO] [REQUEST_MIDDLEWARE] [761378f4-7892-4586-ac3b-c7f4b83ef4f3] ::ffff:127.0.0.1 [GET] /metrics Incoming request {"userAgent":"Prometheus/3.7.3"}
2025-12-01 11:25:04.407 [INFO] [API_REQUEST] [761378f4-7892-4586-ac3b-c7f4b83ef4f3] ::ffff:127.0.0.1 [GET] /metrics Incoming Request: GET /metrics {"payload":{}}
2025-12-01 11:25:04.409 [INFO] [API_RESPONSE] [761378f4-7892-4586-ac3b-c7f4b83ef4f3] ::ffff:127.0.0.1 [GET] /metrics 2ms 200 Response: GET /metrics 200 2ms {"payload":{}}
2025-12-01T04:25:09.407Z [INFO] [REQUEST_MIDDLEWARE] [52c1550a-d2b8-4c51-93c4-a1d5d69c8c97] ::ffff:127.0.0.1 [GET] /metrics Incoming request {"userAgent":"Prometheus/3.7.3"}
2025-12-01 11:25:09.407 [INFO] [API_REQUEST] [52c1550a-d2b8-4c51-93c4-a1d5d69c8c97] ::ffff:127.0.0.1 [GET] /metrics Incoming Request: GET /metrics {"payload":{}}
2025-12-01 11:25:09.410 [INFO] [API_RESPONSE] [52c1550a-d2b8-4c51-93c4-a1d5d69c8c97] ::ffff:127.0.0.1 [GET] /metrics 3ms 200 Response: GET /metrics 200 3ms {"payload":{}}
2025-12-01T04:25:14.406Z [INFO] [REQUEST_MIDDLEWARE] [1b184c61-3c81-4c08-b8cb-25bef25b5d7d] ::ffff:127.0.0.1 [GET] /metrics Incoming request {"userAgent":"Prometheus/3.7.3"}
2025-12-01 11:25:14.406 [INFO] [API_REQUEST] [1b184c61-3c81-4c08-b8cb-25bef25b5d7d] ::ffff:127.0.0.1 [GET] /metrics Incoming Request: GET /metrics {"payload":{}}
2025-12-01 11:25:14.408 [INFO] [API_RESPONSE] [1b184c61-3c81-4c08-b8cb-25bef25b5d7d] ::ffff:127.0.0.1 [GET] /metrics 2ms 200 Response: GET /metrics 200 2ms {"payload":{}}
2025-12-01T04:25:19.407Z [INFO] [REQUEST_MIDDLEWARE] [99c5b76b-8522-4200-a86c-f7ada8740335] ::ffff:127.0.0.1 [GET] /metrics Incoming request {"userAgent":"Prometheus/3.7.3"}
2025-12-01 11:25:19.407 [INFO] [API_REQUEST] [99c5b76b-8522-4200-a86c-f7ada8740335] ::ffff:127.0.0.1 [GET] /metrics Incoming Request: GET /metrics {"payload":{}}
2025-12-01 11:25:19.409 [INFO] [API_RESPONSE] [99c5b76b-8522-4200-a86c-f7ada8740335] ::ffff:127.0.0.1 [GET] /metrics 2ms 200 Response: GET /metrics 200 2ms {"payload":{}}
2025-12-01T04:25:24.406Z [INFO] [REQUEST_MIDDLEWARE] [edc6cb83-0185-4f3c-81e2-075ee3b67332] ::ffff:127.0.0.1 [GET] /metrics Incoming request {"userAgent":"Prometheus/3.7.3"}
2025-12-01 11:25:24.406 [INFO] [API_REQUEST] [edc6cb83-0185-4f3c-81e2-075ee3b67332] ::ffff:127.0.0.1 [GET] /metrics Incoming Request: GET /metrics {"payload":{}}
2025-12-01 11:25:24.408 [INFO] [API_RESPONSE] [edc6cb83-0185-4f3c-81e2-075ee3b67332] ::ffff:127.0.0.1 [GET] /metrics 2ms 200 Response: GET /metrics 200 2ms {"payload":{}}
2025-12-01T04:25:29.406Z [INFO] [REQUEST_MIDDLEWARE] [ff16f089-97f9-4290-a56e-9aa6f6cb3665] ::ffff:127.0.0.1 [GET] /metrics Incoming request {"userAgent":"Prometheus/3.7.3"}
2025-12-01 11:25:29.407 [INFO] [API_REQUEST] [ff16f089-97f9-4290-a56e-9aa6f6cb3665] ::ffff:127.0.0.1 [GET] /metrics Incoming Request: GET /metrics {"payload":{}}
2025-12-01 11:25:29.409 [INFO] [API_RESPONSE] [ff16f089-97f9-4290-a56e-9aa6f6cb3665] ::ffff:127.0.0.1 [GET] /metrics 3ms 200 Response: GET /metrics 200 3ms {"payload":{}}
2025-12-01T04:25:34.408Z [INFO] [REQUEST_MIDDLEWARE] [9e47d1bc-e37d-4439-8ddb-5fd8b2cb0001] ::ffff:127.0.0.1 [GET] /metrics Incoming request {"userAgent":"Prometheus/3.7.3"}
2025-12-01 11:25:34.409 [INFO] [API_REQUEST] [9e47d1bc-e37d-4439-8ddb-5fd8b2cb0001] ::ffff:127.0.0.1 [GET] /metrics Incoming Request: GET /metrics {"payload":{}}
2025-12-01 11:25:34.411 [INFO] [API_RESPONSE] [9e47d1bc-e37d-4439-8ddb-5fd8b2cb0001] ::ffff:127.0.0.1 [GET] /metrics 2ms 200 Response: GET /metrics 200 2ms {"payload":{}}
2025-12-01T04:25:39.408Z [INFO] [REQUEST_MIDDLEWARE] [6561d258-d463-4291-9018-03d276594334] ::ffff:127.0.0.1 [GET] /metrics Incoming request {"userAgent":"Prometheus/3.7.3"}
2025-12-01 11:25:39.409 [INFO] [API_REQUEST] [6561d258-d463-4291-9018-03d276594334] ::ffff:127.0.0.1 [GET] /metrics Incoming Request: GET /metrics {"payload":{}}
2025-12-01 11:25:39.412 [INFO] [API_RESPONSE] [6561d258-d463-4291-9018-03d276594334] ::ffff:127.0.0.1 [GET] /metrics 3ms 200 Response: GET /metrics 200 3ms {"payload":{}}
2025-12-01T04:25:44.408Z [INFO] [REQUEST_MIDDLEWARE] [435d5c09-ea26-4391-a3fb-ecb89e6f0421] ::ffff:127.0.0.1 [GET] /metrics Incoming request {"userAgent":"Prometheus/3.7.3"}
2025-12-01 11:25:44.409 [INFO] [API_REQUEST] [435d5c09-ea26-4391-a3fb-ecb89e6f0421] ::ffff:127.0.0.1 [GET] /metrics Incoming Request: GET /metrics {"payload":{}}
2025-12-01 11:25:44.410 [INFO] [API_RESPONSE] [435d5c09-ea26-4391-a3fb-ecb89e6f0421] ::ffff:127.0.0.1 [GET] /metrics 1ms 200 Response: GET /metrics 200 1ms {"payload":{}}
2025-12-01T04:25:49.408Z [INFO] [REQUEST_MIDDLEWARE] [9509dc03-c87e-4f43-9cb4-d1e5c746b50c] ::ffff:127.0.0.1 [GET] /metrics Incoming request {"userAgent":"Prometheus/3.7.3"}
2025-12-01 11:25:49.409 [INFO] [API_REQUEST] [9509dc03-c87e-4f43-9cb4-d1e5c746b50c] ::ffff:127.0.0.1 [GET] /metrics Incoming Request: GET /metrics {"payload":{}}
2025-12-01 11:25:49.410 [INFO] [API_RESPONSE] [9509dc03-c87e-4f43-9cb4-d1e5c746b50c] ::ffff:127.0.0.1 [GET] /metrics 1ms 200 Response: GET /metrics 200 1ms {"payload":{}}
2025-12-01T04:25:54.407Z [INFO] [REQUEST_MIDDLEWARE] [a9bf2156-1b33-488a-a32c-d02c1341df80] ::ffff:127.0.0.1 [GET] /metrics Incoming request {"userAgent":"Prometheus/3.7.3"}
2025-12-01 11:25:54.407 [INFO] [API_REQUEST] [a9bf2156-1b33-488a-a32c-d02c1341df80] ::ffff:127.0.0.1 [GET] /metrics Incoming Request: GET /metrics {"payload":{}}
2025-12-01 11:25:54.410 [INFO] [API_RESPONSE] [a9bf2156-1b33-488a-a32c-d02c1341df80] ::ffff:127.0.0.1 [GET] /metrics 3ms 200 Response: GET /metrics 200 3ms {"payload":{}}
2025-12-01T04:25:59.408Z [INFO] [REQUEST_MIDDLEWARE] [e51f6710-b4cf-4c07-9eb0-d4e5ae1f5089] ::ffff:127.0.0.1 [GET] /metrics Incoming request {"userAgent":"Prometheus/3.7.3"}
2025-12-01 11:25:59.408 [INFO] [API_REQUEST] [e51f6710-b4cf-4c07-9eb0-d4e5ae1f5089] ::ffff:127.0.0.1 [GET] /metrics Incoming Request: GET /metrics {"payload":{}}
2025-12-01 11:25:59.410 [INFO] [API_RESPONSE] [e51f6710-b4cf-4c07-9eb0-d4e5ae1f5089] ::ffff:127.0.0.1 [GET] /metrics 2ms 200 Response: GET /metrics 200 2ms {"payload":{}}
2025-12-01T04:26:04.407Z [INFO] [REQUEST_MIDDLEWARE] [4d2fbceb-cd32-4531-9cb5-8e7211b788e9] ::ffff:127.0.0.1 [GET] /metrics Incoming request {"userAgent":"Prometheus/3.7.3"}
2025-12-01 11:26:04.407 [INFO] [API_REQUEST] [4d2fbceb-cd32-4531-9cb5-8e7211b788e9] ::ffff:127.0.0.1 [GET] /metrics Incoming Request: GET /metrics {"payload":{}}
2025-12-01 11:26:04.409 [INFO] [API_RESPONSE] [4d2fbceb-cd32-4531-9cb5-8e7211b788e9] ::ffff:127.0.0.1 [GET] /metrics 2ms 200 Response: GET /metrics 200 2ms {"payload":{}}
2025-12-01T04:26:09.407Z [INFO] [REQUEST_MIDDLEWARE] [1fc489d7-c0c0-406f-8f6d-aaeea8e3bbf4] ::ffff:127.0.0.1 [GET] /metrics Incoming request {"userAgent":"Prometheus/3.7.3"}
2025-12-01 11:26:09.408 [INFO] [API_REQUEST] [1fc489d7-c0c0-406f-8f6d-aaeea8e3bbf4] ::ffff:127.0.0.1 [GET] /metrics Incoming Request: GET /metrics {"payload":{}}
2025-12-01 11:26:09.409 [INFO] [API_RESPONSE] [1fc489d7-c0c0-406f-8f6d-aaeea8e3bbf4] ::ffff:127.0.0.1 [GET] /metrics 1ms 200 Response: GET /metrics 200 1ms {"payload":{}}
2025-12-01T04:26:14.408Z [INFO] [REQUEST_MIDDLEWARE] [a1f077da-577d-4905-88bb-6c8f6fb16775] ::ffff:127.0.0.1 [GET] /metrics Incoming request {"userAgent":"Prometheus/3.7.3"}
2025-12-01 11:26:14.408 [INFO] [API_REQUEST] [a1f077da-577d-4905-88bb-6c8f6fb16775] ::ffff:127.0.0.1 [GET] /metrics Incoming Request: GET /metrics {"payload":{}}
2025-12-01 11:26:14.410 [INFO] [API_RESPONSE] [a1f077da-577d-4905-88bb-6c8f6fb16775] ::ffff:127.0.0.1 [GET] /metrics 2ms 200 Response: GET /metrics 200 2ms {"payload":{}}
2025-12-01T04:26:19.408Z [INFO] [REQUEST_MIDDLEWARE] [a44363d5-f210-432e-bd71-908e6ff0558d] ::ffff:127.0.0.1 [GET] /metrics Incoming request {"userAgent":"Prometheus/3.7.3"}
2025-12-01 11:26:19.408 [INFO] [API_REQUEST] [a44363d5-f210-432e-bd71-908e6ff0558d] ::ffff:127.0.0.1 [GET] /metrics Incoming Request: GET /metrics {"payload":{}}
2025-12-01 11:26:19.410 [INFO] [API_RESPONSE] [a44363d5-f210-432e-bd71-908e6ff0558d] ::ffff:127.0.0.1 [GET] /metrics 2ms 200 Response: GET /metrics 200 2ms {"payload":{}}
2025-12-01T04:26:24.408Z [INFO] [REQUEST_MIDDLEWARE] [79eeaeb4-64d5-44b0-a0b3-136d3e8ef7d8] ::ffff:127.0.0.1 [GET] /metrics Incoming request {"userAgent":"Prometheus/3.7.3"}
2025-12-01 11:26:24.408 [INFO] [API_REQUEST] [79eeaeb4-64d5-44b0-a0b3-136d3e8ef7d8] ::ffff:127.0.0.1 [GET] /metrics Incoming Request: GET /metrics {"payload":{}}
2025-12-01 11:26:24.410 [INFO] [API_RESPONSE] [79eeaeb4-64d5-44b0-a0b3-136d3e8ef7d8] ::ffff:127.0.0.1 [GET] /metrics 2ms 200 Response: GET /metrics 200 2ms {"payload":{}}
2025-12-01T04:26:29.408Z [INFO] [REQUEST_MIDDLEWARE] [1fd25a72-0171-4e93-8629-c1654537e791] ::ffff:127.0.0.1 [GET] /metrics Incoming request {"userAgent":"Prometheus/3.7.3"}
2025-12-01 11:26:29.408 [INFO] [API_REQUEST] [1fd25a72-0171-4e93-8629-c1654537e791] ::ffff:127.0.0.1 [GET] /metrics Incoming Request: GET /metrics {"payload":{}}
2025-12-01 11:26:29.410 [INFO] [API_RESPONSE] [1fd25a72-0171-4e93-8629-c1654537e791] ::ffff:127.0.0.1 [GET] /metrics 2ms 200 Response: GET /metrics 200 2ms {"payload":{}}
2025-12-01T04:26:34.408Z [INFO] [REQUEST_MIDDLEWARE] [0bcd0fff-6a3b-4a79-b144-66abb3debfe4] ::ffff:127.0.0.1 [GET] /metrics Incoming request {"userAgent":"Prometheus/3.7.3"}
2025-12-01 11:26:34.408 [INFO] [API_REQUEST] [0bcd0fff-6a3b-4a79-b144-66abb3debfe4] ::ffff:127.0.0.1 [GET] /metrics Incoming Request: GET /metrics {"payload":{}}
2025-12-01 11:26:34.409 [INFO] [API_RESPONSE] [0bcd0fff-6a3b-4a79-b144-66abb3debfe4] ::ffff:127.0.0.1 [GET] /metrics 1ms 200 Response: GET /metrics 200 1ms {"payload":{}}
2025-12-01T04:26:39.407Z [INFO] [REQUEST_MIDDLEWARE] [24dcd24d-3679-4882-be74-ecac2304941a] ::ffff:127.0.0.1 [GET] /metrics Incoming request {"userAgent":"Prometheus/3.7.3"}
2025-12-01 11:26:39.407 [INFO] [API_REQUEST] [24dcd24d-3679-4882-be74-ecac2304941a] ::ffff:127.0.0.1 [GET] /metrics Incoming Request: GET /metrics {"payload":{}}
2025-12-01 11:26:39.409 [INFO] [API_RESPONSE] [24dcd24d-3679-4882-be74-ecac2304941a] ::ffff:127.0.0.1 [GET] /metrics 2ms 200 Response: GET /metrics 200 2ms {"payload":{}}
2025-12-01T04:26:44.408Z [INFO] [REQUEST_MIDDLEWARE] [3c20c316-b5f5-467f-9ce4-044de80aeb7f] ::ffff:127.0.0.1 [GET] /metrics Incoming request {"userAgent":"Prometheus/3.7.3"}
2025-12-01 11:26:44.408 [INFO] [API_REQUEST] [3c20c316-b5f5-467f-9ce4-044de80aeb7f] ::ffff:127.0.0.1 [GET] /metrics Incoming Request: GET /metrics {"payload":{}}
2025-12-01 11:26:44.410 [INFO] [API_RESPONSE] [3c20c316-b5f5-467f-9ce4-044de80aeb7f] ::ffff:127.0.0.1 [GET] /metrics 2ms 200 Response: GET /metrics 200 2ms {"payload":{}}
2025-12-01T04:26:49.407Z [INFO] [REQUEST_MIDDLEWARE] [76af1753-9959-4db8-836e-6768f7184d57] ::ffff:127.0.0.1 [GET] /metrics Incoming request {"userAgent":"Prometheus/3.7.3"}
2025-12-01 11:26:49.407 [INFO] [API_REQUEST] [76af1753-9959-4db8-836e-6768f7184d57] ::ffff:127.0.0.1 [GET] /metrics Incoming Request: GET /metrics {"payload":{}}
2025-12-01 11:26:49.409 [INFO] [API_RESPONSE] [76af1753-9959-4db8-836e-6768f7184d57] ::ffff:127.0.0.1 [GET] /metrics 2ms 200 Response: GET /metrics 200 2ms {"payload":{}}
2025-12-01T04:26:54.407Z [INFO] [REQUEST_MIDDLEWARE] [b2e9d130-6904-4df7-8ff2-69e1a8d8392e] ::ffff:127.0.0.1 [GET] /metrics Incoming request {"userAgent":"Prometheus/3.7.3"}
2025-12-01 11:26:54.407 [INFO] [API_REQUEST] [b2e9d130-6904-4df7-8ff2-69e1a8d8392e] ::ffff:127.0.0.1 [GET] /metrics Incoming Request: GET /metrics {"payload":{}}
2025-12-01 11:26:54.409 [INFO] [API_RESPONSE] [b2e9d130-6904-4df7-8ff2-69e1a8d8392e] ::ffff:127.0.0.1 [GET] /metrics 2ms 200 Response: GET /metrics 200 2ms {"payload":{}}
2025-12-01T04:26:59.407Z [INFO] [REQUEST_MIDDLEWARE] [4da98593-b8c7-47b5-81f2-e6de7801fbec] ::ffff:127.0.0.1 [GET] /metrics Incoming request {"userAgent":"Prometheus/3.7.3"}
2025-12-01 11:26:59.408 [INFO] [API_REQUEST] [4da98593-b8c7-47b5-81f2-e6de7801fbec] ::ffff:127.0.0.1 [GET] /metrics Incoming Request: GET /metrics {"payload":{}}
2025-12-01 11:26:59.409 [INFO] [API_RESPONSE] [4da98593-b8c7-47b5-81f2-e6de7801fbec] ::ffff:127.0.0.1 [GET] /metrics 1ms 200 Response: GET /metrics 200 1ms {"payload":{}}
2025-12-01T04:27:04.408Z [INFO] [REQUEST_MIDDLEWARE] [7bee3680-9008-4f56-90c4-ced132c578f9] ::ffff:127.0.0.1 [GET] /metrics Incoming request {"userAgent":"Prometheus/3.7.3"}
2025-12-01 11:27:04.408 [INFO] [API_REQUEST] [7bee3680-9008-4f56-90c4-ced132c578f9] ::ffff:127.0.0.1 [GET] /metrics Incoming Request: GET /metrics {"payload":{}}
2025-12-01 11:27:04.410 [INFO] [API_RESPONSE] [7bee3680-9008-4f56-90c4-ced132c578f9] ::ffff:127.0.0.1 [GET] /metrics 2ms 200 Response: GET /metrics 200 2ms {"payload":{}}
2025-12-01T04:27:09.410Z [INFO] [REQUEST_MIDDLEWARE] [619eb059-385c-4553-ac62-b907f7ff8d9b] ::ffff:127.0.0.1 [GET] /metrics Incoming request {"userAgent":"Prometheus/3.7.3"}
2025-12-01 11:27:09.412 [INFO] [API_REQUEST] [619eb059-385c-4553-ac62-b907f7ff8d9b] ::ffff:127.0.0.1 [GET] /metrics Incoming Request: GET /metrics {"payload":{}}
2025-12-01 11:27:09.414 [INFO] [API_RESPONSE] [619eb059-385c-4553-ac62-b907f7ff8d9b] ::ffff:127.0.0.1 [GET] /metrics 2ms 200 Response: GET /metrics 200 2ms {"payload":{}}
2025-12-01T04:27:14.408Z [INFO] [REQUEST_MIDDLEWARE] [2666a5ae-4107-4364-b94f-24dc46b9f4fb] ::ffff:127.0.0.1 [GET] /metrics Incoming request {"userAgent":"Prometheus/3.7.3"}
2025-12-01 11:27:14.408 [INFO] [API_REQUEST] [2666a5ae-4107-4364-b94f-24dc46b9f4fb] ::ffff:127.0.0.1 [GET] /metrics Incoming Request: GET /metrics {"payload":{}}
2025-12-01 11:27:14.409 [INFO] [API_RESPONSE] [2666a5ae-4107-4364-b94f-24dc46b9f4fb] ::ffff:127.0.0.1 [GET] /metrics 1ms 200 Response: GET /metrics 200 1ms {"payload":{}}
2025-12-01T04:27:19.407Z [INFO] [REQUEST_MIDDLEWARE] [9f8dce11-1bd0-4719-ab51-eb910f663bec] ::ffff:127.0.0.1 [GET] /metrics Incoming request {"userAgent":"Prometheus/3.7.3"}
2025-12-01 11:27:19.408 [INFO] [API_REQUEST] [9f8dce11-1bd0-4719-ab51-eb910f663bec] ::ffff:127.0.0.1 [GET] /metrics Incoming Request: GET /metrics {"payload":{}}
2025-12-01 11:27:19.410 [INFO] [API_RESPONSE] [9f8dce11-1bd0-4719-ab51-eb910f663bec] ::ffff:127.0.0.1 [GET] /metrics 2ms 200 Response: GET /metrics 200 2ms {"payload":{}}
2025-12-01T04:27:24.407Z [INFO] [REQUEST_MIDDLEWARE] [6fcf2aa7-6ab8-4a7f-bdd4-8b7ab21d33a9] ::ffff:127.0.0.1 [GET] /metrics Incoming request {"userAgent":"Prometheus/3.7.3"}
2025-12-01 11:27:24.408 [INFO] [API_REQUEST] [6fcf2aa7-6ab8-4a7f-bdd4-8b7ab21d33a9] ::ffff:127.0.0.1 [GET] /metrics Incoming Request: GET /metrics {"payload":{}}
2025-12-01 11:27:24.409 [INFO] [API_RESPONSE] [6fcf2aa7-6ab8-4a7f-bdd4-8b7ab21d33a9] ::ffff:127.0.0.1 [GET] /metrics 1ms 200 Response: GET /metrics 200 1ms {"payload":{}}
2025-12-01T04:27:29.408Z [INFO] [REQUEST_MIDDLEWARE] [a1c551d9-164c-496e-b8a6-779b929796ab] ::ffff:127.0.0.1 [GET] /metrics Incoming request {"userAgent":"Prometheus/3.7.3"}
2025-12-01 11:27:29.408 [INFO] [API_REQUEST] [a1c551d9-164c-496e-b8a6-779b929796ab] ::ffff:127.0.0.1 [GET] /metrics Incoming Request: GET /metrics {"payload":{}}
2025-12-01 11:27:29.410 [INFO] [API_RESPONSE] [a1c551d9-164c-496e-b8a6-779b929796ab] ::ffff:127.0.0.1 [GET] /metrics 2ms 200 Response: GET /metrics 200 2ms {"payload":{}}
2025-12-01T04:27:34.407Z [INFO] [REQUEST_MIDDLEWARE] [50ddaf1a-a7c9-40a7-b8cc-4a834156d289] ::ffff:127.0.0.1 [GET] /metrics Incoming request {"userAgent":"Prometheus/3.7.3"}
2025-12-01 11:27:34.408 [INFO] [API_REQUEST] [50ddaf1a-a7c9-40a7-b8cc-4a834156d289] ::ffff:127.0.0.1 [GET] /metrics Incoming Request: GET /metrics {"payload":{}}
2025-12-01 11:27:34.410 [INFO] [API_RESPONSE] [50ddaf1a-a7c9-40a7-b8cc-4a834156d289] ::ffff:127.0.0.1 [GET] /metrics 2ms 200 Response: GET /metrics 200 2ms {"payload":{}}
2025-12-01T04:27:39.408Z [INFO] [REQUEST_MIDDLEWARE] [fd90acc3-e800-4c7d-8573-90854eb5c0c5] ::ffff:127.0.0.1 [GET] /metrics Incoming request {"userAgent":"Prometheus/3.7.3"}
2025-12-01 11:27:39.408 [INFO] [API_REQUEST] [fd90acc3-e800-4c7d-8573-90854eb5c0c5] ::ffff:127.0.0.1 [GET] /metrics Incoming Request: GET /metrics {"payload":{}}
2025-12-01 11:27:39.410 [INFO] [API_RESPONSE] [fd90acc3-e800-4c7d-8573-90854eb5c0c5] ::ffff:127.0.0.1 [GET] /metrics 2ms 200 Response: GET /metrics 200 2ms {"payload":{}}
2025-12-01T04:27:44.408Z [INFO] [REQUEST_MIDDLEWARE] [882892ec-469e-4c48-bafd-85fe139942fc] ::ffff:127.0.0.1 [GET] /metrics Incoming request {"userAgent":"Prometheus/3.7.3"}
2025-12-01 11:27:44.409 [INFO] [API_REQUEST] [882892ec-469e-4c48-bafd-85fe139942fc] ::ffff:127.0.0.1 [GET] /metrics Incoming Request: GET /metrics {"payload":{}}
2025-12-01 11:27:44.410 [INFO] [API_RESPONSE] [882892ec-469e-4c48-bafd-85fe139942fc] ::ffff:127.0.0.1 [GET] /metrics 1ms 200 Response: GET /metrics 200 1ms {"payload":{}}
2025-12-01T04:27:49.407Z [INFO] [REQUEST_MIDDLEWARE] [68bc3942-b150-4d1d-a02a-687be03b1d9a] ::ffff:127.0.0.1 [GET] /metrics Incoming request {"userAgent":"Prometheus/3.7.3"}
2025-12-01 11:27:49.408 [INFO] [API_REQUEST] [68bc3942-b150-4d1d-a02a-687be03b1d9a] ::ffff:127.0.0.1 [GET] /metrics Incoming Request: GET /metrics {"payload":{}}
2025-12-01 11:27:49.409 [INFO] [API_RESPONSE] [68bc3942-b150-4d1d-a02a-687be03b1d9a] ::ffff:127.0.0.1 [GET] /metrics 1ms 200 Response: GET /metrics 200 1ms {"payload":{}}
2025-12-01T04:27:54.408Z [INFO] [REQUEST_MIDDLEWARE] [c3969ec5-ff68-4d87-a130-3545653be145] ::ffff:127.0.0.1 [GET] /metrics Incoming request {"userAgent":"Prometheus/3.7.3"}
2025-12-01 11:27:54.408 [INFO] [API_REQUEST] [c3969ec5-ff68-4d87-a130-3545653be145] ::ffff:127.0.0.1 [GET] /metrics Incoming Request: GET /metrics {"payload":{}}
2025-12-01 11:27:54.410 [INFO] [API_RESPONSE] [c3969ec5-ff68-4d87-a130-3545653be145] ::ffff:127.0.0.1 [GET] /metrics 2ms 200 Response: GET /metrics 200 2ms {"payload":{}}
2025-12-01T04:27:59.408Z [INFO] [REQUEST_MIDDLEWARE] [e3d5a5f9-4e12-4d39-abd1-f465cf88e1a5] ::ffff:127.0.0.1 [GET] /metrics Incoming request {"userAgent":"Prometheus/3.7.3"}
2025-12-01 11:27:59.408 [INFO] [API_REQUEST] [e3d5a5f9-4e12-4d39-abd1-f465cf88e1a5] ::ffff:127.0.0.1 [GET] /metrics Incoming Request: GET /metrics {"payload":{}}
2025-12-01 11:27:59.410 [INFO] [API_RESPONSE] [e3d5a5f9-4e12-4d39-abd1-f465cf88e1a5] ::ffff:127.0.0.1 [GET] /metrics 2ms 200 Response: GET /metrics 200 2ms {"payload":{}}
2025-12-01T04:28:04.408Z [INFO] [REQUEST_MIDDLEWARE] [3398f0ef-8f85-4710-be37-5f58b5e2c6c6] ::ffff:127.0.0.1 [GET] /metrics Incoming request {"userAgent":"Prometheus/3.7.3"}
2025-12-01 11:28:04.408 [INFO] [API_REQUEST] [3398f0ef-8f85-4710-be37-5f58b5e2c6c6] ::ffff:127.0.0.1 [GET] /metrics Incoming Request: GET /metrics {"payload":{}}
2025-12-01 11:28:04.410 [INFO] [API_RESPONSE] [3398f0ef-8f85-4710-be37-5f58b5e2c6c6] ::ffff:127.0.0.1 [GET] /metrics 2ms 200 Response: GET /metrics 200 2ms {"payload":{}}
2025-12-01T04:28:09.408Z [INFO] [REQUEST_MIDDLEWARE] [c0722b89-3940-4bd1-b234-49af332cc644] ::ffff:127.0.0.1 [GET] /metrics Incoming request {"userAgent":"Prometheus/3.7.3"}
2025-12-01 11:28:09.408 [INFO] [API_REQUEST] [c0722b89-3940-4bd1-b234-49af332cc644] ::ffff:127.0.0.1 [GET] /metrics Incoming Request: GET /metrics {"payload":{}}
2025-12-01 11:28:09.410 [INFO] [API_RESPONSE] [c0722b89-3940-4bd1-b234-49af332cc644] ::ffff:127.0.0.1 [GET] /metrics 2ms 200 Response: GET /metrics 200 2ms {"payload":{}}
2025-12-01T04:28:14.409Z [INFO] [REQUEST_MIDDLEWARE] [6b91cea5-6526-4ef5-82d0-ce8b5d6c6f42] ::ffff:127.0.0.1 [GET] /metrics Incoming request {"userAgent":"Prometheus/3.7.3"}
2025-12-01 11:28:14.409 [INFO] [API_REQUEST] [6b91cea5-6526-4ef5-82d0-ce8b5d6c6f42] ::ffff:127.0.0.1 [GET] /metrics Incoming Request: GET /metrics {"payload":{}}
2025-12-01 11:28:14.410 [INFO] [API_RESPONSE] [6b91cea5-6526-4ef5-82d0-ce8b5d6c6f42] ::ffff:127.0.0.1 [GET] /metrics 1ms 200 Response: GET /metrics 200 1ms {"payload":{}}
2025-12-01T04:28:19.409Z [INFO] [REQUEST_MIDDLEWARE] [b0ff5eed-a39e-4512-a4c5-8c64a8914a93] ::ffff:127.0.0.1 [GET] /metrics Incoming request {"userAgent":"Prometheus/3.7.3"}
2025-12-01 11:28:19.410 [INFO] [API_REQUEST] [b0ff5eed-a39e-4512-a4c5-8c64a8914a93] ::ffff:127.0.0.1 [GET] /metrics Incoming Request: GET /metrics {"payload":{}}
2025-12-01 11:28:19.412 [INFO] [API_RESPONSE] [b0ff5eed-a39e-4512-a4c5-8c64a8914a93] ::ffff:127.0.0.1 [GET] /metrics 2ms 200 Response: GET /metrics 200 2ms {"payload":{}}
2025-12-01T04:28:24.408Z [INFO] [REQUEST_MIDDLEWARE] [3cf03ea2-a7bb-4603-8d0f-757ddb94e298] ::ffff:127.0.0.1 [GET] /metrics Incoming request {"userAgent":"Prometheus/3.7.3"}
2025-12-01 11:28:24.408 [INFO] [API_REQUEST] [3cf03ea2-a7bb-4603-8d0f-757ddb94e298] ::ffff:127.0.0.1 [GET] /metrics Incoming Request: GET /metrics {"payload":{}}
2025-12-01 11:28:24.410 [INFO] [API_RESPONSE] [3cf03ea2-a7bb-4603-8d0f-757ddb94e298] ::ffff:127.0.0.1 [GET] /metrics 2ms 200 Response: GET /metrics 200 2ms {"payload":{}}
2025-12-01T04:28:29.408Z [INFO] [REQUEST_MIDDLEWARE] [1a938ae9-55cb-4c9d-84f1-a3a557d039b5] ::ffff:127.0.0.1 [GET] /metrics Incoming request {"userAgent":"Prometheus/3.7.3"}
2025-12-01 11:28:29.408 [INFO] [API_REQUEST] [1a938ae9-55cb-4c9d-84f1-a3a557d039b5] ::ffff:127.0.0.1 [GET] /metrics Incoming Request: GET /metrics {"payload":{}}
2025-12-01 11:28:29.410 [INFO] [API_RESPONSE] [1a938ae9-55cb-4c9d-84f1-a3a557d039b5] ::ffff:127.0.0.1 [GET] /metrics 2ms 200 Response: GET /metrics 200 2ms {"payload":{}}
2025-12-01T04:28:34.408Z [INFO] [REQUEST_MIDDLEWARE] [72e544a5-e1b3-44a3-8188-d9bfb7d6ea7b] ::ffff:127.0.0.1 [GET] /metrics Incoming request {"userAgent":"Prometheus/3.7.3"}
2025-12-01 11:28:34.409 [INFO] [API_REQUEST] [72e544a5-e1b3-44a3-8188-d9bfb7d6ea7b] ::ffff:127.0.0.1 [GET] /metrics Incoming Request: GET /metrics {"payload":{}}
2025-12-01 11:28:34.410 [INFO] [API_RESPONSE] [72e544a5-e1b3-44a3-8188-d9bfb7d6ea7b] ::ffff:127.0.0.1 [GET] /metrics 1ms 200 Response: GET /metrics 200 1ms {"payload":{}}
2025-12-01T04:28:39.407Z [INFO] [REQUEST_MIDDLEWARE] [fe4bba5c-6540-4001-85a0-42b9b8ad08c2] ::ffff:127.0.0.1 [GET] /metrics Incoming request {"userAgent":"Prometheus/3.7.3"}
2025-12-01 11:28:39.408 [INFO] [API_REQUEST] [fe4bba5c-6540-4001-85a0-42b9b8ad08c2] ::ffff:127.0.0.1 [GET] /metrics Incoming Request: GET /metrics {"payload":{}}
2025-12-01 11:28:39.409 [INFO] [API_RESPONSE] [fe4bba5c-6540-4001-85a0-42b9b8ad08c2] ::ffff:127.0.0.1 [GET] /metrics 1ms 200 Response: GET /metrics 200 1ms {"payload":{}}
2025-12-01T04:28:44.408Z [INFO] [REQUEST_MIDDLEWARE] [5faf65a3-3098-47c4-b380-6bdf73a68360] ::ffff:127.0.0.1 [GET] /metrics Incoming request {"userAgent":"Prometheus/3.7.3"}
2025-12-01 11:28:44.408 [INFO] [API_REQUEST] [5faf65a3-3098-47c4-b380-6bdf73a68360] ::ffff:127.0.0.1 [GET] /metrics Incoming Request: GET /metrics {"payload":{}}
2025-12-01 11:28:44.410 [INFO] [API_RESPONSE] [5faf65a3-3098-47c4-b380-6bdf73a68360] ::ffff:127.0.0.1 [GET] /metrics 2ms 200 Response: GET /metrics 200 2ms {"payload":{}}
2025-12-01T04:28:49.408Z [INFO] [REQUEST_MIDDLEWARE] [5770f5d1-3447-4123-b66c-c1b2a90e32fe] ::ffff:127.0.0.1 [GET] /metrics Incoming request {"userAgent":"Prometheus/3.7.3"}
2025-12-01 11:28:49.409 [INFO] [API_REQUEST] [5770f5d1-3447-4123-b66c-c1b2a90e32fe] ::ffff:127.0.0.1 [GET] /metrics Incoming Request: GET /metrics {"payload":{}}
2025-12-01 11:28:49.410 [INFO] [API_RESPONSE] [5770f5d1-3447-4123-b66c-c1b2a90e32fe] ::ffff:127.0.0.1 [GET] /metrics 1ms 200 Response: GET /metrics 200 1ms {"payload":{}}
2025-12-01T04:28:54.408Z [INFO] [REQUEST_MIDDLEWARE] [b5dfe0a1-c926-49e3-a74b-25bd54ceeba7] ::ffff:127.0.0.1 [GET] /metrics Incoming request {"userAgent":"Prometheus/3.7.3"}
2025-12-01 11:28:54.409 [INFO] [API_REQUEST] [b5dfe0a1-c926-49e3-a74b-25bd54ceeba7] ::ffff:127.0.0.1 [GET] /metrics Incoming Request: GET /metrics {"payload":{}}
2025-12-01 11:28:54.411 [INFO] [API_RESPONSE] [b5dfe0a1-c926-49e3-a74b-25bd54ceeba7] ::ffff:127.0.0.1 [GET] /metrics 2ms 200 Response: GET /metrics 200 2ms {"payload":{}}
2025-12-01T04:28:59.408Z [INFO] [REQUEST_MIDDLEWARE] [643bcf48-ee2b-4ca4-9f75-3e17a6a1f31f] ::ffff:127.0.0.1 [GET] /metrics Incoming request {"userAgent":"Prometheus/3.7.3"}
2025-12-01 11:28:59.409 [INFO] [API_REQUEST] [643bcf48-ee2b-4ca4-9f75-3e17a6a1f31f] ::ffff:127.0.0.1 [GET] /metrics Incoming Request: GET /metrics {"payload":{}}
2025-12-01 11:28:59.411 [INFO] [API_RESPONSE] [643bcf48-ee2b-4ca4-9f75-3e17a6a1f31f] ::ffff:127.0.0.1 [GET] /metrics 2ms 200 Response: GET /metrics 200 2ms {"payload":{}}
2025-12-01T04:29:04.408Z [INFO] [REQUEST_MIDDLEWARE] [3c343aec-6650-4651-8d4c-701fa00a2a78] ::ffff:127.0.0.1 [GET] /metrics Incoming request {"userAgent":"Prometheus/3.7.3"}
2025-12-01 11:29:04.408 [INFO] [API_REQUEST] [3c343aec-6650-4651-8d4c-701fa00a2a78] ::ffff:127.0.0.1 [GET] /metrics Incoming Request: GET /metrics {"payload":{}}
2025-12-01 11:29:04.410 [INFO] [API_RESPONSE] [3c343aec-6650-4651-8d4c-701fa00a2a78] ::ffff:127.0.0.1 [GET] /metrics 2ms 200 Response: GET /metrics 200 2ms {"payload":{}}
2025-12-01T04:29:09.411Z [INFO] [REQUEST_MIDDLEWARE] [47d97b8c-3902-4a2a-9c84-ea8b133821f5] ::ffff:127.0.0.1 [GET] /metrics Incoming request {"userAgent":"Prometheus/3.7.3"}
2025-12-01 11:29:09.412 [INFO] [API_REQUEST] [47d97b8c-3902-4a2a-9c84-ea8b133821f5] ::ffff:127.0.0.1 [GET] /metrics Incoming Request: GET /metrics {"payload":{}}
2025-12-01 11:29:09.417 [INFO] [API_RESPONSE] [47d97b8c-3902-4a2a-9c84-ea8b133821f5] ::ffff:127.0.0.1 [GET] /metrics 5ms 200 Response: GET /metrics 200 5ms {"payload":{}}
2025-12-01T04:29:14.408Z [INFO] [REQUEST_MIDDLEWARE] [8b653edc-6926-432c-8214-24836e1e3509] ::ffff:127.0.0.1 [GET] /metrics Incoming request {"userAgent":"Prometheus/3.7.3"}
2025-12-01 11:29:14.409 [INFO] [API_REQUEST] [8b653edc-6926-432c-8214-24836e1e3509] ::ffff:127.0.0.1 [GET] /metrics Incoming Request: GET /metrics {"payload":{}}
2025-12-01 11:29:14.410 [INFO] [API_RESPONSE] [8b653edc-6926-432c-8214-24836e1e3509] ::ffff:127.0.0.1 [GET] /metrics 1ms 200 Response: GET /metrics 200 1ms {"payload":{}}
2025-12-01T04:29:19.406Z [INFO] [REQUEST_MIDDLEWARE] [f5594bbb-91c1-4deb-849c-2d02608bf7ef] ::ffff:127.0.0.1 [GET] /metrics Incoming request {"userAgent":"Prometheus/3.7.3"}
2025-12-01 11:29:19.407 [INFO] [API_REQUEST] [f5594bbb-91c1-4deb-849c-2d02608bf7ef] ::ffff:127.0.0.1 [GET] /metrics Incoming Request: GET /metrics {"payload":{}}
2025-12-01 11:29:19.408 [INFO] [API_RESPONSE] [f5594bbb-91c1-4deb-849c-2d02608bf7ef] ::ffff:127.0.0.1 [GET] /metrics 1ms 200 Response: GET /metrics 200 1ms {"payload":{}}
2025-12-01T04:29:24.408Z [INFO] [REQUEST_MIDDLEWARE] [ae01c28d-42af-4881-a693-b42808188f09] ::ffff:127.0.0.1 [GET] /metrics Incoming request {"userAgent":"Prometheus/3.7.3"}
2025-12-01 11:29:24.409 [INFO] [API_REQUEST] [ae01c28d-42af-4881-a693-b42808188f09] ::ffff:127.0.0.1 [GET] /metrics Incoming Request: GET /metrics {"payload":{}}
2025-12-01 11:29:24.410 [INFO] [API_RESPONSE] [ae01c28d-42af-4881-a693-b42808188f09] ::ffff:127.0.0.1 [GET] /metrics 1ms 200 Response: GET /metrics 200 1ms {"payload":{}}
2025-12-01T04:29:29.407Z [INFO] [REQUEST_MIDDLEWARE] [57cab5a1-6dbf-44ba-910c-d1c2f1bd1cdd] ::ffff:127.0.0.1 [GET] /metrics Incoming request {"userAgent":"Prometheus/3.7.3"}
2025-12-01 11:29:29.408 [INFO] [API_REQUEST] [57cab5a1-6dbf-44ba-910c-d1c2f1bd1cdd] ::ffff:127.0.0.1 [GET] /metrics Incoming Request: GET /metrics {"payload":{}}
2025-12-01 11:29:29.410 [INFO] [API_RESPONSE] [57cab5a1-6dbf-44ba-910c-d1c2f1bd1cdd] ::ffff:127.0.0.1 [GET] /metrics 2ms 200 Response: GET /metrics 200 2ms {"payload":{}}
2025-12-01T04:29:34.409Z [INFO] [REQUEST_MIDDLEWARE] [2bd30b18-255d-4a54-8c11-fb918b901716] ::ffff:127.0.0.1 [GET] /metrics Incoming request {"userAgent":"Prometheus/3.7.3"}
2025-12-01 11:29:34.409 [INFO] [API_REQUEST] [2bd30b18-255d-4a54-8c11-fb918b901716] ::ffff:127.0.0.1 [GET] /metrics Incoming Request: GET /metrics {"payload":{}}
2025-12-01 11:29:34.410 [INFO] [API_RESPONSE] [2bd30b18-255d-4a54-8c11-fb918b901716] ::ffff:127.0.0.1 [GET] /metrics 1ms 200 Response: GET /metrics 200 1ms {"payload":{}}
2025-12-01T04:29:39.407Z [INFO] [REQUEST_MIDDLEWARE] [9e98ebfb-4122-4cd3-bf44-0b76c18d6ccf] ::ffff:127.0.0.1 [GET] /metrics Incoming request {"userAgent":"Prometheus/3.7.3"}
2025-12-01 11:29:39.408 [INFO] [API_REQUEST] [9e98ebfb-4122-4cd3-bf44-0b76c18d6ccf] ::ffff:127.0.0.1 [GET] /metrics Incoming Request: GET /metrics {"payload":{}}
2025-12-01 11:29:39.409 [INFO] [API_RESPONSE] [9e98ebfb-4122-4cd3-bf44-0b76c18d6ccf] ::ffff:127.0.0.1 [GET] /metrics 1ms 200 Response: GET /metrics 200 1ms {"payload":{}}
2025-12-01T04:29:44.407Z [INFO] [REQUEST_MIDDLEWARE] [d9b1605a-e74a-47c6-aa3f-6340e3282f61] ::ffff:127.0.0.1 [GET] /metrics Incoming request {"userAgent":"Prometheus/3.7.3"}
2025-12-01 11:29:44.407 [INFO] [API_REQUEST] [d9b1605a-e74a-47c6-aa3f-6340e3282f61] ::ffff:127.0.0.1 [GET] /metrics Incoming Request: GET /metrics {"payload":{}}
2025-12-01 11:29:44.409 [INFO] [API_RESPONSE] [d9b1605a-e74a-47c6-aa3f-6340e3282f61] ::ffff:127.0.0.1 [GET] /metrics 2ms 200 Response: GET /metrics 200 2ms {"payload":{}}
2025-12-01T04:29:49.407Z [INFO] [REQUEST_MIDDLEWARE] [acb3669f-915f-4c57-a707-d330eaa55c59] ::ffff:127.0.0.1 [GET] /metrics Incoming request {"userAgent":"Prometheus/3.7.3"}
2025-12-01 11:29:49.407 [INFO] [API_REQUEST] [acb3669f-915f-4c57-a707-d330eaa55c59] ::ffff:127.0.0.1 [GET] /metrics Incoming Request: GET /metrics {"payload":{}}
2025-12-01 11:29:49.409 [INFO] [API_RESPONSE] [acb3669f-915f-4c57-a707-d330eaa55c59] ::ffff:127.0.0.1 [GET] /metrics 2ms 200 Response: GET /metrics 200 2ms {"payload":{}}
2025-12-01T04:29:54.410Z [INFO] [REQUEST_MIDDLEWARE] [5bff8283-eb7f-4be4-8008-4d6314f36334] ::ffff:127.0.0.1 [GET] /metrics Incoming request {"userAgent":"Prometheus/3.7.3"}
2025-12-01 11:29:54.410 [INFO] [API_REQUEST] [5bff8283-eb7f-4be4-8008-4d6314f36334] ::ffff:127.0.0.1 [GET] /metrics Incoming Request: GET /metrics {"payload":{}}
2025-12-01 11:29:54.414 [INFO] [API_RESPONSE] [5bff8283-eb7f-4be4-8008-4d6314f36334] ::ffff:127.0.0.1 [GET] /metrics 4ms 200 Response: GET /metrics 200 4ms {"payload":{}}
2025-12-01T04:29:59.408Z [INFO] [REQUEST_MIDDLEWARE] [2b6942eb-fd2a-46d5-9483-67b2128ad4c6] ::ffff:127.0.0.1 [GET] /metrics Incoming request {"userAgent":"Prometheus/3.7.3"}
2025-12-01 11:29:59.409 [INFO] [API_REQUEST] [2b6942eb-fd2a-46d5-9483-67b2128ad4c6] ::ffff:127.0.0.1 [GET] /metrics Incoming Request: GET /metrics {"payload":{}}
2025-12-01 11:29:59.411 [INFO] [API_RESPONSE] [2b6942eb-fd2a-46d5-9483-67b2128ad4c6] ::ffff:127.0.0.1 [GET] /metrics 2ms 200 Response: GET /metrics 200 2ms {"payload":{}}
2025-12-01T04:30:04.408Z [INFO] [REQUEST_MIDDLEWARE] [b2774950-32f7-4661-927e-6a5677070130] ::ffff:127.0.0.1 [GET] /metrics Incoming request {"userAgent":"Prometheus/3.7.3"}
2025-12-01 11:30:04.408 [INFO] [API_REQUEST] [b2774950-32f7-4661-927e-6a5677070130] ::ffff:127.0.0.1 [GET] /metrics Incoming Request: GET /metrics {"payload":{}}
2025-12-01 11:30:04.409 [INFO] [API_RESPONSE] [b2774950-32f7-4661-927e-6a5677070130] ::ffff:127.0.0.1 [GET] /metrics 1ms 200 Response: GET /metrics 200 1ms {"payload":{}}
2025-12-01T04:30:09.408Z [INFO] [REQUEST_MIDDLEWARE] [545c0bcd-fd59-4c62-a25f-8311a5281255] ::ffff:127.0.0.1 [GET] /metrics Incoming request {"userAgent":"Prometheus/3.7.3"}
2025-12-01 11:30:09.408 [INFO] [API_REQUEST] [545c0bcd-fd59-4c62-a25f-8311a5281255] ::ffff:127.0.0.1 [GET] /metrics Incoming Request: GET /metrics {"payload":{}}
2025-12-01 11:30:09.410 [INFO] [API_RESPONSE] [545c0bcd-fd59-4c62-a25f-8311a5281255] ::ffff:127.0.0.1 [GET] /metrics 2ms 200 Response: GET /metrics 200 2ms {"payload":{}}
2025-12-01T04:30:14.408Z [INFO] [REQUEST_MIDDLEWARE] [a43260b8-e8cc-4f2c-a1e3-c3921f289e3b] ::ffff:127.0.0.1 [GET] /metrics Incoming request {"userAgent":"Prometheus/3.7.3"}
2025-12-01 11:30:14.408 [INFO] [API_REQUEST] [a43260b8-e8cc-4f2c-a1e3-c3921f289e3b] ::ffff:127.0.0.1 [GET] /metrics Incoming Request: GET /metrics {"payload":{}}
2025-12-01 11:30:14.409 [INFO] [API_RESPONSE] [a43260b8-e8cc-4f2c-a1e3-c3921f289e3b] ::ffff:127.0.0.1 [GET] /metrics 1ms 200 Response: GET /metrics 200 1ms {"payload":{}}
2025-12-01T04:30:19.407Z [INFO] [REQUEST_MIDDLEWARE] [896533a8-bf81-4196-af8a-9ea060cf4d44] ::ffff:127.0.0.1 [GET] /metrics Incoming request {"userAgent":"Prometheus/3.7.3"}
2025-12-01 11:30:19.407 [INFO] [API_REQUEST] [896533a8-bf81-4196-af8a-9ea060cf4d44] ::ffff:127.0.0.1 [GET] /metrics Incoming Request: GET /metrics {"payload":{}}
2025-12-01 11:30:19.410 [INFO] [API_RESPONSE] [896533a8-bf81-4196-af8a-9ea060cf4d44] ::ffff:127.0.0.1 [GET] /metrics 3ms 200 Response: GET /metrics 200 3ms {"payload":{}}
2025-12-01T04:30:24.408Z [INFO] [REQUEST_MIDDLEWARE] [ae44d1d3-bef3-471c-a840-cebae392838e] ::ffff:127.0.0.1 [GET] /metrics Incoming request {"userAgent":"Prometheus/3.7.3"}
2025-12-01 11:30:24.408 [INFO] [API_REQUEST] [ae44d1d3-bef3-471c-a840-cebae392838e] ::ffff:127.0.0.1 [GET] /metrics Incoming Request: GET /metrics {"payload":{}}
2025-12-01 11:30:24.410 [INFO] [API_RESPONSE] [ae44d1d3-bef3-471c-a840-cebae392838e] ::ffff:127.0.0.1 [GET] /metrics 2ms 200 Response: GET /metrics 200 2ms {"payload":{}}
2025-12-01T04:30:29.407Z [INFO] [REQUEST_MIDDLEWARE] [5f8dc9ae-2074-489f-8b8e-81a3e14e9711] ::ffff:127.0.0.1 [GET] /metrics Incoming request {"userAgent":"Prometheus/3.7.3"}
2025-12-01 11:30:29.407 [INFO] [API_REQUEST] [5f8dc9ae-2074-489f-8b8e-81a3e14e9711] ::ffff:127.0.0.1 [GET] /metrics Incoming Request: GET /metrics {"payload":{}}
2025-12-01 11:30:29.409 [INFO] [API_RESPONSE] [5f8dc9ae-2074-489f-8b8e-81a3e14e9711] ::ffff:127.0.0.1 [GET] /metrics 2ms 200 Response: GET /metrics 200 2ms {"payload":{}}
2025-12-01T04:30:34.408Z [INFO] [REQUEST_MIDDLEWARE] [e0d80910-0d86-4fa6-9b20-d82ea8e0b9a7] ::ffff:127.0.0.1 [GET] /metrics Incoming request {"userAgent":"Prometheus/3.7.3"}
2025-12-01 11:30:34.408 [INFO] [API_REQUEST] [e0d80910-0d86-4fa6-9b20-d82ea8e0b9a7] ::ffff:127.0.0.1 [GET] /metrics Incoming Request: GET /metrics {"payload":{}}
2025-12-01 11:30:34.409 [INFO] [API_RESPONSE] [e0d80910-0d86-4fa6-9b20-d82ea8e0b9a7] ::ffff:127.0.0.1 [GET] /metrics 1ms 200 Response: GET /metrics 200 1ms {"payload":{}}
2025-12-01T04:30:39.407Z [INFO] [REQUEST_MIDDLEWARE] [d4e39358-90d6-4ce3-8ada-a8f62baac5ff] ::ffff:127.0.0.1 [GET] /metrics Incoming request {"userAgent":"Prometheus/3.7.3"}
2025-12-01 11:30:39.407 [INFO] [API_REQUEST] [d4e39358-90d6-4ce3-8ada-a8f62baac5ff] ::ffff:127.0.0.1 [GET] /metrics Incoming Request: GET /metrics {"payload":{}}
2025-12-01 11:30:39.409 [INFO] [API_RESPONSE] [d4e39358-90d6-4ce3-8ada-a8f62baac5ff] ::ffff:127.0.0.1 [GET] /metrics 2ms 200 Response: GET /metrics 200 2ms {"payload":{}}
2025-12-01T04:30:44.408Z [INFO] [REQUEST_MIDDLEWARE] [2be943f2-8a09-4312-979c-ed4b11cd6eb3] ::ffff:127.0.0.1 [GET] /metrics Incoming request {"userAgent":"Prometheus/3.7.3"}
2025-12-01 11:30:44.408 [INFO] [API_REQUEST] [2be943f2-8a09-4312-979c-ed4b11cd6eb3] ::ffff:127.0.0.1 [GET] /metrics Incoming Request: GET /metrics {"payload":{}}
2025-12-01 11:30:44.410 [INFO] [API_RESPONSE] [2be943f2-8a09-4312-979c-ed4b11cd6eb3] ::ffff:127.0.0.1 [GET] /metrics 2ms 200 Response: GET /metrics 200 2ms {"payload":{}}
2025-12-01T04:30:49.408Z [INFO] [REQUEST_MIDDLEWARE] [516c9eb0-4d46-4daa-9541-195be5bd3295] ::ffff:127.0.0.1 [GET] /metrics Incoming request {"userAgent":"Prometheus/3.7.3"}
2025-12-01 11:30:49.408 [INFO] [API_REQUEST] [516c9eb0-4d46-4daa-9541-195be5bd3295] ::ffff:127.0.0.1 [GET] /metrics Incoming Request: GET /metrics {"payload":{}}
2025-12-01 11:30:49.410 [INFO] [API_RESPONSE] [516c9eb0-4d46-4daa-9541-195be5bd3295] ::ffff:127.0.0.1 [GET] /metrics 2ms 200 Response: GET /metrics 200 2ms {"payload":{}}
2025-12-01T04:30:54.408Z [INFO] [REQUEST_MIDDLEWARE] [78bf1c2d-6914-4617-abbb-0d2814226d09] ::ffff:127.0.0.1 [GET] /metrics Incoming request {"userAgent":"Prometheus/3.7.3"}
2025-12-01 11:30:54.408 [INFO] [API_REQUEST] [78bf1c2d-6914-4617-abbb-0d2814226d09] ::ffff:127.0.0.1 [GET] /metrics Incoming Request: GET /metrics {"payload":{}}
2025-12-01 11:30:54.410 [INFO] [API_RESPONSE] [78bf1c2d-6914-4617-abbb-0d2814226d09] ::ffff:127.0.0.1 [GET] /metrics 2ms 200 Response: GET /metrics 200 2ms {"payload":{}}
2025-12-01T04:30:59.408Z [INFO] [REQUEST_MIDDLEWARE] [9dec809b-83b2-4b36-8564-355dc44c8d63] ::ffff:127.0.0.1 [GET] /metrics Incoming request {"userAgent":"Prometheus/3.7.3"}
2025-12-01 11:30:59.408 [INFO] [API_REQUEST] [9dec809b-83b2-4b36-8564-355dc44c8d63] ::ffff:127.0.0.1 [GET] /metrics Incoming Request: GET /metrics {"payload":{}}
2025-12-01 11:30:59.409 [INFO] [API_RESPONSE] [9dec809b-83b2-4b36-8564-355dc44c8d63] ::ffff:127.0.0.1 [GET] /metrics 1ms 200 Response: GET /metrics 200 1ms {"payload":{}}
2025-12-01T04:31:04.408Z [INFO] [REQUEST_MIDDLEWARE] [68570e88-db8d-4bb0-997d-09043d631fd2] ::ffff:127.0.0.1 [GET] /metrics Incoming request {"userAgent":"Prometheus/3.7.3"}
2025-12-01 11:31:04.409 [INFO] [API_REQUEST] [68570e88-db8d-4bb0-997d-09043d631fd2] ::ffff:127.0.0.1 [GET] /metrics Incoming Request: GET /metrics {"payload":{}}
2025-12-01 11:31:04.411 [INFO] [API_RESPONSE] [68570e88-db8d-4bb0-997d-09043d631fd2] ::ffff:127.0.0.1 [GET] /metrics 2ms 200 Response: GET /metrics 200 2ms {"payload":{}}
2025-12-01T04:31:09.407Z [INFO] [REQUEST_MIDDLEWARE] [ef614ef7-76e3-42ae-9f75-04879e70d287] ::ffff:127.0.0.1 [GET] /metrics Incoming request {"userAgent":"Prometheus/3.7.3"}
2025-12-01 11:31:09.408 [INFO] [API_REQUEST] [ef614ef7-76e3-42ae-9f75-04879e70d287] ::ffff:127.0.0.1 [GET] /metrics Incoming Request: GET /metrics {"payload":{}}
2025-12-01 11:31:09.409 [INFO] [API_RESPONSE] [ef614ef7-76e3-42ae-9f75-04879e70d287] ::ffff:127.0.0.1 [GET] /metrics 1ms 200 Response: GET /metrics 200 1ms {"payload":{}}
2025-12-01T04:31:14.407Z [INFO] [REQUEST_MIDDLEWARE] [ea3c7b04-4501-42a2-9e62-6e64300677f3] ::ffff:127.0.0.1 [GET] /metrics Incoming request {"userAgent":"Prometheus/3.7.3"}
2025-12-01 11:31:14.408 [INFO] [API_REQUEST] [ea3c7b04-4501-42a2-9e62-6e64300677f3] ::ffff:127.0.0.1 [GET] /metrics Incoming Request: GET /metrics {"payload":{}}
2025-12-01 11:31:14.409 [INFO] [API_RESPONSE] [ea3c7b04-4501-42a2-9e62-6e64300677f3] ::ffff:127.0.0.1 [GET] /metrics 1ms 200 Response: GET /metrics 200 1ms {"payload":{}}
2025-12-01T04:31:19.408Z [INFO] [REQUEST_MIDDLEWARE] [401da967-9e50-4c6b-a285-47233107d45b] ::ffff:127.0.0.1 [GET] /metrics Incoming request {"userAgent":"Prometheus/3.7.3"}
2025-12-01 11:31:19.408 [INFO] [API_REQUEST] [401da967-9e50-4c6b-a285-47233107d45b] ::ffff:127.0.0.1 [GET] /metrics Incoming Request: GET /metrics {"payload":{}}
2025-12-01 11:31:19.410 [INFO] [API_RESPONSE] [401da967-9e50-4c6b-a285-47233107d45b] ::ffff:127.0.0.1 [GET] /metrics 2ms 200 Response: GET /metrics 200 2ms {"payload":{}}
2025-12-01T04:31:24.407Z [INFO] [REQUEST_MIDDLEWARE] [578be903-adef-4495-a02a-8ee43630667f] ::ffff:127.0.0.1 [GET] /metrics Incoming request {"userAgent":"Prometheus/3.7.3"}
2025-12-01 11:31:24.407 [INFO] [API_REQUEST] [578be903-adef-4495-a02a-8ee43630667f] ::ffff:127.0.0.1 [GET] /metrics Incoming Request: GET /metrics {"payload":{}}
2025-12-01 11:31:24.409 [INFO] [API_RESPONSE] [578be903-adef-4495-a02a-8ee43630667f] ::ffff:127.0.0.1 [GET] /metrics 2ms 200 Response: GET /metrics 200 2ms {"payload":{}}
2025-12-01T04:31:29.407Z [INFO] [REQUEST_MIDDLEWARE] [d41ed0ab-ae39-4033-9cb2-0ee0f69263bb] ::ffff:127.0.0.1 [GET] /metrics Incoming request {"userAgent":"Prometheus/3.7.3"}
2025-12-01 11:31:29.407 [INFO] [API_REQUEST] [d41ed0ab-ae39-4033-9cb2-0ee0f69263bb] ::ffff:127.0.0.1 [GET] /metrics Incoming Request: GET /metrics {"payload":{}}
2025-12-01 11:31:29.409 [INFO] [API_RESPONSE] [d41ed0ab-ae39-4033-9cb2-0ee0f69263bb] ::ffff:127.0.0.1 [GET] /metrics 2ms 200 Response: GET /metrics 200 2ms {"payload":{}}
2025-12-01T04:31:34.408Z [INFO] [REQUEST_MIDDLEWARE] [a81b1018-0b86-4422-a16b-44d6a1f84beb] ::ffff:127.0.0.1 [GET] /metrics Incoming request {"userAgent":"Prometheus/3.7.3"}
2025-12-01 11:31:34.408 [INFO] [API_REQUEST] [a81b1018-0b86-4422-a16b-44d6a1f84beb] ::ffff:127.0.0.1 [GET] /metrics Incoming Request: GET /metrics {"payload":{}}
2025-12-01 11:31:34.410 [INFO] [API_RESPONSE] [a81b1018-0b86-4422-a16b-44d6a1f84beb] ::ffff:127.0.0.1 [GET] /metrics 2ms 200 Response: GET /metrics 200 2ms {"payload":{}}
2025-12-01T04:31:39.408Z [INFO] [REQUEST_MIDDLEWARE] [0bc9a389-e60c-4dff-a568-b68b1fadd526] ::ffff:127.0.0.1 [GET] /metrics Incoming request {"userAgent":"Prometheus/3.7.3"}
2025-12-01 11:31:39.408 [INFO] [API_REQUEST] [0bc9a389-e60c-4dff-a568-b68b1fadd526] ::ffff:127.0.0.1 [GET] /metrics Incoming Request: GET /metrics {"payload":{}}
2025-12-01 11:31:39.409 [INFO] [API_RESPONSE] [0bc9a389-e60c-4dff-a568-b68b1fadd526] ::ffff:127.0.0.1 [GET] /metrics 1ms 200 Response: GET /metrics 200 1ms {"payload":{}}
2025-12-01T04:31:44.408Z [INFO] [REQUEST_MIDDLEWARE] [3289d788-c3b2-484e-8cdb-aa64f35f5eb0] ::ffff:127.0.0.1 [GET] /metrics Incoming request {"userAgent":"Prometheus/3.7.3"}
2025-12-01 11:31:44.408 [INFO] [API_REQUEST] [3289d788-c3b2-484e-8cdb-aa64f35f5eb0] ::ffff:127.0.0.1 [GET] /metrics Incoming Request: GET /metrics {"payload":{}}
2025-12-01 11:31:44.410 [INFO] [API_RESPONSE] [3289d788-c3b2-484e-8cdb-aa64f35f5eb0] ::ffff:127.0.0.1 [GET] /metrics 2ms 200 Response: GET /metrics 200 2ms {"payload":{}}
2025-12-01T04:31:49.408Z [INFO] [REQUEST_MIDDLEWARE] [1d7564a3-0163-4fe5-a141-9f163901b292] ::ffff:127.0.0.1 [GET] /metrics Incoming request {"userAgent":"Prometheus/3.7.3"}
2025-12-01 11:31:49.408 [INFO] [API_REQUEST] [1d7564a3-0163-4fe5-a141-9f163901b292] ::ffff:127.0.0.1 [GET] /metrics Incoming Request: GET /metrics {"payload":{}}
2025-12-01 11:31:49.409 [INFO] [API_RESPONSE] [1d7564a3-0163-4fe5-a141-9f163901b292] ::ffff:127.0.0.1 [GET] /metrics 1ms 200 Response: GET /metrics 200 1ms {"payload":{}}
2025-12-01T04:31:54.407Z [INFO] [REQUEST_MIDDLEWARE] [68efb0f4-cb60-4c5b-8a68-889c6338d454] ::ffff:127.0.0.1 [GET] /metrics Incoming request {"userAgent":"Prometheus/3.7.3"}
2025-12-01 11:31:54.408 [INFO] [API_REQUEST] [68efb0f4-cb60-4c5b-8a68-889c6338d454] ::ffff:127.0.0.1 [GET] /metrics Incoming Request: GET /metrics {"payload":{}}
2025-12-01 11:31:54.410 [INFO] [API_RESPONSE] [68efb0f4-cb60-4c5b-8a68-889c6338d454] ::ffff:127.0.0.1 [GET] /metrics 2ms 200 Response: GET /metrics 200 2ms {"payload":{}}
2025-12-01T04:31:59.408Z [INFO] [REQUEST_MIDDLEWARE] [2942baf1-acbd-47dd-9e36-45181fb1f977] ::ffff:127.0.0.1 [GET] /metrics Incoming request {"userAgent":"Prometheus/3.7.3"}
2025-12-01 11:31:59.408 [INFO] [API_REQUEST] [2942baf1-acbd-47dd-9e36-45181fb1f977] ::ffff:127.0.0.1 [GET] /metrics Incoming Request: GET /metrics {"payload":{}}
2025-12-01 11:31:59.410 [INFO] [API_RESPONSE] [2942baf1-acbd-47dd-9e36-45181fb1f977] ::ffff:127.0.0.1 [GET] /metrics 2ms 200 Response: GET /metrics 200 2ms {"payload":{}}
2025-12-01T04:32:04.408Z [INFO] [REQUEST_MIDDLEWARE] [01e3a592-0db4-4059-9d05-0cc29ec76ed6] ::ffff:127.0.0.1 [GET] /metrics Incoming request {"userAgent":"Prometheus/3.7.3"}
2025-12-01 11:32:04.408 [INFO] [API_REQUEST] [01e3a592-0db4-4059-9d05-0cc29ec76ed6] ::ffff:127.0.0.1 [GET] /metrics Incoming Request: GET /metrics {"payload":{}}
2025-12-01 11:32:04.410 [INFO] [API_RESPONSE] [01e3a592-0db4-4059-9d05-0cc29ec76ed6] ::ffff:127.0.0.1 [GET] /metrics 2ms 200 Response: GET /metrics 200 2ms {"payload":{}}
2025-12-01T04:32:09.407Z [INFO] [REQUEST_MIDDLEWARE] [d3c1bbb6-d131-4f4d-87ec-d3c504b7f051] ::ffff:127.0.0.1 [GET] /metrics Incoming request {"userAgent":"Prometheus/3.7.3"}
2025-12-01 11:32:09.407 [INFO] [API_REQUEST] [d3c1bbb6-d131-4f4d-87ec-d3c504b7f051] ::ffff:127.0.0.1 [GET] /metrics Incoming Request: GET /metrics {"payload":{}}
2025-12-01 11:32:09.409 [INFO] [API_RESPONSE] [d3c1bbb6-d131-4f4d-87ec-d3c504b7f051] ::ffff:127.0.0.1 [GET] /metrics 2ms 200 Response: GET /metrics 200 2ms {"payload":{}}
2025-12-01T04:32:14.408Z [INFO] [REQUEST_MIDDLEWARE] [f599cd84-c122-48a3-8c42-ce9468e4deaf] ::ffff:127.0.0.1 [GET] /metrics Incoming request {"userAgent":"Prometheus/3.7.3"}
2025-12-01 11:32:14.409 [INFO] [API_REQUEST] [f599cd84-c122-48a3-8c42-ce9468e4deaf] ::ffff:127.0.0.1 [GET] /metrics Incoming Request: GET /metrics {"payload":{}}
2025-12-01 11:32:14.410 [INFO] [API_RESPONSE] [f599cd84-c122-48a3-8c42-ce9468e4deaf] ::ffff:127.0.0.1 [GET] /metrics 2ms 200 Response: GET /metrics 200 2ms {"payload":{}}
2025-12-01T04:32:19.408Z [INFO] [REQUEST_MIDDLEWARE] [98be04cf-bfe4-4c03-a65b-80ee3a50ad73] ::ffff:127.0.0.1 [GET] /metrics Incoming request {"userAgent":"Prometheus/3.7.3"}
2025-12-01 11:32:19.408 [INFO] [API_REQUEST] [98be04cf-bfe4-4c03-a65b-80ee3a50ad73] ::ffff:127.0.0.1 [GET] /metrics Incoming Request: GET /metrics {"payload":{}}
2025-12-01 11:32:19.410 [INFO] [API_RESPONSE] [98be04cf-bfe4-4c03-a65b-80ee3a50ad73] ::ffff:127.0.0.1 [GET] /metrics 2ms 200 Response: GET /metrics 200 2ms {"payload":{}}
2025-12-01T04:32:24.407Z [INFO] [REQUEST_MIDDLEWARE] [c5f0c7bf-77a6-43ce-a921-ad56f94ef9c2] ::ffff:127.0.0.1 [GET] /metrics Incoming request {"userAgent":"Prometheus/3.7.3"}
2025-12-01 11:32:24.408 [INFO] [API_REQUEST] [c5f0c7bf-77a6-43ce-a921-ad56f94ef9c2] ::ffff:127.0.0.1 [GET] /metrics Incoming Request: GET /metrics {"payload":{}}
2025-12-01 11:32:24.409 [INFO] [API_RESPONSE] [c5f0c7bf-77a6-43ce-a921-ad56f94ef9c2] ::ffff:127.0.0.1 [GET] /metrics 1ms 200 Response: GET /metrics 200 1ms {"payload":{}}
2025-12-01T04:32:29.408Z [INFO] [REQUEST_MIDDLEWARE] [0adbc1b2-eefa-464b-aedd-1c8bb0270604] ::ffff:127.0.0.1 [GET] /metrics Incoming request {"userAgent":"Prometheus/3.7.3"}
2025-12-01 11:32:29.409 [INFO] [API_REQUEST] [0adbc1b2-eefa-464b-aedd-1c8bb0270604] ::ffff:127.0.0.1 [GET] /metrics Incoming Request: GET /metrics {"payload":{}}
2025-12-01 11:32:29.410 [INFO] [API_RESPONSE] [0adbc1b2-eefa-464b-aedd-1c8bb0270604] ::ffff:127.0.0.1 [GET] /metrics 1ms 200 Response: GET /metrics 200 1ms {"payload":{}}
2025-12-01T04:32:34.408Z [INFO] [REQUEST_MIDDLEWARE] [4e69cd39-8357-4a8e-8418-8af775701d59] ::ffff:127.0.0.1 [GET] /metrics Incoming request {"userAgent":"Prometheus/3.7.3"}
2025-12-01 11:32:34.408 [INFO] [API_REQUEST] [4e69cd39-8357-4a8e-8418-8af775701d59] ::ffff:127.0.0.1 [GET] /metrics Incoming Request: GET /metrics {"payload":{}}
2025-12-01 11:32:34.410 [INFO] [API_RESPONSE] [4e69cd39-8357-4a8e-8418-8af775701d59] ::ffff:127.0.0.1 [GET] /metrics 2ms 200 Response: GET /metrics 200 2ms {"payload":{}}
2025-12-01T04:32:39.407Z [INFO] [REQUEST_MIDDLEWARE] [4648fb8b-16e0-4f23-a4de-8f942c145874] ::ffff:127.0.0.1 [GET] /metrics Incoming request {"userAgent":"Prometheus/3.7.3"}
2025-12-01 11:32:39.408 [INFO] [API_REQUEST] [4648fb8b-16e0-4f23-a4de-8f942c145874] ::ffff:127.0.0.1 [GET] /metrics Incoming Request: GET /metrics {"payload":{}}
2025-12-01 11:32:39.409 [INFO] [API_RESPONSE] [4648fb8b-16e0-4f23-a4de-8f942c145874] ::ffff:127.0.0.1 [GET] /metrics 1ms 200 Response: GET /metrics 200 1ms {"payload":{}}
2025-12-01T04:32:44.408Z [INFO] [REQUEST_MIDDLEWARE] [52511b4f-2976-4acb-8e9e-aa907ad002fb] ::ffff:127.0.0.1 [GET] /metrics Incoming request {"userAgent":"Prometheus/3.7.3"}
2025-12-01 11:32:44.408 [INFO] [API_REQUEST] [52511b4f-2976-4acb-8e9e-aa907ad002fb] ::ffff:127.0.0.1 [GET] /metrics Incoming Request: GET /metrics {"payload":{}}
2025-12-01 11:32:44.411 [INFO] [API_RESPONSE] [52511b4f-2976-4acb-8e9e-aa907ad002fb] ::ffff:127.0.0.1 [GET] /metrics 3ms 200 Response: GET /metrics 200 3ms {"payload":{}}
2025-12-01T04:32:49.408Z [INFO] [REQUEST_MIDDLEWARE] [e10756a7-5b66-471d-9af6-bf0e568b6010] ::ffff:127.0.0.1 [GET] /metrics Incoming request {"userAgent":"Prometheus/3.7.3"}
2025-12-01 11:32:49.409 [INFO] [API_REQUEST] [e10756a7-5b66-471d-9af6-bf0e568b6010] ::ffff:127.0.0.1 [GET] /metrics Incoming Request: GET /metrics {"payload":{}}
2025-12-01 11:32:49.411 [INFO] [API_RESPONSE] [e10756a7-5b66-471d-9af6-bf0e568b6010] ::ffff:127.0.0.1 [GET] /metrics 2ms 200 Response: GET /metrics 200 2ms {"payload":{}}
2025-12-01T04:32:54.407Z [INFO] [REQUEST_MIDDLEWARE] [0b74322e-925e-46f6-9238-ceea2b0bedae] ::ffff:127.0.0.1 [GET] /metrics Incoming request {"userAgent":"Prometheus/3.7.3"}
2025-12-01 11:32:54.408 [INFO] [API_REQUEST] [0b74322e-925e-46f6-9238-ceea2b0bedae] ::ffff:127.0.0.1 [GET] /metrics Incoming Request: GET /metrics {"payload":{}}
2025-12-01 11:32:54.409 [INFO] [API_RESPONSE] [0b74322e-925e-46f6-9238-ceea2b0bedae] ::ffff:127.0.0.1 [GET] /metrics 1ms 200 Response: GET /metrics 200 1ms {"payload":{}}
2025-12-01T04:32:59.408Z [INFO] [REQUEST_MIDDLEWARE] [550264e2-6f59-4fe2-9ef6-fc0fcac118a7] ::ffff:127.0.0.1 [GET] /metrics Incoming request {"userAgent":"Prometheus/3.7.3"}
2025-12-01 11:32:59.408 [INFO] [API_REQUEST] [550264e2-6f59-4fe2-9ef6-fc0fcac118a7] ::ffff:127.0.0.1 [GET] /metrics Incoming Request: GET /metrics {"payload":{}}
2025-12-01 11:32:59.410 [INFO] [API_RESPONSE] [550264e2-6f59-4fe2-9ef6-fc0fcac118a7] ::ffff:127.0.0.1 [GET] /metrics 2ms 200 Response: GET /metrics 200 2ms {"payload":{}}
2025-12-01T04:33:04.407Z [INFO] [REQUEST_MIDDLEWARE] [f7e12ba9-82c7-4b9a-a1ba-cb6bbb56c3b9] ::ffff:127.0.0.1 [GET] /metrics Incoming request {"userAgent":"Prometheus/3.7.3"}
2025-12-01 11:33:04.407 [INFO] [API_REQUEST] [f7e12ba9-82c7-4b9a-a1ba-cb6bbb56c3b9] ::ffff:127.0.0.1 [GET] /metrics Incoming Request: GET /metrics {"payload":{}}
2025-12-01 11:33:04.410 [INFO] [API_RESPONSE] [f7e12ba9-82c7-4b9a-a1ba-cb6bbb56c3b9] ::ffff:127.0.0.1 [GET] /metrics 3ms 200 Response: GET /metrics 200 3ms {"payload":{}}
2025-12-01T04:33:09.408Z [INFO] [REQUEST_MIDDLEWARE] [69ef3826-fd1a-4a19-b69a-d7764dfafdf9] ::ffff:127.0.0.1 [GET] /metrics Incoming request {"userAgent":"Prometheus/3.7.3"}
2025-12-01 11:33:09.408 [INFO] [API_REQUEST] [69ef3826-fd1a-4a19-b69a-d7764dfafdf9] ::ffff:127.0.0.1 [GET] /metrics Incoming Request: GET /metrics {"payload":{}}
2025-12-01 11:33:09.409 [INFO] [API_RESPONSE] [69ef3826-fd1a-4a19-b69a-d7764dfafdf9] ::ffff:127.0.0.1 [GET] /metrics 1ms 200 Response: GET /metrics 200 1ms {"payload":{}}
2025-12-01T04:33:14.407Z [INFO] [REQUEST_MIDDLEWARE] [d738f946-9bae-40ae-bd1d-e39380b7512e] ::ffff:127.0.0.1 [GET] /metrics Incoming request {"userAgent":"Prometheus/3.7.3"}
2025-12-01 11:33:14.408 [INFO] [API_REQUEST] [d738f946-9bae-40ae-bd1d-e39380b7512e] ::ffff:127.0.0.1 [GET] /metrics Incoming Request: GET /metrics {"payload":{}}
2025-12-01 11:33:14.409 [INFO] [API_RESPONSE] [d738f946-9bae-40ae-bd1d-e39380b7512e] ::ffff:127.0.0.1 [GET] /metrics 1ms 200 Response: GET /metrics 200 1ms {"payload":{}}
2025-12-01T04:33:19.408Z [INFO] [REQUEST_MIDDLEWARE] [9345948d-d181-4e18-8ea6-b39248da7f09] ::ffff:127.0.0.1 [GET] /metrics Incoming request {"userAgent":"Prometheus/3.7.3"}
2025-12-01 11:33:19.408 [INFO] [API_REQUEST] [9345948d-d181-4e18-8ea6-b39248da7f09] ::ffff:127.0.0.1 [GET] /metrics Incoming Request: GET /metrics {"payload":{}}
2025-12-01 11:33:19.410 [INFO] [API_RESPONSE] [9345948d-d181-4e18-8ea6-b39248da7f09] ::ffff:127.0.0.1 [GET] /metrics 2ms 200 Response: GET /metrics 200 2ms {"payload":{}}
2025-12-01T04:33:24.408Z [INFO] [REQUEST_MIDDLEWARE] [afc53f79-a37f-4cc5-bcc7-a65ed3ca6b66] ::ffff:127.0.0.1 [GET] /metrics Incoming request {"userAgent":"Prometheus/3.7.3"}
2025-12-01 11:33:24.408 [INFO] [API_REQUEST] [afc53f79-a37f-4cc5-bcc7-a65ed3ca6b66] ::ffff:127.0.0.1 [GET] /metrics Incoming Request: GET /metrics {"payload":{}}
2025-12-01 11:33:24.410 [INFO] [API_RESPONSE] [afc53f79-a37f-4cc5-bcc7-a65ed3ca6b66] ::ffff:127.0.0.1 [GET] /metrics 2ms 200 Response: GET /metrics 200 2ms {"payload":{}}
2025-12-01T04:33:29.408Z [INFO] [REQUEST_MIDDLEWARE] [daf7c2f0-2c4e-428c-baf4-99ab0e0cd480] ::ffff:127.0.0.1 [GET] /metrics Incoming request {"userAgent":"Prometheus/3.7.3"}
2025-12-01 11:33:29.408 [INFO] [API_REQUEST] [daf7c2f0-2c4e-428c-baf4-99ab0e0cd480] ::ffff:127.0.0.1 [GET] /metrics Incoming Request: GET /metrics {"payload":{}}
2025-12-01 11:33:29.410 [INFO] [API_RESPONSE] [daf7c2f0-2c4e-428c-baf4-99ab0e0cd480] ::ffff:127.0.0.1 [GET] /metrics 2ms 200 Response: GET /metrics 200 2ms {"payload":{}}
2025-12-01T04:33:34.406Z [INFO] [REQUEST_MIDDLEWARE] [df92fbe5-e40f-4853-b4d4-59da206e4125] ::ffff:127.0.0.1 [GET] /metrics Incoming request {"userAgent":"Prometheus/3.7.3"}
2025-12-01 11:33:34.407 [INFO] [API_REQUEST] [df92fbe5-e40f-4853-b4d4-59da206e4125] ::ffff:127.0.0.1 [GET] /metrics Incoming Request: GET /metrics {"payload":{}}
2025-12-01 11:33:34.409 [INFO] [API_RESPONSE] [df92fbe5-e40f-4853-b4d4-59da206e4125] ::ffff:127.0.0.1 [GET] /metrics 2ms 200 Response: GET /metrics 200 2ms {"payload":{}}
2025-12-01T04:33:39.408Z [INFO] [REQUEST_MIDDLEWARE] [efd04387-2612-4d12-ac48-2891110affe9] ::ffff:127.0.0.1 [GET] /metrics Incoming request {"userAgent":"Prometheus/3.7.3"}
2025-12-01 11:33:39.408 [INFO] [API_REQUEST] [efd04387-2612-4d12-ac48-2891110affe9] ::ffff:127.0.0.1 [GET] /metrics Incoming Request: GET /metrics {"payload":{}}
2025-12-01 11:33:39.410 [INFO] [API_RESPONSE] [efd04387-2612-4d12-ac48-2891110affe9] ::ffff:127.0.0.1 [GET] /metrics 2ms 200 Response: GET /metrics 200 2ms {"payload":{}}
2025-12-01T04:33:44.408Z [INFO] [REQUEST_MIDDLEWARE] [6c6717fb-a33e-4788-8d93-f08d911cb23c] ::ffff:127.0.0.1 [GET] /metrics Incoming request {"userAgent":"Prometheus/3.7.3"}
2025-12-01 11:33:44.408 [INFO] [API_REQUEST] [6c6717fb-a33e-4788-8d93-f08d911cb23c] ::ffff:127.0.0.1 [GET] /metrics Incoming Request: GET /metrics {"payload":{}}
2025-12-01 11:33:44.410 [INFO] [API_RESPONSE] [6c6717fb-a33e-4788-8d93-f08d911cb23c] ::ffff:127.0.0.1 [GET] /metrics 2ms 200 Response: GET /metrics 200 2ms {"payload":{}}
2025-12-01T04:33:49.408Z [INFO] [REQUEST_MIDDLEWARE] [0987e80f-d147-49d5-8b36-be971f4c41d7] ::ffff:127.0.0.1 [GET] /metrics Incoming request {"userAgent":"Prometheus/3.7.3"}
2025-12-01 11:33:49.408 [INFO] [API_REQUEST] [0987e80f-d147-49d5-8b36-be971f4c41d7] ::ffff:127.0.0.1 [GET] /metrics Incoming Request: GET /metrics {"payload":{}}
2025-12-01 11:33:49.410 [INFO] [API_RESPONSE] [0987e80f-d147-49d5-8b36-be971f4c41d7] ::ffff:127.0.0.1 [GET] /metrics 2ms 200 Response: GET /metrics 200 2ms {"payload":{}}
2025-12-01T04:33:54.408Z [INFO] [REQUEST_MIDDLEWARE] [4c272196-a63c-4849-b000-9277b370e39c] ::ffff:127.0.0.1 [GET] /metrics Incoming request {"userAgent":"Prometheus/3.7.3"}
2025-12-01 11:33:54.408 [INFO] [API_REQUEST] [4c272196-a63c-4849-b000-9277b370e39c] ::ffff:127.0.0.1 [GET] /metrics Incoming Request: GET /metrics {"payload":{}}
2025-12-01 11:33:54.410 [INFO] [API_RESPONSE] [4c272196-a63c-4849-b000-9277b370e39c] ::ffff:127.0.0.1 [GET] /metrics 2ms 200 Response: GET /metrics 200 2ms {"payload":{}}
2025-12-01T04:33:59.408Z [INFO] [REQUEST_MIDDLEWARE] [0e08f535-732b-46e5-8b79-9a212fb33992] ::ffff:127.0.0.1 [GET] /metrics Incoming request {"userAgent":"Prometheus/3.7.3"}
2025-12-01 11:33:59.408 [INFO] [API_REQUEST] [0e08f535-732b-46e5-8b79-9a212fb33992] ::ffff:127.0.0.1 [GET] /metrics Incoming Request: GET /metrics {"payload":{}}
2025-12-01 11:33:59.410 [INFO] [API_RESPONSE] [0e08f535-732b-46e5-8b79-9a212fb33992] ::ffff:127.0.0.1 [GET] /metrics 2ms 200 Response: GET /metrics 200 2ms {"payload":{}}
2025-12-01T04:34:04.408Z [INFO] [REQUEST_MIDDLEWARE] [a3829631-2942-44ee-9223-0010a1c0f3fc] ::ffff:127.0.0.1 [GET] /metrics Incoming request {"userAgent":"Prometheus/3.7.3"}
2025-12-01 11:34:04.408 [INFO] [API_REQUEST] [a3829631-2942-44ee-9223-0010a1c0f3fc] ::ffff:127.0.0.1 [GET] /metrics Incoming Request: GET /metrics {"payload":{}}
2025-12-01 11:34:04.410 [INFO] [API_RESPONSE] [a3829631-2942-44ee-9223-0010a1c0f3fc] ::ffff:127.0.0.1 [GET] /metrics 2ms 200 Response: GET /metrics 200 2ms {"payload":{}}
2025-12-01T04:34:09.407Z [INFO] [REQUEST_MIDDLEWARE] [61953243-411d-4913-8b65-25244109335f] ::ffff:127.0.0.1 [GET] /metrics Incoming request {"userAgent":"Prometheus/3.7.3"}
2025-12-01 11:34:09.408 [INFO] [API_REQUEST] [61953243-411d-4913-8b65-25244109335f] ::ffff:127.0.0.1 [GET] /metrics Incoming Request: GET /metrics {"payload":{}}
2025-12-01 11:34:09.409 [INFO] [API_RESPONSE] [61953243-411d-4913-8b65-25244109335f] ::ffff:127.0.0.1 [GET] /metrics 1ms 200 Response: GET /metrics 200 1ms {"payload":{}}
2025-12-01T04:34:14.407Z [INFO] [REQUEST_MIDDLEWARE] [418fbb48-3229-472a-beb7-ad12b69e442f] ::ffff:127.0.0.1 [GET] /metrics Incoming request {"userAgent":"Prometheus/3.7.3"}
2025-12-01 11:34:14.408 [INFO] [API_REQUEST] [418fbb48-3229-472a-beb7-ad12b69e442f] ::ffff:127.0.0.1 [GET] /metrics Incoming Request: GET /metrics {"payload":{}}
2025-12-01 11:34:14.410 [INFO] [API_RESPONSE] [418fbb48-3229-472a-beb7-ad12b69e442f] ::ffff:127.0.0.1 [GET] /metrics 2ms 200 Response: GET /metrics 200 2ms {"payload":{}}
2025-12-01T04:34:19.408Z [INFO] [REQUEST_MIDDLEWARE] [4a6ad131-7f09-42e5-a312-129090ae9a8c] ::ffff:127.0.0.1 [GET] /metrics Incoming request {"userAgent":"Prometheus/3.7.3"}
2025-12-01 11:34:19.409 [INFO] [API_REQUEST] [4a6ad131-7f09-42e5-a312-129090ae9a8c] ::ffff:127.0.0.1 [GET] /metrics Incoming Request: GET /metrics {"payload":{}}
2025-12-01 11:34:19.410 [INFO] [API_RESPONSE] [4a6ad131-7f09-42e5-a312-129090ae9a8c] ::ffff:127.0.0.1 [GET] /metrics 1ms 200 Response: GET /metrics 200 1ms {"payload":{}}
2025-12-01T04:34:24.408Z [INFO] [REQUEST_MIDDLEWARE] [5ad3c45d-f22d-4575-a4c9-370176ae2cfa] ::ffff:127.0.0.1 [GET] /metrics Incoming request {"userAgent":"Prometheus/3.7.3"}
2025-12-01 11:34:24.408 [INFO] [API_REQUEST] [5ad3c45d-f22d-4575-a4c9-370176ae2cfa] ::ffff:127.0.0.1 [GET] /metrics Incoming Request: GET /metrics {"payload":{}}
2025-12-01 11:34:24.410 [INFO] [API_RESPONSE] [5ad3c45d-f22d-4575-a4c9-370176ae2cfa] ::ffff:127.0.0.1 [GET] /metrics 2ms 200 Response: GET /metrics 200 2ms {"payload":{}}
2025-12-01T04:34:29.408Z [INFO] [REQUEST_MIDDLEWARE] [56d86adf-2e0f-4402-a2f5-25cdc6f0f51c] ::ffff:127.0.0.1 [GET] /metrics Incoming request {"userAgent":"Prometheus/3.7.3"}
2025-12-01 11:34:29.409 [INFO] [API_REQUEST] [56d86adf-2e0f-4402-a2f5-25cdc6f0f51c] ::ffff:127.0.0.1 [GET] /metrics Incoming Request: GET /metrics {"payload":{}}
2025-12-01 11:34:29.410 [INFO] [API_RESPONSE] [56d86adf-2e0f-4402-a2f5-25cdc6f0f51c] ::ffff:127.0.0.1 [GET] /metrics 2ms 200 Response: GET /metrics 200 2ms {"payload":{}}
2025-12-01T04:34:34.408Z [INFO] [REQUEST_MIDDLEWARE] [c32484ba-0adb-4874-85f2-7776827ca949] ::ffff:127.0.0.1 [GET] /metrics Incoming request {"userAgent":"Prometheus/3.7.3"}
2025-12-01 11:34:34.409 [INFO] [API_REQUEST] [c32484ba-0adb-4874-85f2-7776827ca949] ::ffff:127.0.0.1 [GET] /metrics Incoming Request: GET /metrics {"payload":{}}
2025-12-01 11:34:34.410 [INFO] [API_RESPONSE] [c32484ba-0adb-4874-85f2-7776827ca949] ::ffff:127.0.0.1 [GET] /metrics 1ms 200 Response: GET /metrics 200 1ms {"payload":{}}
2025-12-01T04:34:39.407Z [INFO] [REQUEST_MIDDLEWARE] [51a55c3d-7cf7-42e7-8cc8-85104fb309fb] ::ffff:127.0.0.1 [GET] /metrics Incoming request {"userAgent":"Prometheus/3.7.3"}
2025-12-01 11:34:39.407 [INFO] [API_REQUEST] [51a55c3d-7cf7-42e7-8cc8-85104fb309fb] ::ffff:127.0.0.1 [GET] /metrics Incoming Request: GET /metrics {"payload":{}}
2025-12-01 11:34:39.409 [INFO] [API_RESPONSE] [51a55c3d-7cf7-42e7-8cc8-85104fb309fb] ::ffff:127.0.0.1 [GET] /metrics 2ms 200 Response: GET /metrics 200 2ms {"payload":{}}
2025-12-01T04:34:44.408Z [INFO] [REQUEST_MIDDLEWARE] [c0e00f0b-aa89-4180-a676-42da35b0056f] ::ffff:127.0.0.1 [GET] /metrics Incoming request {"userAgent":"Prometheus/3.7.3"}
2025-12-01 11:34:44.409 [INFO] [API_REQUEST] [c0e00f0b-aa89-4180-a676-42da35b0056f] ::ffff:127.0.0.1 [GET] /metrics Incoming Request: GET /metrics {"payload":{}}
2025-12-01 11:34:44.410 [INFO] [API_RESPONSE] [c0e00f0b-aa89-4180-a676-42da35b0056f] ::ffff:127.0.0.1 [GET] /metrics 1ms 200 Response: GET /metrics 200 1ms {"payload":{}}
2025-12-01T04:34:49.407Z [INFO] [REQUEST_MIDDLEWARE] [e034418c-9bb2-4220-8782-281d549295a3] ::ffff:127.0.0.1 [GET] /metrics Incoming request {"userAgent":"Prometheus/3.7.3"}
2025-12-01 11:34:49.407 [INFO] [API_REQUEST] [e034418c-9bb2-4220-8782-281d549295a3] ::ffff:127.0.0.1 [GET] /metrics Incoming Request: GET /metrics {"payload":{}}
2025-12-01 11:34:49.409 [INFO] [API_RESPONSE] [e034418c-9bb2-4220-8782-281d549295a3] ::ffff:127.0.0.1 [GET] /metrics 2ms 200 Response: GET /metrics 200 2ms {"payload":{}}
2025-12-01T04:34:54.408Z [INFO] [REQUEST_MIDDLEWARE] [b460a6f5-0dce-44f2-8d8f-9200dcc414bb] ::ffff:127.0.0.1 [GET] /metrics Incoming request {"userAgent":"Prometheus/3.7.3"}
2025-12-01 11:34:54.408 [INFO] [API_REQUEST] [b460a6f5-0dce-44f2-8d8f-9200dcc414bb] ::ffff:127.0.0.1 [GET] /metrics Incoming Request: GET /metrics {"payload":{}}
2025-12-01 11:34:54.410 [INFO] [API_RESPONSE] [b460a6f5-0dce-44f2-8d8f-9200dcc414bb] ::ffff:127.0.0.1 [GET] /metrics 2ms 200 Response: GET /metrics 200 2ms {"payload":{}}
2025-12-01T04:34:59.408Z [INFO] [REQUEST_MIDDLEWARE] [0ca294f2-87e1-450c-8532-d49efe8c302c] ::ffff:127.0.0.1 [GET] /metrics Incoming request {"userAgent":"Prometheus/3.7.3"}
2025-12-01 11:34:59.408 [INFO] [API_REQUEST] [0ca294f2-87e1-450c-8532-d49efe8c302c] ::ffff:127.0.0.1 [GET] /metrics Incoming Request: GET /metrics {"payload":{}}
2025-12-01 11:34:59.410 [INFO] [API_RESPONSE] [0ca294f2-87e1-450c-8532-d49efe8c302c] ::ffff:127.0.0.1 [GET] /metrics 2ms 200 Response: GET /metrics 200 2ms {"payload":{}}
2025-12-01T04:35:04.408Z [INFO] [REQUEST_MIDDLEWARE] [0d6fc611-9029-4d6c-a1c7-d7fe20097f6c] ::ffff:127.0.0.1 [GET] /metrics Incoming request {"userAgent":"Prometheus/3.7.3"}
2025-12-01 11:35:04.408 [INFO] [API_REQUEST] [0d6fc611-9029-4d6c-a1c7-d7fe20097f6c] ::ffff:127.0.0.1 [GET] /metrics Incoming Request: GET /metrics {"payload":{}}
2025-12-01 11:35:04.410 [INFO] [API_RESPONSE] [0d6fc611-9029-4d6c-a1c7-d7fe20097f6c] ::ffff:127.0.0.1 [GET] /metrics 2ms 200 Response: GET /metrics 200 2ms {"payload":{}}
2025-12-01T04:35:09.407Z [INFO] [REQUEST_MIDDLEWARE] [30c15646-989b-47b1-9467-f071b03d6f84] ::ffff:127.0.0.1 [GET] /metrics Incoming request {"userAgent":"Prometheus/3.7.3"}
2025-12-01 11:35:09.408 [INFO] [API_REQUEST] [30c15646-989b-47b1-9467-f071b03d6f84] ::ffff:127.0.0.1 [GET] /metrics Incoming Request: GET /metrics {"payload":{}}
2025-12-01 11:35:09.409 [INFO] [API_RESPONSE] [30c15646-989b-47b1-9467-f071b03d6f84] ::ffff:127.0.0.1 [GET] /metrics 1ms 200 Response: GET /metrics 200 1ms {"payload":{}}
2025-12-01T04:35:14.408Z [INFO] [REQUEST_MIDDLEWARE] [0851bcc9-ca83-48c6-98c8-da536d6dfad0] ::ffff:127.0.0.1 [GET] /metrics Incoming request {"userAgent":"Prometheus/3.7.3"}
2025-12-01 11:35:14.408 [INFO] [API_REQUEST] [0851bcc9-ca83-48c6-98c8-da536d6dfad0] ::ffff:127.0.0.1 [GET] /metrics Incoming Request: GET /metrics {"payload":{}}
2025-12-01 11:35:14.410 [INFO] [API_RESPONSE] [0851bcc9-ca83-48c6-98c8-da536d6dfad0] ::ffff:127.0.0.1 [GET] /metrics 2ms 200 Response: GET /metrics 200 2ms {"payload":{}}
2025-12-01T04:35:19.408Z [INFO] [REQUEST_MIDDLEWARE] [5151d846-2085-48a8-83f5-0af828db3388] ::ffff:127.0.0.1 [GET] /metrics Incoming request {"userAgent":"Prometheus/3.7.3"}
2025-12-01 11:35:19.408 [INFO] [API_REQUEST] [5151d846-2085-48a8-83f5-0af828db3388] ::ffff:127.0.0.1 [GET] /metrics Incoming Request: GET /metrics {"payload":{}}
2025-12-01 11:35:19.409 [INFO] [API_RESPONSE] [5151d846-2085-48a8-83f5-0af828db3388] ::ffff:127.0.0.1 [GET] /metrics 1ms 200 Response: GET /metrics 200 1ms {"payload":{}}
2025-12-01T04:35:24.408Z [INFO] [REQUEST_MIDDLEWARE] [cb8f5974-fbee-4484-8c5d-8d0a00dfc33b] ::ffff:127.0.0.1 [GET] /metrics Incoming request {"userAgent":"Prometheus/3.7.3"}
2025-12-01 11:35:24.408 [INFO] [API_REQUEST] [cb8f5974-fbee-4484-8c5d-8d0a00dfc33b] ::ffff:127.0.0.1 [GET] /metrics Incoming Request: GET /metrics {"payload":{}}
2025-12-01 11:35:24.410 [INFO] [API_RESPONSE] [cb8f5974-fbee-4484-8c5d-8d0a00dfc33b] ::ffff:127.0.0.1 [GET] /metrics 2ms 200 Response: GET /metrics 200 2ms {"payload":{}}
2025-12-01T04:35:29.408Z [INFO] [REQUEST_MIDDLEWARE] [083a9801-977b-438b-ba50-9ec66ba16ebd] ::ffff:127.0.0.1 [GET] /metrics Incoming request {"userAgent":"Prometheus/3.7.3"}
2025-12-01 11:35:29.409 [INFO] [API_REQUEST] [083a9801-977b-438b-ba50-9ec66ba16ebd] ::ffff:127.0.0.1 [GET] /metrics Incoming Request: GET /metrics {"payload":{}}
2025-12-01 11:35:29.411 [INFO] [API_RESPONSE] [083a9801-977b-438b-ba50-9ec66ba16ebd] ::ffff:127.0.0.1 [GET] /metrics 2ms 200 Response: GET /metrics 200 2ms {"payload":{}}
2025-12-01T04:35:34.407Z [INFO] [REQUEST_MIDDLEWARE] [4794e3bf-21da-4a5b-8ba3-7be3fa1ae994] ::ffff:127.0.0.1 [GET] /metrics Incoming request {"userAgent":"Prometheus/3.7.3"}
2025-12-01 11:35:34.408 [INFO] [API_REQUEST] [4794e3bf-21da-4a5b-8ba3-7be3fa1ae994] ::ffff:127.0.0.1 [GET] /metrics Incoming Request: GET /metrics {"payload":{}}
2025-12-01 11:35:34.410 [INFO] [API_RESPONSE] [4794e3bf-21da-4a5b-8ba3-7be3fa1ae994] ::ffff:127.0.0.1 [GET] /metrics 2ms 200 Response: GET /metrics 200 2ms {"payload":{}}
2025-12-01T04:35:39.408Z [INFO] [REQUEST_MIDDLEWARE] [ba3bb545-d26b-41b5-86fe-62f17c091e9a] ::ffff:127.0.0.1 [GET] /metrics Incoming request {"userAgent":"Prometheus/3.7.3"}
2025-12-01 11:35:39.408 [INFO] [API_REQUEST] [ba3bb545-d26b-41b5-86fe-62f17c091e9a] ::ffff:127.0.0.1 [GET] /metrics Incoming Request: GET /metrics {"payload":{}}
2025-12-01 11:35:39.410 [INFO] [API_RESPONSE] [ba3bb545-d26b-41b5-86fe-62f17c091e9a] ::ffff:127.0.0.1 [GET] /metrics 2ms 200 Response: GET /metrics 200 2ms {"payload":{}}
2025-12-01T04:35:44.408Z [INFO] [REQUEST_MIDDLEWARE] [1b87a4ec-03b3-4b9a-8af0-bd175746774e] ::ffff:127.0.0.1 [GET] /metrics Incoming request {"userAgent":"Prometheus/3.7.3"}
2025-12-01 11:35:44.409 [INFO] [API_REQUEST] [1b87a4ec-03b3-4b9a-8af0-bd175746774e] ::ffff:127.0.0.1 [GET] /metrics Incoming Request: GET /metrics {"payload":{}}
2025-12-01 11:35:44.410 [INFO] [API_RESPONSE] [1b87a4ec-03b3-4b9a-8af0-bd175746774e] ::ffff:127.0.0.1 [GET] /metrics 2ms 200 Response: GET /metrics 200 2ms {"payload":{}}
2025-12-01T04:35:49.407Z [INFO] [REQUEST_MIDDLEWARE] [07c0a70d-02ff-4659-bac4-d26a4c8ad13d] ::ffff:127.0.0.1 [GET] /metrics Incoming request {"userAgent":"Prometheus/3.7.3"}
2025-12-01 11:35:49.408 [INFO] [API_REQUEST] [07c0a70d-02ff-4659-bac4-d26a4c8ad13d] ::ffff:127.0.0.1 [GET] /metrics Incoming Request: GET /metrics {"payload":{}}
2025-12-01 11:35:49.409 [INFO] [API_RESPONSE] [07c0a70d-02ff-4659-bac4-d26a4c8ad13d] ::ffff:127.0.0.1 [GET] /metrics 1ms 200 Response: GET /metrics 200 1ms {"payload":{}}
2025-12-01T04:35:54.407Z [INFO] [REQUEST_MIDDLEWARE] [4e2f6b41-f982-4467-ad6d-b5bf9782499b] ::ffff:127.0.0.1 [GET] /metrics Incoming request {"userAgent":"Prometheus/3.7.3"}
2025-12-01 11:35:54.408 [INFO] [API_REQUEST] [4e2f6b41-f982-4467-ad6d-b5bf9782499b] ::ffff:127.0.0.1 [GET] /metrics Incoming Request: GET /metrics {"payload":{}}
2025-12-01 11:35:54.409 [INFO] [API_RESPONSE] [4e2f6b41-f982-4467-ad6d-b5bf9782499b] ::ffff:127.0.0.1 [GET] /metrics 1ms 200 Response: GET /metrics 200 1ms {"payload":{}}
2025-12-01T04:35:59.407Z [INFO] [REQUEST_MIDDLEWARE] [a3b0ccb2-0305-40af-b2c2-ba4c2e41f3fe] ::ffff:127.0.0.1 [GET] /metrics Incoming request {"userAgent":"Prometheus/3.7.3"}
2025-12-01 11:35:59.408 [INFO] [API_REQUEST] [a3b0ccb2-0305-40af-b2c2-ba4c2e41f3fe] ::ffff:127.0.0.1 [GET] /metrics Incoming Request: GET /metrics {"payload":{}}
2025-12-01 11:35:59.409 [INFO] [API_RESPONSE] [a3b0ccb2-0305-40af-b2c2-ba4c2e41f3fe] ::ffff:127.0.0.1 [GET] /metrics 1ms 200 Response: GET /metrics 200 1ms {"payload":{}}
2025-12-01T04:36:04.408Z [INFO] [REQUEST_MIDDLEWARE] [ce06b294-b5fe-4940-9323-556df7205c16] ::ffff:127.0.0.1 [GET] /metrics Incoming request {"userAgent":"Prometheus/3.7.3"}
2025-12-01 11:36:04.408 [INFO] [API_REQUEST] [ce06b294-b5fe-4940-9323-556df7205c16] ::ffff:127.0.0.1 [GET] /metrics Incoming Request: GET /metrics {"payload":{}}
2025-12-01 11:36:04.410 [INFO] [API_RESPONSE] [ce06b294-b5fe-4940-9323-556df7205c16] ::ffff:127.0.0.1 [GET] /metrics 2ms 200 Response: GET /metrics 200 2ms {"payload":{}}
2025-12-01T04:36:09.407Z [INFO] [REQUEST_MIDDLEWARE] [a0830bbc-cf70-4b74-a5dd-5cb7cdd15a95] ::ffff:127.0.0.1 [GET] /metrics Incoming request {"userAgent":"Prometheus/3.7.3"}
2025-12-01 11:36:09.408 [INFO] [API_REQUEST] [a0830bbc-cf70-4b74-a5dd-5cb7cdd15a95] ::ffff:127.0.0.1 [GET] /metrics Incoming Request: GET /metrics {"payload":{}}
2025-12-01 11:36:09.409 [INFO] [API_RESPONSE] [a0830bbc-cf70-4b74-a5dd-5cb7cdd15a95] ::ffff:127.0.0.1 [GET] /metrics 1ms 200 Response: GET /metrics 200 1ms {"payload":{}}
2025-12-01T04:36:14.408Z [INFO] [REQUEST_MIDDLEWARE] [f34d3e69-5348-4ca0-9652-8d634cad29eb] ::ffff:127.0.0.1 [GET] /metrics Incoming request {"userAgent":"Prometheus/3.7.3"}
2025-12-01 11:36:14.408 [INFO] [API_REQUEST] [f34d3e69-5348-4ca0-9652-8d634cad29eb] ::ffff:127.0.0.1 [GET] /metrics Incoming Request: GET /metrics {"payload":{}}
2025-12-01 11:36:14.410 [INFO] [API_RESPONSE] [f34d3e69-5348-4ca0-9652-8d634cad29eb] ::ffff:127.0.0.1 [GET] /metrics 2ms 200 Response: GET /metrics 200 2ms {"payload":{}}
2025-12-01T04:36:19.408Z [INFO] [REQUEST_MIDDLEWARE] [3c203c1b-07cd-41b0-a8b6-f611a5a8ea11] ::ffff:127.0.0.1 [GET] /metrics Incoming request {"userAgent":"Prometheus/3.7.3"}
2025-12-01 11:36:19.409 [INFO] [API_REQUEST] [3c203c1b-07cd-41b0-a8b6-f611a5a8ea11] ::ffff:127.0.0.1 [GET] /metrics Incoming Request: GET /metrics {"payload":{}}
2025-12-01 11:36:19.410 [INFO] [API_RESPONSE] [3c203c1b-07cd-41b0-a8b6-f611a5a8ea11] ::ffff:127.0.0.1 [GET] /metrics 2ms 200 Response: GET /metrics 200 2ms {"payload":{}}
2025-12-01T04:36:24.407Z [INFO] [REQUEST_MIDDLEWARE] [f5a04c4a-777f-439d-bfba-7fe28cb51927] ::ffff:127.0.0.1 [GET] /metrics Incoming request {"userAgent":"Prometheus/3.7.3"}
2025-12-01 11:36:24.407 [INFO] [API_REQUEST] [f5a04c4a-777f-439d-bfba-7fe28cb51927] ::ffff:127.0.0.1 [GET] /metrics Incoming Request: GET /metrics {"payload":{}}
2025-12-01 11:36:24.409 [INFO] [API_RESPONSE] [f5a04c4a-777f-439d-bfba-7fe28cb51927] ::ffff:127.0.0.1 [GET] /metrics 2ms 200 Response: GET /metrics 200 2ms {"payload":{}}
2025-12-01T04:36:29.408Z [INFO] [REQUEST_MIDDLEWARE] [57b36a32-63c8-4264-866d-c127832df2d4] ::ffff:127.0.0.1 [GET] /metrics Incoming request {"userAgent":"Prometheus/3.7.3"}
2025-12-01 11:36:29.408 [INFO] [API_REQUEST] [57b36a32-63c8-4264-866d-c127832df2d4] ::ffff:127.0.0.1 [GET] /metrics Incoming Request: GET /metrics {"payload":{}}
2025-12-01 11:36:29.410 [INFO] [API_RESPONSE] [57b36a32-63c8-4264-866d-c127832df2d4] ::ffff:127.0.0.1 [GET] /metrics 1ms 200 Response: GET /metrics 200 1ms {"payload":{}}
2025-12-01T04:36:34.408Z [INFO] [REQUEST_MIDDLEWARE] [ff0e41ea-5370-41e8-9b3a-ef2de1696731] ::ffff:127.0.0.1 [GET] /metrics Incoming request {"userAgent":"Prometheus/3.7.3"}
2025-12-01 11:36:34.408 [INFO] [API_REQUEST] [ff0e41ea-5370-41e8-9b3a-ef2de1696731] ::ffff:127.0.0.1 [GET] /metrics Incoming Request: GET /metrics {"payload":{}}
2025-12-01 11:36:34.410 [INFO] [API_RESPONSE] [ff0e41ea-5370-41e8-9b3a-ef2de1696731] ::ffff:127.0.0.1 [GET] /metrics 2ms 200 Response: GET /metrics 200 2ms {"payload":{}}
2025-12-01T04:36:39.408Z [INFO] [REQUEST_MIDDLEWARE] [485c9c57-cdfb-4d33-b470-aec75d14dd2b] ::ffff:127.0.0.1 [GET] /metrics Incoming request {"userAgent":"Prometheus/3.7.3"}
2025-12-01 11:36:39.408 [INFO] [API_REQUEST] [485c9c57-cdfb-4d33-b470-aec75d14dd2b] ::ffff:127.0.0.1 [GET] /metrics Incoming Request: GET /metrics {"payload":{}}
2025-12-01 11:36:39.410 [INFO] [API_RESPONSE] [485c9c57-cdfb-4d33-b470-aec75d14dd2b] ::ffff:127.0.0.1 [GET] /metrics 2ms 200 Response: GET /metrics 200 2ms {"payload":{}}
2025-12-01T04:36:44.407Z [INFO] [REQUEST_MIDDLEWARE] [b6a3e62a-4e7b-4698-bfd9-a9e69aa8f80f] ::ffff:127.0.0.1 [GET] /metrics Incoming request {"userAgent":"Prometheus/3.7.3"}
2025-12-01 11:36:44.408 [INFO] [API_REQUEST] [b6a3e62a-4e7b-4698-bfd9-a9e69aa8f80f] ::ffff:127.0.0.1 [GET] /metrics Incoming Request: GET /metrics {"payload":{}}
2025-12-01 11:36:44.410 [INFO] [API_RESPONSE] [b6a3e62a-4e7b-4698-bfd9-a9e69aa8f80f] ::ffff:127.0.0.1 [GET] /metrics 2ms 200 Response: GET /metrics 200 2ms {"payload":{}}
2025-12-01T04:36:49.408Z [INFO] [REQUEST_MIDDLEWARE] [d1e06162-8774-4c4e-a9fb-ba2b4c6d7d1a] ::ffff:127.0.0.1 [GET] /metrics Incoming request {"userAgent":"Prometheus/3.7.3"}
2025-12-01 11:36:49.408 [INFO] [API_REQUEST] [d1e06162-8774-4c4e-a9fb-ba2b4c6d7d1a] ::ffff:127.0.0.1 [GET] /metrics Incoming Request: GET /metrics {"payload":{}}
2025-12-01 11:36:49.410 [INFO] [API_RESPONSE] [d1e06162-8774-4c4e-a9fb-ba2b4c6d7d1a] ::ffff:127.0.0.1 [GET] /metrics 2ms 200 Response: GET /metrics 200 2ms {"payload":{}}
2025-12-01T04:36:54.408Z [INFO] [REQUEST_MIDDLEWARE] [8b02bb4c-3783-41a3-9c0b-ae7973067d83] ::ffff:127.0.0.1 [GET] /metrics Incoming request {"userAgent":"Prometheus/3.7.3"}
2025-12-01 11:36:54.408 [INFO] [API_REQUEST] [8b02bb4c-3783-41a3-9c0b-ae7973067d83] ::ffff:127.0.0.1 [GET] /metrics Incoming Request: GET /metrics {"payload":{}}
2025-12-01 11:36:54.410 [INFO] [API_RESPONSE] [8b02bb4c-3783-41a3-9c0b-ae7973067d83] ::ffff:127.0.0.1 [GET] /metrics 2ms 200 Response: GET /metrics 200 2ms {"payload":{}}
2025-12-01T04:36:59.407Z [INFO] [REQUEST_MIDDLEWARE] [95046f0b-4ab4-4af8-a324-c237b207aeea] ::ffff:127.0.0.1 [GET] /metrics Incoming request {"userAgent":"Prometheus/3.7.3"}
2025-12-01 11:36:59.407 [INFO] [API_REQUEST] [95046f0b-4ab4-4af8-a324-c237b207aeea] ::ffff:127.0.0.1 [GET] /metrics Incoming Request: GET /metrics {"payload":{}}
2025-12-01 11:36:59.409 [INFO] [API_RESPONSE] [95046f0b-4ab4-4af8-a324-c237b207aeea] ::ffff:127.0.0.1 [GET] /metrics 2ms 200 Response: GET /metrics 200 2ms {"payload":{}}
2025-12-01T04:37:04.408Z [INFO] [REQUEST_MIDDLEWARE] [296e7ce5-0c91-4d22-85f0-25ce1b55c629] ::ffff:127.0.0.1 [GET] /metrics Incoming request {"userAgent":"Prometheus/3.7.3"}
2025-12-01 11:37:04.409 [INFO] [API_REQUEST] [296e7ce5-0c91-4d22-85f0-25ce1b55c629] ::ffff:127.0.0.1 [GET] /metrics Incoming Request: GET /metrics {"payload":{}}
2025-12-01 11:37:04.411 [INFO] [API_RESPONSE] [296e7ce5-0c91-4d22-85f0-25ce1b55c629] ::ffff:127.0.0.1 [GET] /metrics 2ms 200 Response: GET /metrics 200 2ms {"payload":{}}
2025-12-01T04:37:09.408Z [INFO] [REQUEST_MIDDLEWARE] [97fd1ec1-e749-4286-9ae0-bc8f7edcdd8c] ::ffff:127.0.0.1 [GET] /metrics Incoming request {"userAgent":"Prometheus/3.7.3"}
2025-12-01 11:37:09.409 [INFO] [API_REQUEST] [97fd1ec1-e749-4286-9ae0-bc8f7edcdd8c] ::ffff:127.0.0.1 [GET] /metrics Incoming Request: GET /metrics {"payload":{}}
2025-12-01 11:37:09.410 [INFO] [API_RESPONSE] [97fd1ec1-e749-4286-9ae0-bc8f7edcdd8c] ::ffff:127.0.0.1 [GET] /metrics 1ms 200 Response: GET /metrics 200 1ms {"payload":{}}
2025-12-01T04:37:14.407Z [INFO] [REQUEST_MIDDLEWARE] [1a610b07-f056-49bc-8b17-a896229246ee] ::ffff:127.0.0.1 [GET] /metrics Incoming request {"userAgent":"Prometheus/3.7.3"}
2025-12-01 11:37:14.407 [INFO] [API_REQUEST] [1a610b07-f056-49bc-8b17-a896229246ee] ::ffff:127.0.0.1 [GET] /metrics Incoming Request: GET /metrics {"payload":{}}
2025-12-01 11:37:14.410 [INFO] [API_RESPONSE] [1a610b07-f056-49bc-8b17-a896229246ee] ::ffff:127.0.0.1 [GET] /metrics 3ms 200 Response: GET /metrics 200 3ms {"payload":{}}
2025-12-01T04:37:19.408Z [INFO] [REQUEST_MIDDLEWARE] [89682700-8e07-4311-96fd-5524a551e30f] ::ffff:127.0.0.1 [GET] /metrics Incoming request {"userAgent":"Prometheus/3.7.3"}
2025-12-01 11:37:19.408 [INFO] [API_REQUEST] [89682700-8e07-4311-96fd-5524a551e30f] ::ffff:127.0.0.1 [GET] /metrics Incoming Request: GET /metrics {"payload":{}}
2025-12-01 11:37:19.410 [INFO] [API_RESPONSE] [89682700-8e07-4311-96fd-5524a551e30f] ::ffff:127.0.0.1 [GET] /metrics 2ms 200 Response: GET /metrics 200 2ms {"payload":{}}
2025-12-01T04:37:24.407Z [INFO] [REQUEST_MIDDLEWARE] [23661ade-2a93-47df-b21b-d76aa7ae1f4b] ::ffff:127.0.0.1 [GET] /metrics Incoming request {"userAgent":"Prometheus/3.7.3"}
2025-12-01 11:37:24.407 [INFO] [API_REQUEST] [23661ade-2a93-47df-b21b-d76aa7ae1f4b] ::ffff:127.0.0.1 [GET] /metrics Incoming Request: GET /metrics {"payload":{}}
2025-12-01 11:37:24.410 [INFO] [API_RESPONSE] [23661ade-2a93-47df-b21b-d76aa7ae1f4b] ::ffff:127.0.0.1 [GET] /metrics 3ms 200 Response: GET /metrics 200 3ms {"payload":{}}
2025-12-01T04:37:29.408Z [INFO] [REQUEST_MIDDLEWARE] [d71f3f27-d2f3-4276-9859-07a3b155e553] ::ffff:127.0.0.1 [GET] /metrics Incoming request {"userAgent":"Prometheus/3.7.3"}
2025-12-01 11:37:29.408 [INFO] [API_REQUEST] [d71f3f27-d2f3-4276-9859-07a3b155e553] ::ffff:127.0.0.1 [GET] /metrics Incoming Request: GET /metrics {"payload":{}}
2025-12-01 11:37:29.410 [INFO] [API_RESPONSE] [d71f3f27-d2f3-4276-9859-07a3b155e553] ::ffff:127.0.0.1 [GET] /metrics 2ms 200 Response: GET /metrics 200 2ms {"payload":{}}
2025-12-01T04:37:34.407Z [INFO] [REQUEST_MIDDLEWARE] [107bf690-f48f-4788-a0e0-7aa4f166b0dd] ::ffff:127.0.0.1 [GET] /metrics Incoming request {"userAgent":"Prometheus/3.7.3"}
2025-12-01 11:37:34.408 [INFO] [API_REQUEST] [107bf690-f48f-4788-a0e0-7aa4f166b0dd] ::ffff:127.0.0.1 [GET] /metrics Incoming Request: GET /metrics {"payload":{}}
2025-12-01 11:37:34.409 [INFO] [API_RESPONSE] [107bf690-f48f-4788-a0e0-7aa4f166b0dd] ::ffff:127.0.0.1 [GET] /metrics 1ms 200 Response: GET /metrics 200 1ms {"payload":{}}
2025-12-01T04:37:39.407Z [INFO] [REQUEST_MIDDLEWARE] [c0d5c205-c91c-4383-bce4-db724b4c7e6b] ::ffff:127.0.0.1 [GET] /metrics Incoming request {"userAgent":"Prometheus/3.7.3"}
2025-12-01 11:37:39.408 [INFO] [API_REQUEST] [c0d5c205-c91c-4383-bce4-db724b4c7e6b] ::ffff:127.0.0.1 [GET] /metrics Incoming Request: GET /metrics {"payload":{}}
2025-12-01 11:37:39.409 [INFO] [API_RESPONSE] [c0d5c205-c91c-4383-bce4-db724b4c7e6b] ::ffff:127.0.0.1 [GET] /metrics 1ms 200 Response: GET /metrics 200 1ms {"payload":{}}
2025-12-01T04:37:44.408Z [INFO] [REQUEST_MIDDLEWARE] [aa0268fb-2a40-47a9-9866-5eae382fcb60] ::ffff:127.0.0.1 [GET] /metrics Incoming request {"userAgent":"Prometheus/3.7.3"}
2025-12-01 11:37:44.408 [INFO] [API_REQUEST] [aa0268fb-2a40-47a9-9866-5eae382fcb60] ::ffff:127.0.0.1 [GET] /metrics Incoming Request: GET /metrics {"payload":{}}
2025-12-01 11:37:44.409 [INFO] [API_RESPONSE] [aa0268fb-2a40-47a9-9866-5eae382fcb60] ::ffff:127.0.0.1 [GET] /metrics 1ms 200 Response: GET /metrics 200 1ms {"payload":{}}
2025-12-01T04:37:49.406Z [INFO] [REQUEST_MIDDLEWARE] [dd930525-9728-4f91-8c6b-0eee3a107182] ::ffff:127.0.0.1 [GET] /metrics Incoming request {"userAgent":"Prometheus/3.7.3"}
2025-12-01 11:37:49.407 [INFO] [API_REQUEST] [dd930525-9728-4f91-8c6b-0eee3a107182] ::ffff:127.0.0.1 [GET] /metrics Incoming Request: GET /metrics {"payload":{}}
2025-12-01 11:37:49.408 [INFO] [API_RESPONSE] [dd930525-9728-4f91-8c6b-0eee3a107182] ::ffff:127.0.0.1 [GET] /metrics 1ms 200 Response: GET /metrics 200 1ms {"payload":{}}
2025-12-01T04:37:54.407Z [INFO] [REQUEST_MIDDLEWARE] [a4f18611-34e1-454f-9191-1f9b629954dd] ::ffff:127.0.0.1 [GET] /metrics Incoming request {"userAgent":"Prometheus/3.7.3"}
2025-12-01 11:37:54.408 [INFO] [API_REQUEST] [a4f18611-34e1-454f-9191-1f9b629954dd] ::ffff:127.0.0.1 [GET] /metrics Incoming Request: GET /metrics {"payload":{}}
2025-12-01 11:37:54.409 [INFO] [API_RESPONSE] [a4f18611-34e1-454f-9191-1f9b629954dd] ::ffff:127.0.0.1 [GET] /metrics 1ms 200 Response: GET /metrics 200 1ms {"payload":{}}
2025-12-01T04:37:59.407Z [INFO] [REQUEST_MIDDLEWARE] [aed33e9b-462a-4573-aede-923aece58450] ::ffff:127.0.0.1 [GET] /metrics Incoming request {"userAgent":"Prometheus/3.7.3"}
2025-12-01 11:37:59.407 [INFO] [API_REQUEST] [aed33e9b-462a-4573-aede-923aece58450] ::ffff:127.0.0.1 [GET] /metrics Incoming Request: GET /metrics {"payload":{}}
2025-12-01 11:37:59.409 [INFO] [API_RESPONSE] [aed33e9b-462a-4573-aede-923aece58450] ::ffff:127.0.0.1 [GET] /metrics 2ms 200 Response: GET /metrics 200 2ms {"payload":{}}
2025-12-01T04:38:04.408Z [INFO] [REQUEST_MIDDLEWARE] [af72fa54-6ce9-46f9-b1b9-68c26dc8a880] ::ffff:127.0.0.1 [GET] /metrics Incoming request {"userAgent":"Prometheus/3.7.3"}
2025-12-01 11:38:04.408 [INFO] [API_REQUEST] [af72fa54-6ce9-46f9-b1b9-68c26dc8a880] ::ffff:127.0.0.1 [GET] /metrics Incoming Request: GET /metrics {"payload":{}}
2025-12-01 11:38:04.410 [INFO] [API_RESPONSE] [af72fa54-6ce9-46f9-b1b9-68c26dc8a880] ::ffff:127.0.0.1 [GET] /metrics 2ms 200 Response: GET /metrics 200 2ms {"payload":{}}
2025-12-01T04:38:09.407Z [INFO] [REQUEST_MIDDLEWARE] [edcac323-95a6-4726-8418-f48d447cd739] ::ffff:127.0.0.1 [GET] /metrics Incoming request {"userAgent":"Prometheus/3.7.3"}
2025-12-01 11:38:09.407 [INFO] [API_REQUEST] [edcac323-95a6-4726-8418-f48d447cd739] ::ffff:127.0.0.1 [GET] /metrics Incoming Request: GET /metrics {"payload":{}}
2025-12-01 11:38:09.408 [INFO] [API_RESPONSE] [edcac323-95a6-4726-8418-f48d447cd739] ::ffff:127.0.0.1 [GET] /metrics 1ms 200 Response: GET /metrics 200 1ms {"payload":{}}
2025-12-01T04:38:14.408Z [INFO] [REQUEST_MIDDLEWARE] [7d59233c-b504-4c95-b9fa-936f6a66e6e6] ::ffff:127.0.0.1 [GET] /metrics Incoming request {"userAgent":"Prometheus/3.7.3"}
2025-12-01 11:38:14.408 [INFO] [API_REQUEST] [7d59233c-b504-4c95-b9fa-936f6a66e6e6] ::ffff:127.0.0.1 [GET] /metrics Incoming Request: GET /metrics {"payload":{}}
2025-12-01 11:38:14.410 [INFO] [API_RESPONSE] [7d59233c-b504-4c95-b9fa-936f6a66e6e6] ::ffff:127.0.0.1 [GET] /metrics 2ms 200 Response: GET /metrics 200 2ms {"payload":{}}
2025-12-01T04:38:19.408Z [INFO] [REQUEST_MIDDLEWARE] [7669fc80-e157-40dd-865a-8a10ee7cbfa0] ::ffff:127.0.0.1 [GET] /metrics Incoming request {"userAgent":"Prometheus/3.7.3"}
2025-12-01 11:38:19.408 [INFO] [API_REQUEST] [7669fc80-e157-40dd-865a-8a10ee7cbfa0] ::ffff:127.0.0.1 [GET] /metrics Incoming Request: GET /metrics {"payload":{}}
2025-12-01 11:38:19.410 [INFO] [API_RESPONSE] [7669fc80-e157-40dd-865a-8a10ee7cbfa0] ::ffff:127.0.0.1 [GET] /metrics 2ms 200 Response: GET /metrics 200 2ms {"payload":{}}
2025-12-01T04:38:24.408Z [INFO] [REQUEST_MIDDLEWARE] [69ff7188-7862-44c1-af88-520e8eada962] ::ffff:127.0.0.1 [GET] /metrics Incoming request {"userAgent":"Prometheus/3.7.3"}
2025-12-01 11:38:24.408 [INFO] [API_REQUEST] [69ff7188-7862-44c1-af88-520e8eada962] ::ffff:127.0.0.1 [GET] /metrics Incoming Request: GET /metrics {"payload":{}}
2025-12-01 11:38:24.410 [INFO] [API_RESPONSE] [69ff7188-7862-44c1-af88-520e8eada962] ::ffff:127.0.0.1 [GET] /metrics 2ms 200 Response: GET /metrics 200 2ms {"payload":{}}
2025-12-01T04:38:29.408Z [INFO] [REQUEST_MIDDLEWARE] [f4092f6f-85ba-4a2d-a002-cd203614d181] ::ffff:127.0.0.1 [GET] /metrics Incoming request {"userAgent":"Prometheus/3.7.3"}
2025-12-01 11:38:29.408 [INFO] [API_REQUEST] [f4092f6f-85ba-4a2d-a002-cd203614d181] ::ffff:127.0.0.1 [GET] /metrics Incoming Request: GET /metrics {"payload":{}}
2025-12-01 11:38:29.410 [INFO] [API_RESPONSE] [f4092f6f-85ba-4a2d-a002-cd203614d181] ::ffff:127.0.0.1 [GET] /metrics 2ms 200 Response: GET /metrics 200 2ms {"payload":{}}
2025-12-01T04:38:34.408Z [INFO] [REQUEST_MIDDLEWARE] [0d83ad29-a744-4472-b9fc-42dddaa0c005] ::ffff:127.0.0.1 [GET] /metrics Incoming request {"userAgent":"Prometheus/3.7.3"}
2025-12-01 11:38:34.408 [INFO] [API_REQUEST] [0d83ad29-a744-4472-b9fc-42dddaa0c005] ::ffff:127.0.0.1 [GET] /metrics Incoming Request: GET /metrics {"payload":{}}
2025-12-01 11:38:34.410 [INFO] [API_RESPONSE] [0d83ad29-a744-4472-b9fc-42dddaa0c005] ::ffff:127.0.0.1 [GET] /metrics 2ms 200 Response: GET /metrics 200 2ms {"payload":{}}
2025-12-01T04:38:39.407Z [INFO] [REQUEST_MIDDLEWARE] [4cbd168f-b7e8-4be7-9194-fe09a6a22f59] ::ffff:127.0.0.1 [GET] /metrics Incoming request {"userAgent":"Prometheus/3.7.3"}
2025-12-01 11:38:39.408 [INFO] [API_REQUEST] [4cbd168f-b7e8-4be7-9194-fe09a6a22f59] ::ffff:127.0.0.1 [GET] /metrics Incoming Request: GET /metrics {"payload":{}}
2025-12-01 11:38:39.409 [INFO] [API_RESPONSE] [4cbd168f-b7e8-4be7-9194-fe09a6a22f59] ::ffff:127.0.0.1 [GET] /metrics 1ms 200 Response: GET /metrics 200 1ms {"payload":{}}
2025-12-01T04:38:44.407Z [INFO] [REQUEST_MIDDLEWARE] [eace0a38-b0ab-4701-ae6e-13e713567424] ::ffff:127.0.0.1 [GET] /metrics Incoming request {"userAgent":"Prometheus/3.7.3"}
2025-12-01 11:38:44.408 [INFO] [API_REQUEST] [eace0a38-b0ab-4701-ae6e-13e713567424] ::ffff:127.0.0.1 [GET] /metrics Incoming Request: GET /metrics {"payload":{}}
2025-12-01 11:38:44.409 [INFO] [API_RESPONSE] [eace0a38-b0ab-4701-ae6e-13e713567424] ::ffff:127.0.0.1 [GET] /metrics 2ms 200 Response: GET /metrics 200 2ms {"payload":{}}
2025-12-01T04:38:49.408Z [INFO] [REQUEST_MIDDLEWARE] [afc1c9d7-fc67-4999-a79f-a6128337fa82] ::ffff:127.0.0.1 [GET] /metrics Incoming request {"userAgent":"Prometheus/3.7.3"}
2025-12-01 11:38:49.408 [INFO] [API_REQUEST] [afc1c9d7-fc67-4999-a79f-a6128337fa82] ::ffff:127.0.0.1 [GET] /metrics Incoming Request: GET /metrics {"payload":{}}
2025-12-01 11:38:49.410 [INFO] [API_RESPONSE] [afc1c9d7-fc67-4999-a79f-a6128337fa82] ::ffff:127.0.0.1 [GET] /metrics 2ms 200 Response: GET /metrics 200 2ms {"payload":{}}
2025-12-01T04:38:54.408Z [INFO] [REQUEST_MIDDLEWARE] [ea239b52-24bb-4487-8d7a-7676f0d10e8b] ::ffff:127.0.0.1 [GET] /metrics Incoming request {"userAgent":"Prometheus/3.7.3"}
2025-12-01 11:38:54.409 [INFO] [API_REQUEST] [ea239b52-24bb-4487-8d7a-7676f0d10e8b] ::ffff:127.0.0.1 [GET] /metrics Incoming Request: GET /metrics {"payload":{}}
2025-12-01 11:38:54.410 [INFO] [API_RESPONSE] [ea239b52-24bb-4487-8d7a-7676f0d10e8b] ::ffff:127.0.0.1 [GET] /metrics 1ms 200 Response: GET /metrics 200 1ms {"payload":{}}
2025-12-01T04:38:59.408Z [INFO] [REQUEST_MIDDLEWARE] [5cc99f7e-e2b0-41c3-bfb1-4ef72fb06e59] ::ffff:127.0.0.1 [GET] /metrics Incoming request {"userAgent":"Prometheus/3.7.3"}
2025-12-01 11:38:59.408 [INFO] [API_REQUEST] [5cc99f7e-e2b0-41c3-bfb1-4ef72fb06e59] ::ffff:127.0.0.1 [GET] /metrics Incoming Request: GET /metrics {"payload":{}}
2025-12-01 11:38:59.410 [INFO] [API_RESPONSE] [5cc99f7e-e2b0-41c3-bfb1-4ef72fb06e59] ::ffff:127.0.0.1 [GET] /metrics 2ms 200 Response: GET /metrics 200 2ms {"payload":{}}
2025-12-01T04:39:04.408Z [INFO] [REQUEST_MIDDLEWARE] [8f6120ff-7194-47cb-a19a-31d100332bd7] ::ffff:127.0.0.1 [GET] /metrics Incoming request {"userAgent":"Prometheus/3.7.3"}
2025-12-01 11:39:04.408 [INFO] [API_REQUEST] [8f6120ff-7194-47cb-a19a-31d100332bd7] ::ffff:127.0.0.1 [GET] /metrics Incoming Request: GET /metrics {"payload":{}}
2025-12-01 11:39:04.410 [INFO] [API_RESPONSE] [8f6120ff-7194-47cb-a19a-31d100332bd7] ::ffff:127.0.0.1 [GET] /metrics 2ms 200 Response: GET /metrics 200 2ms {"payload":{}}
2025-12-01T04:39:09.408Z [INFO] [REQUEST_MIDDLEWARE] [2316d786-c058-4755-ac31-2181eb04d7c8] ::ffff:127.0.0.1 [GET] /metrics Incoming request {"userAgent":"Prometheus/3.7.3"}
2025-12-01 11:39:09.408 [INFO] [API_REQUEST] [2316d786-c058-4755-ac31-2181eb04d7c8] ::ffff:127.0.0.1 [GET] /metrics Incoming Request: GET /metrics {"payload":{}}
2025-12-01 11:39:09.410 [INFO] [API_RESPONSE] [2316d786-c058-4755-ac31-2181eb04d7c8] ::ffff:127.0.0.1 [GET] /metrics 2ms 200 Response: GET /metrics 200 2ms {"payload":{}}
2025-12-01T04:39:14.408Z [INFO] [REQUEST_MIDDLEWARE] [6204ecf8-6fae-4fd2-b840-109c4f4b35d0] ::ffff:127.0.0.1 [GET] /metrics Incoming request {"userAgent":"Prometheus/3.7.3"}
2025-12-01 11:39:14.408 [INFO] [API_REQUEST] [6204ecf8-6fae-4fd2-b840-109c4f4b35d0] ::ffff:127.0.0.1 [GET] /metrics Incoming Request: GET /metrics {"payload":{}}
2025-12-01 11:39:14.410 [INFO] [API_RESPONSE] [6204ecf8-6fae-4fd2-b840-109c4f4b35d0] ::ffff:127.0.0.1 [GET] /metrics 2ms 200 Response: GET /metrics 200 2ms {"payload":{}}
2025-12-01T04:39:19.408Z [INFO] [REQUEST_MIDDLEWARE] [416725e7-ac45-4ba6-8f79-d241deb102d1] ::ffff:127.0.0.1 [GET] /metrics Incoming request {"userAgent":"Prometheus/3.7.3"}
2025-12-01 11:39:19.408 [INFO] [API_REQUEST] [416725e7-ac45-4ba6-8f79-d241deb102d1] ::ffff:127.0.0.1 [GET] /metrics Incoming Request: GET /metrics {"payload":{}}
2025-12-01 11:39:19.409 [INFO] [API_RESPONSE] [416725e7-ac45-4ba6-8f79-d241deb102d1] ::ffff:127.0.0.1 [GET] /metrics 1ms 200 Response: GET /metrics 200 1ms {"payload":{}}
2025-12-01T04:39:24.408Z [INFO] [REQUEST_MIDDLEWARE] [d4f62808-025c-44ac-aeda-35237ea0d7c8] ::ffff:127.0.0.1 [GET] /metrics Incoming request {"userAgent":"Prometheus/3.7.3"}
2025-12-01 11:39:24.408 [INFO] [API_REQUEST] [d4f62808-025c-44ac-aeda-35237ea0d7c8] ::ffff:127.0.0.1 [GET] /metrics Incoming Request: GET /metrics {"payload":{}}
2025-12-01 11:39:24.410 [INFO] [API_RESPONSE] [d4f62808-025c-44ac-aeda-35237ea0d7c8] ::ffff:127.0.0.1 [GET] /metrics 2ms 200 Response: GET /metrics 200 2ms {"payload":{}}
2025-12-01T04:39:29.408Z [INFO] [REQUEST_MIDDLEWARE] [2303b5c6-f4ea-44f3-a6a5-33a38583f151] ::ffff:127.0.0.1 [GET] /metrics Incoming request {"userAgent":"Prometheus/3.7.3"}
2025-12-01 11:39:29.409 [INFO] [API_REQUEST] [2303b5c6-f4ea-44f3-a6a5-33a38583f151] ::ffff:127.0.0.1 [GET] /metrics Incoming Request: GET /metrics {"payload":{}}
2025-12-01 11:39:29.411 [INFO] [API_RESPONSE] [2303b5c6-f4ea-44f3-a6a5-33a38583f151] ::ffff:127.0.0.1 [GET] /metrics 2ms 200 Response: GET /metrics 200 2ms {"payload":{}}
2025-12-01T04:39:34.408Z [INFO] [REQUEST_MIDDLEWARE] [41acd1cd-04ad-4e14-b1c8-ba3fc3fbe606] ::ffff:127.0.0.1 [GET] /metrics Incoming request {"userAgent":"Prometheus/3.7.3"}
2025-12-01 11:39:34.409 [INFO] [API_REQUEST] [41acd1cd-04ad-4e14-b1c8-ba3fc3fbe606] ::ffff:127.0.0.1 [GET] /metrics Incoming Request: GET /metrics {"payload":{}}
2025-12-01 11:39:34.411 [INFO] [API_RESPONSE] [41acd1cd-04ad-4e14-b1c8-ba3fc3fbe606] ::ffff:127.0.0.1 [GET] /metrics 2ms 200 Response: GET /metrics 200 2ms {"payload":{}}
2025-12-01T04:39:39.408Z [INFO] [REQUEST_MIDDLEWARE] [34e021e4-b427-42e7-87df-5ed80ebb0ecf] ::ffff:127.0.0.1 [GET] /metrics Incoming request {"userAgent":"Prometheus/3.7.3"}
2025-12-01 11:39:39.408 [INFO] [API_REQUEST] [34e021e4-b427-42e7-87df-5ed80ebb0ecf] ::ffff:127.0.0.1 [GET] /metrics Incoming Request: GET /metrics {"payload":{}}
2025-12-01 11:39:39.410 [INFO] [API_RESPONSE] [34e021e4-b427-42e7-87df-5ed80ebb0ecf] ::ffff:127.0.0.1 [GET] /metrics 2ms 200 Response: GET /metrics 200 2ms {"payload":{}}
2025-12-01T04:39:44.408Z [INFO] [REQUEST_MIDDLEWARE] [a7b3ad0e-687d-4521-a9d8-ddd607640d72] ::ffff:127.0.0.1 [GET] /metrics Incoming request {"userAgent":"Prometheus/3.7.3"}
2025-12-01 11:39:44.409 [INFO] [API_REQUEST] [a7b3ad0e-687d-4521-a9d8-ddd607640d72] ::ffff:127.0.0.1 [GET] /metrics Incoming Request: GET /metrics {"payload":{}}
2025-12-01 11:39:44.410 [INFO] [API_RESPONSE] [a7b3ad0e-687d-4521-a9d8-ddd607640d72] ::ffff:127.0.0.1 [GET] /metrics 1ms 200 Response: GET /metrics 200 1ms {"payload":{}}
2025-12-01T04:39:49.408Z [INFO] [REQUEST_MIDDLEWARE] [37b06877-45d4-4e07-87c6-13bfea747bf9] ::ffff:127.0.0.1 [GET] /metrics Incoming request {"userAgent":"Prometheus/3.7.3"}
2025-12-01 11:39:49.409 [INFO] [API_REQUEST] [37b06877-45d4-4e07-87c6-13bfea747bf9] ::ffff:127.0.0.1 [GET] /metrics Incoming Request: GET /metrics {"payload":{}}
2025-12-01 11:39:49.410 [INFO] [API_RESPONSE] [37b06877-45d4-4e07-87c6-13bfea747bf9] ::ffff:127.0.0.1 [GET] /metrics 1ms 200 Response: GET /metrics 200 1ms {"payload":{}}
2025-12-01T04:39:54.408Z [INFO] [REQUEST_MIDDLEWARE] [90bc421b-d47d-413f-af15-c4642eb2df2a] ::ffff:127.0.0.1 [GET] /metrics Incoming request {"userAgent":"Prometheus/3.7.3"}
2025-12-01 11:39:54.408 [INFO] [API_REQUEST] [90bc421b-d47d-413f-af15-c4642eb2df2a] ::ffff:127.0.0.1 [GET] /metrics Incoming Request: GET /metrics {"payload":{}}
2025-12-01 11:39:54.409 [INFO] [API_RESPONSE] [90bc421b-d47d-413f-af15-c4642eb2df2a] ::ffff:127.0.0.1 [GET] /metrics 1ms 200 Response: GET /metrics 200 1ms {"payload":{}}
2025-12-01T04:39:59.408Z [INFO] [REQUEST_MIDDLEWARE] [2aef6421-3b01-432f-8195-00e33003efcf] ::ffff:127.0.0.1 [GET] /metrics Incoming request {"userAgent":"Prometheus/3.7.3"}
2025-12-01 11:39:59.408 [INFO] [API_REQUEST] [2aef6421-3b01-432f-8195-00e33003efcf] ::ffff:127.0.0.1 [GET] /metrics Incoming Request: GET /metrics {"payload":{}}
2025-12-01 11:39:59.410 [INFO] [API_RESPONSE] [2aef6421-3b01-432f-8195-00e33003efcf] ::ffff:127.0.0.1 [GET] /metrics 2ms 200 Response: GET /metrics 200 2ms {"payload":{}}
2025-12-01T04:40:04.408Z [INFO] [REQUEST_MIDDLEWARE] [5622da85-4df4-4800-ae95-edb969728ee8] ::ffff:127.0.0.1 [GET] /metrics Incoming request {"userAgent":"Prometheus/3.7.3"}
2025-12-01 11:40:04.408 [INFO] [API_REQUEST] [5622da85-4df4-4800-ae95-edb969728ee8] ::ffff:127.0.0.1 [GET] /metrics Incoming Request: GET /metrics {"payload":{}}
2025-12-01 11:40:04.410 [INFO] [API_RESPONSE] [5622da85-4df4-4800-ae95-edb969728ee8] ::ffff:127.0.0.1 [GET] /metrics 2ms 200 Response: GET /metrics 200 2ms {"payload":{}}
2025-12-01T04:40:09.408Z [INFO] [REQUEST_MIDDLEWARE] [10829314-c292-49a6-83ec-09b73531b930] ::ffff:127.0.0.1 [GET] /metrics Incoming request {"userAgent":"Prometheus/3.7.3"}
2025-12-01 11:40:09.408 [INFO] [API_REQUEST] [10829314-c292-49a6-83ec-09b73531b930] ::ffff:127.0.0.1 [GET] /metrics Incoming Request: GET /metrics {"payload":{}}
2025-12-01 11:40:09.410 [INFO] [API_RESPONSE] [10829314-c292-49a6-83ec-09b73531b930] ::ffff:127.0.0.1 [GET] /metrics 2ms 200 Response: GET /metrics 200 2ms {"payload":{}}
2025-12-01T04:40:14.408Z [INFO] [REQUEST_MIDDLEWARE] [a5b6d80d-a601-4bf6-b584-bd3f9be4b542] ::ffff:127.0.0.1 [GET] /metrics Incoming request {"userAgent":"Prometheus/3.7.3"}
2025-12-01 11:40:14.409 [INFO] [API_REQUEST] [a5b6d80d-a601-4bf6-b584-bd3f9be4b542] ::ffff:127.0.0.1 [GET] /metrics Incoming Request: GET /metrics {"payload":{}}
2025-12-01 11:40:14.410 [INFO] [API_RESPONSE] [a5b6d80d-a601-4bf6-b584-bd3f9be4b542] ::ffff:127.0.0.1 [GET] /metrics 1ms 200 Response: GET /metrics 200 1ms {"payload":{}}
2025-12-01T04:40:19.408Z [INFO] [REQUEST_MIDDLEWARE] [1efd62fd-5922-4c24-bc30-bdff3eb17330] ::ffff:127.0.0.1 [GET] /metrics Incoming request {"userAgent":"Prometheus/3.7.3"}
2025-12-01 11:40:19.408 [INFO] [API_REQUEST] [1efd62fd-5922-4c24-bc30-bdff3eb17330] ::ffff:127.0.0.1 [GET] /metrics Incoming Request: GET /metrics {"payload":{}}
2025-12-01 11:40:19.410 [INFO] [API_RESPONSE] [1efd62fd-5922-4c24-bc30-bdff3eb17330] ::ffff:127.0.0.1 [GET] /metrics 2ms 200 Response: GET /metrics 200 2ms {"payload":{}}
2025-12-01T04:40:24.407Z [INFO] [REQUEST_MIDDLEWARE] [d264592d-09d3-4efa-b105-52a31431d859] ::ffff:127.0.0.1 [GET] /metrics Incoming request {"userAgent":"Prometheus/3.7.3"}
2025-12-01 11:40:24.407 [INFO] [API_REQUEST] [d264592d-09d3-4efa-b105-52a31431d859] ::ffff:127.0.0.1 [GET] /metrics Incoming Request: GET /metrics {"payload":{}}
2025-12-01 11:40:24.409 [INFO] [API_RESPONSE] [d264592d-09d3-4efa-b105-52a31431d859] ::ffff:127.0.0.1 [GET] /metrics 2ms 200 Response: GET /metrics 200 2ms {"payload":{}}
2025-12-01T04:40:29.407Z [INFO] [REQUEST_MIDDLEWARE] [73a3a337-309a-4ad2-a81a-07007334b6fb] ::ffff:127.0.0.1 [GET] /metrics Incoming request {"userAgent":"Prometheus/3.7.3"}
2025-12-01 11:40:29.407 [INFO] [API_REQUEST] [73a3a337-309a-4ad2-a81a-07007334b6fb] ::ffff:127.0.0.1 [GET] /metrics Incoming Request: GET /metrics {"payload":{}}
2025-12-01 11:40:29.409 [INFO] [API_RESPONSE] [73a3a337-309a-4ad2-a81a-07007334b6fb] ::ffff:127.0.0.1 [GET] /metrics 2ms 200 Response: GET /metrics 200 2ms {"payload":{}}
2025-12-01T04:40:34.407Z [INFO] [REQUEST_MIDDLEWARE] [1d056b2d-45e9-4460-ac61-c396c997abed] ::ffff:127.0.0.1 [GET] /metrics Incoming request {"userAgent":"Prometheus/3.7.3"}
2025-12-01 11:40:34.408 [INFO] [API_REQUEST] [1d056b2d-45e9-4460-ac61-c396c997abed] ::ffff:127.0.0.1 [GET] /metrics Incoming Request: GET /metrics {"payload":{}}
2025-12-01 11:40:34.410 [INFO] [API_RESPONSE] [1d056b2d-45e9-4460-ac61-c396c997abed] ::ffff:127.0.0.1 [GET] /metrics 1ms 200 Response: GET /metrics 200 1ms {"payload":{}}
2025-12-01T04:40:39.408Z [INFO] [REQUEST_MIDDLEWARE] [86632c55-1cc4-4271-9279-1c87275ce9b1] ::ffff:127.0.0.1 [GET] /metrics Incoming request {"userAgent":"Prometheus/3.7.3"}
2025-12-01 11:40:39.408 [INFO] [API_REQUEST] [86632c55-1cc4-4271-9279-1c87275ce9b1] ::ffff:127.0.0.1 [GET] /metrics Incoming Request: GET /metrics {"payload":{}}
2025-12-01 11:40:39.409 [INFO] [API_RESPONSE] [86632c55-1cc4-4271-9279-1c87275ce9b1] ::ffff:127.0.0.1 [GET] /metrics 1ms 200 Response: GET /metrics 200 1ms {"payload":{}}
2025-12-01T04:40:44.407Z [INFO] [REQUEST_MIDDLEWARE] [ce46d297-ebf1-4f4e-bda0-66aa58338739] ::ffff:127.0.0.1 [GET] /metrics Incoming request {"userAgent":"Prometheus/3.7.3"}
2025-12-01 11:40:44.408 [INFO] [API_REQUEST] [ce46d297-ebf1-4f4e-bda0-66aa58338739] ::ffff:127.0.0.1 [GET] /metrics Incoming Request: GET /metrics {"payload":{}}
2025-12-01 11:40:44.410 [INFO] [API_RESPONSE] [ce46d297-ebf1-4f4e-bda0-66aa58338739] ::ffff:127.0.0.1 [GET] /metrics 2ms 200 Response: GET /metrics 200 2ms {"payload":{}}
2025-12-01T04:40:49.408Z [INFO] [REQUEST_MIDDLEWARE] [a174b967-eff7-4036-86fb-374b18a06831] ::ffff:127.0.0.1 [GET] /metrics Incoming request {"userAgent":"Prometheus/3.7.3"}
2025-12-01 11:40:49.408 [INFO] [API_REQUEST] [a174b967-eff7-4036-86fb-374b18a06831] ::ffff:127.0.0.1 [GET] /metrics Incoming Request: GET /metrics {"payload":{}}
2025-12-01 11:40:49.409 [INFO] [API_RESPONSE] [a174b967-eff7-4036-86fb-374b18a06831] ::ffff:127.0.0.1 [GET] /metrics 1ms 200 Response: GET /metrics 200 1ms {"payload":{}}
2025-12-01T04:40:54.408Z [INFO] [REQUEST_MIDDLEWARE] [a53b473e-5019-43db-b077-4354f92f7c16] ::ffff:127.0.0.1 [GET] /metrics Incoming request {"userAgent":"Prometheus/3.7.3"}
2025-12-01 11:40:54.409 [INFO] [API_REQUEST] [a53b473e-5019-43db-b077-4354f92f7c16] ::ffff:127.0.0.1 [GET] /metrics Incoming Request: GET /metrics {"payload":{}}
2025-12-01 11:40:54.410 [INFO] [API_RESPONSE] [a53b473e-5019-43db-b077-4354f92f7c16] ::ffff:127.0.0.1 [GET] /metrics 1ms 200 Response: GET /metrics 200 1ms {"payload":{}}
2025-12-01T04:40:59.408Z [INFO] [REQUEST_MIDDLEWARE] [4b45a90f-a2a8-450a-a2fb-10bdf8bcd617] ::ffff:127.0.0.1 [GET] /metrics Incoming request {"userAgent":"Prometheus/3.7.3"}
2025-12-01 11:40:59.409 [INFO] [API_REQUEST] [4b45a90f-a2a8-450a-a2fb-10bdf8bcd617] ::ffff:127.0.0.1 [GET] /metrics Incoming Request: GET /metrics {"payload":{}}
2025-12-01 11:40:59.410 [INFO] [API_RESPONSE] [4b45a90f-a2a8-450a-a2fb-10bdf8bcd617] ::ffff:127.0.0.1 [GET] /metrics 2ms 200 Response: GET /metrics 200 2ms {"payload":{}}
2025-12-01T04:41:04.408Z [INFO] [REQUEST_MIDDLEWARE] [e2a75948-9943-46e8-8fa1-3eed61e84fa7] ::ffff:127.0.0.1 [GET] /metrics Incoming request {"userAgent":"Prometheus/3.7.3"}
2025-12-01 11:41:04.408 [INFO] [API_REQUEST] [e2a75948-9943-46e8-8fa1-3eed61e84fa7] ::ffff:127.0.0.1 [GET] /metrics Incoming Request: GET /metrics {"payload":{}}
2025-12-01 11:41:04.410 [INFO] [API_RESPONSE] [e2a75948-9943-46e8-8fa1-3eed61e84fa7] ::ffff:127.0.0.1 [GET] /metrics 2ms 200 Response: GET /metrics 200 2ms {"payload":{}}
2025-12-01T04:41:09.408Z [INFO] [REQUEST_MIDDLEWARE] [97ca43fb-63eb-4ba3-9433-d298f1ced561] ::ffff:127.0.0.1 [GET] /metrics Incoming request {"userAgent":"Prometheus/3.7.3"}
2025-12-01 11:41:09.408 [INFO] [API_REQUEST] [97ca43fb-63eb-4ba3-9433-d298f1ced561] ::ffff:127.0.0.1 [GET] /metrics Incoming Request: GET /metrics {"payload":{}}
2025-12-01 11:41:09.410 [INFO] [API_RESPONSE] [97ca43fb-63eb-4ba3-9433-d298f1ced561] ::ffff:127.0.0.1 [GET] /metrics 2ms 200 Response: GET /metrics 200 2ms {"payload":{}}
2025-12-01T04:41:14.408Z [INFO] [REQUEST_MIDDLEWARE] [e287945d-6919-45bd-b29c-d51698940b94] ::ffff:127.0.0.1 [GET] /metrics Incoming request {"userAgent":"Prometheus/3.7.3"}
2025-12-01 11:41:14.408 [INFO] [API_REQUEST] [e287945d-6919-45bd-b29c-d51698940b94] ::ffff:127.0.0.1 [GET] /metrics Incoming Request: GET /metrics {"payload":{}}
2025-12-01 11:41:14.410 [INFO] [API_RESPONSE] [e287945d-6919-45bd-b29c-d51698940b94] ::ffff:127.0.0.1 [GET] /metrics 2ms 200 Response: GET /metrics 200 2ms {"payload":{}}
2025-12-01T04:41:19.408Z [INFO] [REQUEST_MIDDLEWARE] [f4fd2e5f-3b03-437a-ba10-a0093be1c037] ::ffff:127.0.0.1 [GET] /metrics Incoming request {"userAgent":"Prometheus/3.7.3"}
2025-12-01 11:41:19.408 [INFO] [API_REQUEST] [f4fd2e5f-3b03-437a-ba10-a0093be1c037] ::ffff:127.0.0.1 [GET] /metrics Incoming Request: GET /metrics {"payload":{}}
2025-12-01 11:41:19.410 [INFO] [API_RESPONSE] [f4fd2e5f-3b03-437a-ba10-a0093be1c037] ::ffff:127.0.0.1 [GET] /metrics 2ms 200 Response: GET /metrics 200 2ms {"payload":{}}
2025-12-01T04:41:24.407Z [INFO] [REQUEST_MIDDLEWARE] [1d3c9de5-3992-47e6-89a5-d78f491a2d11] ::ffff:127.0.0.1 [GET] /metrics Incoming request {"userAgent":"Prometheus/3.7.3"}
2025-12-01 11:41:24.408 [INFO] [API_REQUEST] [1d3c9de5-3992-47e6-89a5-d78f491a2d11] ::ffff:127.0.0.1 [GET] /metrics Incoming Request: GET /metrics {"payload":{}}
2025-12-01 11:41:24.409 [INFO] [API_RESPONSE] [1d3c9de5-3992-47e6-89a5-d78f491a2d11] ::ffff:127.0.0.1 [GET] /metrics 1ms 200 Response: GET /metrics 200 1ms {"payload":{}}
2025-12-01T04:41:29.408Z [INFO] [REQUEST_MIDDLEWARE] [815eb9f9-248a-4e60-a123-9bea88f0b878] ::ffff:127.0.0.1 [GET] /metrics Incoming request {"userAgent":"Prometheus/3.7.3"}
2025-12-01 11:41:29.409 [INFO] [API_REQUEST] [815eb9f9-248a-4e60-a123-9bea88f0b878] ::ffff:127.0.0.1 [GET] /metrics Incoming Request: GET /metrics {"payload":{}}
2025-12-01 11:41:29.410 [INFO] [API_RESPONSE] [815eb9f9-248a-4e60-a123-9bea88f0b878] ::ffff:127.0.0.1 [GET] /metrics 1ms 200 Response: GET /metrics 200 1ms {"payload":{}}
2025-12-01T04:41:34.408Z [INFO] [REQUEST_MIDDLEWARE] [2b8b8ad2-ea19-45c7-b5d0-e075a8d8df45] ::ffff:127.0.0.1 [GET] /metrics Incoming request {"userAgent":"Prometheus/3.7.3"}
2025-12-01 11:41:34.409 [INFO] [API_REQUEST] [2b8b8ad2-ea19-45c7-b5d0-e075a8d8df45] ::ffff:127.0.0.1 [GET] /metrics Incoming Request: GET /metrics {"payload":{}}
2025-12-01 11:41:34.410 [INFO] [API_RESPONSE] [2b8b8ad2-ea19-45c7-b5d0-e075a8d8df45] ::ffff:127.0.0.1 [GET] /metrics 1ms 200 Response: GET /metrics 200 1ms {"payload":{}}
2025-12-01T04:41:39.407Z [INFO] [REQUEST_MIDDLEWARE] [e0814c73-07f1-473a-a8a7-1a3bdd9d707a] ::ffff:127.0.0.1 [GET] /metrics Incoming request {"userAgent":"Prometheus/3.7.3"}
2025-12-01 11:41:39.408 [INFO] [API_REQUEST] [e0814c73-07f1-473a-a8a7-1a3bdd9d707a] ::ffff:127.0.0.1 [GET] /metrics Incoming Request: GET /metrics {"payload":{}}
2025-12-01 11:41:39.409 [INFO] [API_RESPONSE] [e0814c73-07f1-473a-a8a7-1a3bdd9d707a] ::ffff:127.0.0.1 [GET] /metrics 1ms 200 Response: GET /metrics 200 1ms {"payload":{}}
2025-12-01T04:41:44.408Z [INFO] [REQUEST_MIDDLEWARE] [ecd9cade-debe-432a-a51c-d48610410c19] ::ffff:127.0.0.1 [GET] /metrics Incoming request {"userAgent":"Prometheus/3.7.3"}
2025-12-01 11:41:44.408 [INFO] [API_REQUEST] [ecd9cade-debe-432a-a51c-d48610410c19] ::ffff:127.0.0.1 [GET] /metrics Incoming Request: GET /metrics {"payload":{}}
2025-12-01 11:41:44.410 [INFO] [API_RESPONSE] [ecd9cade-debe-432a-a51c-d48610410c19] ::ffff:127.0.0.1 [GET] /metrics 2ms 200 Response: GET /metrics 200 2ms {"payload":{}}
2025-12-01T04:41:49.408Z [INFO] [REQUEST_MIDDLEWARE] [0737f137-69f4-4c9f-adf0-74ba0563f679] ::ffff:127.0.0.1 [GET] /metrics Incoming request {"userAgent":"Prometheus/3.7.3"}
2025-12-01 11:41:49.409 [INFO] [API_REQUEST] [0737f137-69f4-4c9f-adf0-74ba0563f679] ::ffff:127.0.0.1 [GET] /metrics Incoming Request: GET /metrics {"payload":{}}
2025-12-01 11:41:49.410 [INFO] [API_RESPONSE] [0737f137-69f4-4c9f-adf0-74ba0563f679] ::ffff:127.0.0.1 [GET] /metrics 1ms 200 Response: GET /metrics 200 1ms {"payload":{}}
2025-12-01T04:41:54.408Z [INFO] [REQUEST_MIDDLEWARE] [1121f2a2-471d-4a04-be72-3eb0e8495936] ::ffff:127.0.0.1 [GET] /metrics Incoming request {"userAgent":"Prometheus/3.7.3"}
2025-12-01 11:41:54.408 [INFO] [API_REQUEST] [1121f2a2-471d-4a04-be72-3eb0e8495936] ::ffff:127.0.0.1 [GET] /metrics Incoming Request: GET /metrics {"payload":{}}
2025-12-01 11:41:54.410 [INFO] [API_RESPONSE] [1121f2a2-471d-4a04-be72-3eb0e8495936] ::ffff:127.0.0.1 [GET] /metrics 2ms 200 Response: GET /metrics 200 2ms {"payload":{}}
2025-12-01T04:41:59.408Z [INFO] [REQUEST_MIDDLEWARE] [29fde1ff-1d36-4156-80bc-499fbc9c5c36] ::ffff:127.0.0.1 [GET] /metrics Incoming request {"userAgent":"Prometheus/3.7.3"}
2025-12-01 11:41:59.408 [INFO] [API_REQUEST] [29fde1ff-1d36-4156-80bc-499fbc9c5c36] ::ffff:127.0.0.1 [GET] /metrics Incoming Request: GET /metrics {"payload":{}}
2025-12-01 11:41:59.410 [INFO] [API_RESPONSE] [29fde1ff-1d36-4156-80bc-499fbc9c5c36] ::ffff:127.0.0.1 [GET] /metrics 2ms 200 Response: GET /metrics 200 2ms {"payload":{}}
2025-12-01T04:42:04.408Z [INFO] [REQUEST_MIDDLEWARE] [a2292ab7-22e4-4f4a-a86a-e9fc5c413cd8] ::ffff:127.0.0.1 [GET] /metrics Incoming request {"userAgent":"Prometheus/3.7.3"}
2025-12-01 11:42:04.408 [INFO] [API_REQUEST] [a2292ab7-22e4-4f4a-a86a-e9fc5c413cd8] ::ffff:127.0.0.1 [GET] /metrics Incoming Request: GET /metrics {"payload":{}}
2025-12-01 11:42:04.410 [INFO] [API_RESPONSE] [a2292ab7-22e4-4f4a-a86a-e9fc5c413cd8] ::ffff:127.0.0.1 [GET] /metrics 2ms 200 Response: GET /metrics 200 2ms {"payload":{}}
2025-12-01T04:42:09.408Z [INFO] [REQUEST_MIDDLEWARE] [047eaf13-0453-4f27-a511-a7fb57f4c813] ::ffff:127.0.0.1 [GET] /metrics Incoming request {"userAgent":"Prometheus/3.7.3"}
2025-12-01 11:42:09.409 [INFO] [API_REQUEST] [047eaf13-0453-4f27-a511-a7fb57f4c813] ::ffff:127.0.0.1 [GET] /metrics Incoming Request: GET /metrics {"payload":{}}
2025-12-01 11:42:09.410 [INFO] [API_RESPONSE] [047eaf13-0453-4f27-a511-a7fb57f4c813] ::ffff:127.0.0.1 [GET] /metrics 1ms 200 Response: GET /metrics 200 1ms {"payload":{}}
2025-12-01T04:42:14.408Z [INFO] [REQUEST_MIDDLEWARE] [8a803e2b-ccc0-4b66-a0c8-0eeb01ff71a3] ::ffff:127.0.0.1 [GET] /metrics Incoming request {"userAgent":"Prometheus/3.7.3"}
2025-12-01 11:42:14.408 [INFO] [API_REQUEST] [8a803e2b-ccc0-4b66-a0c8-0eeb01ff71a3] ::ffff:127.0.0.1 [GET] /metrics Incoming Request: GET /metrics {"payload":{}}
2025-12-01 11:42:14.410 [INFO] [API_RESPONSE] [8a803e2b-ccc0-4b66-a0c8-0eeb01ff71a3] ::ffff:127.0.0.1 [GET] /metrics 2ms 200 Response: GET /metrics 200 2ms {"payload":{}}
2025-12-01T04:42:19.408Z [INFO] [REQUEST_MIDDLEWARE] [de7b4eec-b880-4e40-8706-7de300b7e835] ::ffff:127.0.0.1 [GET] /metrics Incoming request {"userAgent":"Prometheus/3.7.3"}
2025-12-01 11:42:19.408 [INFO] [API_REQUEST] [de7b4eec-b880-4e40-8706-7de300b7e835] ::ffff:127.0.0.1 [GET] /metrics Incoming Request: GET /metrics {"payload":{}}
2025-12-01 11:42:19.410 [INFO] [API_RESPONSE] [de7b4eec-b880-4e40-8706-7de300b7e835] ::ffff:127.0.0.1 [GET] /metrics 2ms 200 Response: GET /metrics 200 2ms {"payload":{}}
2025-12-01T04:42:24.408Z [INFO] [REQUEST_MIDDLEWARE] [a9738500-ecf6-4e7a-904b-7c9f6e198dbd] ::ffff:127.0.0.1 [GET] /metrics Incoming request {"userAgent":"Prometheus/3.7.3"}
2025-12-01 11:42:24.408 [INFO] [API_REQUEST] [a9738500-ecf6-4e7a-904b-7c9f6e198dbd] ::ffff:127.0.0.1 [GET] /metrics Incoming Request: GET /metrics {"payload":{}}
2025-12-01 11:42:24.410 [INFO] [API_RESPONSE] [a9738500-ecf6-4e7a-904b-7c9f6e198dbd] ::ffff:127.0.0.1 [GET] /metrics 2ms 200 Response: GET /metrics 200 2ms {"payload":{}}
2025-12-01T04:42:29.408Z [INFO] [REQUEST_MIDDLEWARE] [1d14556c-763e-41c5-ab05-48896b427bce] ::ffff:127.0.0.1 [GET] /metrics Incoming request {"userAgent":"Prometheus/3.7.3"}
2025-12-01 11:42:29.408 [INFO] [API_REQUEST] [1d14556c-763e-41c5-ab05-48896b427bce] ::ffff:127.0.0.1 [GET] /metrics Incoming Request: GET /metrics {"payload":{}}
2025-12-01 11:42:29.410 [INFO] [API_RESPONSE] [1d14556c-763e-41c5-ab05-48896b427bce] ::ffff:127.0.0.1 [GET] /metrics 2ms 200 Response: GET /metrics 200 2ms {"payload":{}}
2025-12-01T04:42:34.407Z [INFO] [REQUEST_MIDDLEWARE] [4245859d-2b44-48b5-acf0-9dda41fdf507] ::ffff:127.0.0.1 [GET] /metrics Incoming request {"userAgent":"Prometheus/3.7.3"}
2025-12-01 11:42:34.407 [INFO] [API_REQUEST] [4245859d-2b44-48b5-acf0-9dda41fdf507] ::ffff:127.0.0.1 [GET] /metrics Incoming Request: GET /metrics {"payload":{}}
2025-12-01 11:42:34.409 [INFO] [API_RESPONSE] [4245859d-2b44-48b5-acf0-9dda41fdf507] ::ffff:127.0.0.1 [GET] /metrics 2ms 200 Response: GET /metrics 200 2ms {"payload":{}}
2025-12-01T04:42:39.407Z [INFO] [REQUEST_MIDDLEWARE] [b7ce9948-91b3-4215-a0e6-35bee9ffedee] ::ffff:127.0.0.1 [GET] /metrics Incoming request {"userAgent":"Prometheus/3.7.3"}
2025-12-01 11:42:39.407 [INFO] [API_REQUEST] [b7ce9948-91b3-4215-a0e6-35bee9ffedee] ::ffff:127.0.0.1 [GET] /metrics Incoming Request: GET /metrics {"payload":{}}
2025-12-01 11:42:39.409 [INFO] [API_RESPONSE] [b7ce9948-91b3-4215-a0e6-35bee9ffedee] ::ffff:127.0.0.1 [GET] /metrics 2ms 200 Response: GET /metrics 200 2ms {"payload":{}}
2025-12-01T04:42:44.406Z [INFO] [REQUEST_MIDDLEWARE] [2d26318e-a9b7-48e3-9ef7-7c5345902827] ::ffff:127.0.0.1 [GET] /metrics Incoming request {"userAgent":"Prometheus/3.7.3"}
2025-12-01 11:42:44.407 [INFO] [API_REQUEST] [2d26318e-a9b7-48e3-9ef7-7c5345902827] ::ffff:127.0.0.1 [GET] /metrics Incoming Request: GET /metrics {"payload":{}}
2025-12-01 11:42:44.409 [INFO] [API_RESPONSE] [2d26318e-a9b7-48e3-9ef7-7c5345902827] ::ffff:127.0.0.1 [GET] /metrics 2ms 200 Response: GET /metrics 200 2ms {"payload":{}}
2025-12-01T04:42:49.408Z [INFO] [REQUEST_MIDDLEWARE] [0d677e80-3af1-47e6-9b13-a5a6839f78a7] ::ffff:127.0.0.1 [GET] /metrics Incoming request {"userAgent":"Prometheus/3.7.3"}
2025-12-01 11:42:49.408 [INFO] [API_REQUEST] [0d677e80-3af1-47e6-9b13-a5a6839f78a7] ::ffff:127.0.0.1 [GET] /metrics Incoming Request: GET /metrics {"payload":{}}
2025-12-01 11:42:49.409 [INFO] [API_RESPONSE] [0d677e80-3af1-47e6-9b13-a5a6839f78a7] ::ffff:127.0.0.1 [GET] /metrics 1ms 200 Response: GET /metrics 200 1ms {"payload":{}}
2025-12-01T04:42:54.407Z [INFO] [REQUEST_MIDDLEWARE] [02c61d46-7e8a-4dee-870d-b05c81e2e46a] ::ffff:127.0.0.1 [GET] /metrics Incoming request {"userAgent":"Prometheus/3.7.3"}
2025-12-01 11:42:54.407 [INFO] [API_REQUEST] [02c61d46-7e8a-4dee-870d-b05c81e2e46a] ::ffff:127.0.0.1 [GET] /metrics Incoming Request: GET /metrics {"payload":{}}
2025-12-01 11:42:54.409 [INFO] [API_RESPONSE] [02c61d46-7e8a-4dee-870d-b05c81e2e46a] ::ffff:127.0.0.1 [GET] /metrics 2ms 200 Response: GET /metrics 200 2ms {"payload":{}}
2025-12-01T04:42:59.408Z [INFO] [REQUEST_MIDDLEWARE] [38badc94-6727-43a0-84d3-5147774e8a24] ::ffff:127.0.0.1 [GET] /metrics Incoming request {"userAgent":"Prometheus/3.7.3"}
2025-12-01 11:42:59.409 [INFO] [API_REQUEST] [38badc94-6727-43a0-84d3-5147774e8a24] ::ffff:127.0.0.1 [GET] /metrics Incoming Request: GET /metrics {"payload":{}}
2025-12-01 11:42:59.410 [INFO] [API_RESPONSE] [38badc94-6727-43a0-84d3-5147774e8a24] ::ffff:127.0.0.1 [GET] /metrics 1ms 200 Response: GET /metrics 200 1ms {"payload":{}}
2025-12-01T04:43:04.407Z [INFO] [REQUEST_MIDDLEWARE] [db6fb39e-4aa5-4fe2-a47b-eaa54888d711] ::ffff:127.0.0.1 [GET] /metrics Incoming request {"userAgent":"Prometheus/3.7.3"}
2025-12-01 11:43:04.408 [INFO] [API_REQUEST] [db6fb39e-4aa5-4fe2-a47b-eaa54888d711] ::ffff:127.0.0.1 [GET] /metrics Incoming Request: GET /metrics {"payload":{}}
2025-12-01 11:43:04.409 [INFO] [API_RESPONSE] [db6fb39e-4aa5-4fe2-a47b-eaa54888d711] ::ffff:127.0.0.1 [GET] /metrics 1ms 200 Response: GET /metrics 200 1ms {"payload":{}}
2025-12-01T04:43:09.408Z [INFO] [REQUEST_MIDDLEWARE] [4caf4928-20ba-4df3-9ef7-8295eb63b504] ::ffff:127.0.0.1 [GET] /metrics Incoming request {"userAgent":"Prometheus/3.7.3"}
2025-12-01 11:43:09.408 [INFO] [API_REQUEST] [4caf4928-20ba-4df3-9ef7-8295eb63b504] ::ffff:127.0.0.1 [GET] /metrics Incoming Request: GET /metrics {"payload":{}}
2025-12-01 11:43:09.410 [INFO] [API_RESPONSE] [4caf4928-20ba-4df3-9ef7-8295eb63b504] ::ffff:127.0.0.1 [GET] /metrics 2ms 200 Response: GET /metrics 200 2ms {"payload":{}}
2025-12-01T04:43:14.408Z [INFO] [REQUEST_MIDDLEWARE] [e7027ac5-6728-42ba-bec4-ea239d9d628f] ::ffff:127.0.0.1 [GET] /metrics Incoming request {"userAgent":"Prometheus/3.7.3"}
2025-12-01 11:43:14.408 [INFO] [API_REQUEST] [e7027ac5-6728-42ba-bec4-ea239d9d628f] ::ffff:127.0.0.1 [GET] /metrics Incoming Request: GET /metrics {"payload":{}}
2025-12-01 11:43:14.409 [INFO] [API_RESPONSE] [e7027ac5-6728-42ba-bec4-ea239d9d628f] ::ffff:127.0.0.1 [GET] /metrics 1ms 200 Response: GET /metrics 200 1ms {"payload":{}}
2025-12-01T04:43:19.407Z [INFO] [REQUEST_MIDDLEWARE] [0d287ee1-15d3-4245-8586-3d710fcdd5d9] ::ffff:127.0.0.1 [GET] /metrics Incoming request {"userAgent":"Prometheus/3.7.3"}
2025-12-01 11:43:19.408 [INFO] [API_REQUEST] [0d287ee1-15d3-4245-8586-3d710fcdd5d9] ::ffff:127.0.0.1 [GET] /metrics Incoming Request: GET /metrics {"payload":{}}
2025-12-01 11:43:19.409 [INFO] [API_RESPONSE] [0d287ee1-15d3-4245-8586-3d710fcdd5d9] ::ffff:127.0.0.1 [GET] /metrics 1ms 200 Response: GET /metrics 200 1ms {"payload":{}}
2025-12-01T04:43:24.407Z [INFO] [REQUEST_MIDDLEWARE] [23989db2-0e30-448e-b14c-bd32aff1957b] ::ffff:127.0.0.1 [GET] /metrics Incoming request {"userAgent":"Prometheus/3.7.3"}
2025-12-01 11:43:24.408 [INFO] [API_REQUEST] [23989db2-0e30-448e-b14c-bd32aff1957b] ::ffff:127.0.0.1 [GET] /metrics Incoming Request: GET /metrics {"payload":{}}
2025-12-01 11:43:24.409 [INFO] [API_RESPONSE] [23989db2-0e30-448e-b14c-bd32aff1957b] ::ffff:127.0.0.1 [GET] /metrics 1ms 200 Response: GET /metrics 200 1ms {"payload":{}}
2025-12-01T04:43:29.407Z [INFO] [REQUEST_MIDDLEWARE] [eeb54d7a-ef20-4f9c-a874-30860ffb0b8c] ::ffff:127.0.0.1 [GET] /metrics Incoming request {"userAgent":"Prometheus/3.7.3"}
2025-12-01 11:43:29.407 [INFO] [API_REQUEST] [eeb54d7a-ef20-4f9c-a874-30860ffb0b8c] ::ffff:127.0.0.1 [GET] /metrics Incoming Request: GET /metrics {"payload":{}}
2025-12-01 11:43:29.409 [INFO] [API_RESPONSE] [eeb54d7a-ef20-4f9c-a874-30860ffb0b8c] ::ffff:127.0.0.1 [GET] /metrics 2ms 200 Response: GET /metrics 200 2ms {"payload":{}}
2025-12-01T04:43:34.407Z [INFO] [REQUEST_MIDDLEWARE] [692d44f7-c78e-477e-bdef-95d39f35484c] ::ffff:127.0.0.1 [GET] /metrics Incoming request {"userAgent":"Prometheus/3.7.3"}
2025-12-01 11:43:34.408 [INFO] [API_REQUEST] [692d44f7-c78e-477e-bdef-95d39f35484c] ::ffff:127.0.0.1 [GET] /metrics Incoming Request: GET /metrics {"payload":{}}
2025-12-01 11:43:34.409 [INFO] [API_RESPONSE] [692d44f7-c78e-477e-bdef-95d39f35484c] ::ffff:127.0.0.1 [GET] /metrics 1ms 200 Response: GET /metrics 200 1ms {"payload":{}}
2025-12-01T04:43:39.408Z [INFO] [REQUEST_MIDDLEWARE] [0d8da285-a4c7-4797-aac8-165a9e5a82ff] ::ffff:127.0.0.1 [GET] /metrics Incoming request {"userAgent":"Prometheus/3.7.3"}
2025-12-01 11:43:39.408 [INFO] [API_REQUEST] [0d8da285-a4c7-4797-aac8-165a9e5a82ff] ::ffff:127.0.0.1 [GET] /metrics Incoming Request: GET /metrics {"payload":{}}
2025-12-01 11:43:39.410 [INFO] [API_RESPONSE] [0d8da285-a4c7-4797-aac8-165a9e5a82ff] ::ffff:127.0.0.1 [GET] /metrics 2ms 200 Response: GET /metrics 200 2ms {"payload":{}}
2025-12-01T04:43:44.406Z [INFO] [REQUEST_MIDDLEWARE] [1095c47a-a692-42c7-a048-6d8d917a5cb5] ::ffff:127.0.0.1 [GET] /metrics Incoming request {"userAgent":"Prometheus/3.7.3"}
2025-12-01 11:43:44.407 [INFO] [API_REQUEST] [1095c47a-a692-42c7-a048-6d8d917a5cb5] ::ffff:127.0.0.1 [GET] /metrics Incoming Request: GET /metrics {"payload":{}}
2025-12-01 11:43:44.408 [INFO] [API_RESPONSE] [1095c47a-a692-42c7-a048-6d8d917a5cb5] ::ffff:127.0.0.1 [GET] /metrics 1ms 200 Response: GET /metrics 200 1ms {"payload":{}}
2025-12-01T04:43:49.408Z [INFO] [REQUEST_MIDDLEWARE] [74fec112-c5b8-450a-afc7-7912f479ecbc] ::ffff:127.0.0.1 [GET] /metrics Incoming request {"userAgent":"Prometheus/3.7.3"}
2025-12-01 11:43:49.408 [INFO] [API_REQUEST] [74fec112-c5b8-450a-afc7-7912f479ecbc] ::ffff:127.0.0.1 [GET] /metrics Incoming Request: GET /metrics {"payload":{}}
2025-12-01 11:43:49.409 [INFO] [API_RESPONSE] [74fec112-c5b8-450a-afc7-7912f479ecbc] ::ffff:127.0.0.1 [GET] /metrics 1ms 200 Response: GET /metrics 200 1ms {"payload":{}}
2025-12-01T04:43:54.406Z [INFO] [REQUEST_MIDDLEWARE] [318b1ba8-3cf1-449a-81ec-b2a762ec8c16] ::ffff:127.0.0.1 [GET] /metrics Incoming request {"userAgent":"Prometheus/3.7.3"}
2025-12-01 11:43:54.407 [INFO] [API_REQUEST] [318b1ba8-3cf1-449a-81ec-b2a762ec8c16] ::ffff:127.0.0.1 [GET] /metrics Incoming Request: GET /metrics {"payload":{}}
2025-12-01 11:43:54.408 [INFO] [API_RESPONSE] [318b1ba8-3cf1-449a-81ec-b2a762ec8c16] ::ffff:127.0.0.1 [GET] /metrics 1ms 200 Response: GET /metrics 200 1ms {"payload":{}}
2025-12-01T04:43:59.408Z [INFO] [REQUEST_MIDDLEWARE] [26cc993e-0663-4806-9235-330d263086c0] ::ffff:127.0.0.1 [GET] /metrics Incoming request {"userAgent":"Prometheus/3.7.3"}
2025-12-01 11:43:59.408 [INFO] [API_REQUEST] [26cc993e-0663-4806-9235-330d263086c0] ::ffff:127.0.0.1 [GET] /metrics Incoming Request: GET /metrics {"payload":{}}
2025-12-01 11:43:59.409 [INFO] [API_RESPONSE] [26cc993e-0663-4806-9235-330d263086c0] ::ffff:127.0.0.1 [GET] /metrics 1ms 200 Response: GET /metrics 200 1ms {"payload":{}}
2025-12-01T04:44:04.408Z [INFO] [REQUEST_MIDDLEWARE] [5162909b-a6a2-4572-9afb-3bde14dfaaa9] ::ffff:127.0.0.1 [GET] /metrics Incoming request {"userAgent":"Prometheus/3.7.3"}
2025-12-01 11:44:04.409 [INFO] [API_REQUEST] [5162909b-a6a2-4572-9afb-3bde14dfaaa9] ::ffff:127.0.0.1 [GET] /metrics Incoming Request: GET /metrics {"payload":{}}
2025-12-01 11:44:04.410 [INFO] [API_RESPONSE] [5162909b-a6a2-4572-9afb-3bde14dfaaa9] ::ffff:127.0.0.1 [GET] /metrics 1ms 200 Response: GET /metrics 200 1ms {"payload":{}}
2025-12-01T04:44:09.408Z [INFO] [REQUEST_MIDDLEWARE] [bab5a675-c6ef-4e6c-8bb6-82d4f466e66c] ::ffff:127.0.0.1 [GET] /metrics Incoming request {"userAgent":"Prometheus/3.7.3"}
2025-12-01 11:44:09.408 [INFO] [API_REQUEST] [bab5a675-c6ef-4e6c-8bb6-82d4f466e66c] ::ffff:127.0.0.1 [GET] /metrics Incoming Request: GET /metrics {"payload":{}}
2025-12-01 11:44:09.410 [INFO] [API_RESPONSE] [bab5a675-c6ef-4e6c-8bb6-82d4f466e66c] ::ffff:127.0.0.1 [GET] /metrics 2ms 200 Response: GET /metrics 200 2ms {"payload":{}}
2025-12-01T04:44:14.407Z [INFO] [REQUEST_MIDDLEWARE] [dd791bc5-ffad-43dd-b6c4-4bd659fecdd5] ::ffff:127.0.0.1 [GET] /metrics Incoming request {"userAgent":"Prometheus/3.7.3"}
2025-12-01 11:44:14.407 [INFO] [API_REQUEST] [dd791bc5-ffad-43dd-b6c4-4bd659fecdd5] ::ffff:127.0.0.1 [GET] /metrics Incoming Request: GET /metrics {"payload":{}}
2025-12-01 11:44:14.409 [INFO] [API_RESPONSE] [dd791bc5-ffad-43dd-b6c4-4bd659fecdd5] ::ffff:127.0.0.1 [GET] /metrics 2ms 200 Response: GET /metrics 200 2ms {"payload":{}}
2025-12-01T04:44:19.408Z [INFO] [REQUEST_MIDDLEWARE] [2d836d4e-8379-4662-a806-d88889935d5b] ::ffff:127.0.0.1 [GET] /metrics Incoming request {"userAgent":"Prometheus/3.7.3"}
2025-12-01 11:44:19.408 [INFO] [API_REQUEST] [2d836d4e-8379-4662-a806-d88889935d5b] ::ffff:127.0.0.1 [GET] /metrics Incoming Request: GET /metrics {"payload":{}}
2025-12-01 11:44:19.410 [INFO] [API_RESPONSE] [2d836d4e-8379-4662-a806-d88889935d5b] ::ffff:127.0.0.1 [GET] /metrics 2ms 200 Response: GET /metrics 200 2ms {"payload":{}}
2025-12-01T04:44:24.408Z [INFO] [REQUEST_MIDDLEWARE] [768716e1-5553-4e60-bb9e-39ce5816fda4] ::ffff:127.0.0.1 [GET] /metrics Incoming request {"userAgent":"Prometheus/3.7.3"}
2025-12-01 11:44:24.408 [INFO] [API_REQUEST] [768716e1-5553-4e60-bb9e-39ce5816fda4] ::ffff:127.0.0.1 [GET] /metrics Incoming Request: GET /metrics {"payload":{}}
2025-12-01 11:44:24.410 [INFO] [API_RESPONSE] [768716e1-5553-4e60-bb9e-39ce5816fda4] ::ffff:127.0.0.1 [GET] /metrics 2ms 200 Response: GET /metrics 200 2ms {"payload":{}}
2025-12-01T04:44:29.407Z [INFO] [REQUEST_MIDDLEWARE] [771f76e8-b6d7-4eac-9edb-40b86c82f6fc] ::ffff:127.0.0.1 [GET] /metrics Incoming request {"userAgent":"Prometheus/3.7.3"}
2025-12-01 11:44:29.407 [INFO] [API_REQUEST] [771f76e8-b6d7-4eac-9edb-40b86c82f6fc] ::ffff:127.0.0.1 [GET] /metrics Incoming Request: GET /metrics {"payload":{}}
2025-12-01 11:44:29.408 [INFO] [API_RESPONSE] [771f76e8-b6d7-4eac-9edb-40b86c82f6fc] ::ffff:127.0.0.1 [GET] /metrics 1ms 200 Response: GET /metrics 200 1ms {"payload":{}}
2025-12-01T04:44:34.407Z [INFO] [REQUEST_MIDDLEWARE] [dcdda9b7-49b2-4f66-a779-f44814bf25e9] ::ffff:127.0.0.1 [GET] /metrics Incoming request {"userAgent":"Prometheus/3.7.3"}
2025-12-01 11:44:34.407 [INFO] [API_REQUEST] [dcdda9b7-49b2-4f66-a779-f44814bf25e9] ::ffff:127.0.0.1 [GET] /metrics Incoming Request: GET /metrics {"payload":{}}
2025-12-01 11:44:34.409 [INFO] [API_RESPONSE] [dcdda9b7-49b2-4f66-a779-f44814bf25e9] ::ffff:127.0.0.1 [GET] /metrics 2ms 200 Response: GET /metrics 200 2ms {"payload":{}}
2025-12-01T04:44:39.407Z [INFO] [REQUEST_MIDDLEWARE] [5178c7a6-6009-4ca7-bd33-6a227a872142] ::ffff:127.0.0.1 [GET] /metrics Incoming request {"userAgent":"Prometheus/3.7.3"}
2025-12-01 11:44:39.407 [INFO] [API_REQUEST] [5178c7a6-6009-4ca7-bd33-6a227a872142] ::ffff:127.0.0.1 [GET] /metrics Incoming Request: GET /metrics {"payload":{}}
2025-12-01 11:44:39.409 [INFO] [API_RESPONSE] [5178c7a6-6009-4ca7-bd33-6a227a872142] ::ffff:127.0.0.1 [GET] /metrics 2ms 200 Response: GET /metrics 200 2ms {"payload":{}}
2025-12-01T04:44:44.406Z [INFO] [REQUEST_MIDDLEWARE] [0dd03efc-8f83-4120-803e-9958a1ea63b9] ::ffff:127.0.0.1 [GET] /metrics Incoming request {"userAgent":"Prometheus/3.7.3"}
2025-12-01 11:44:44.406 [INFO] [API_REQUEST] [0dd03efc-8f83-4120-803e-9958a1ea63b9] ::ffff:127.0.0.1 [GET] /metrics Incoming Request: GET /metrics {"payload":{}}
2025-12-01 11:44:44.408 [INFO] [API_RESPONSE] [0dd03efc-8f83-4120-803e-9958a1ea63b9] ::ffff:127.0.0.1 [GET] /metrics 2ms 200 Response: GET /metrics 200 2ms {"payload":{}}
2025-12-01T04:44:49.406Z [INFO] [REQUEST_MIDDLEWARE] [08b3eb56-3c2e-425c-901e-d5efc1b26967] ::ffff:127.0.0.1 [GET] /metrics Incoming request {"userAgent":"Prometheus/3.7.3"}
2025-12-01 11:44:49.406 [INFO] [API_REQUEST] [08b3eb56-3c2e-425c-901e-d5efc1b26967] ::ffff:127.0.0.1 [GET] /metrics Incoming Request: GET /metrics {"payload":{}}
2025-12-01 11:44:49.408 [INFO] [API_RESPONSE] [08b3eb56-3c2e-425c-901e-d5efc1b26967] ::ffff:127.0.0.1 [GET] /metrics 2ms 200 Response: GET /metrics 200 2ms {"payload":{}}
2025-12-01T04:44:54.407Z [INFO] [REQUEST_MIDDLEWARE] [087d2d4e-fa27-4e9a-a91a-a777254a6c65] ::ffff:127.0.0.1 [GET] /metrics Incoming request {"userAgent":"Prometheus/3.7.3"}
2025-12-01 11:44:54.408 [INFO] [API_REQUEST] [087d2d4e-fa27-4e9a-a91a-a777254a6c65] ::ffff:127.0.0.1 [GET] /metrics Incoming Request: GET /metrics {"payload":{}}
2025-12-01 11:44:54.410 [INFO] [API_RESPONSE] [087d2d4e-fa27-4e9a-a91a-a777254a6c65] ::ffff:127.0.0.1 [GET] /metrics 2ms 200 Response: GET /metrics 200 2ms {"payload":{}}
2025-12-01T04:44:59.407Z [INFO] [REQUEST_MIDDLEWARE] [6c00649c-b7be-4f73-b80f-6f44679f7e68] ::ffff:127.0.0.1 [GET] /metrics Incoming request {"userAgent":"Prometheus/3.7.3"}
2025-12-01 11:44:59.407 [INFO] [API_REQUEST] [6c00649c-b7be-4f73-b80f-6f44679f7e68] ::ffff:127.0.0.1 [GET] /metrics Incoming Request: GET /metrics {"payload":{}}
2025-12-01 11:44:59.409 [INFO] [API_RESPONSE] [6c00649c-b7be-4f73-b80f-6f44679f7e68] ::ffff:127.0.0.1 [GET] /metrics 2ms 200 Response: GET /metrics 200 2ms {"payload":{}}
2025-12-01T04:45:04.406Z [INFO] [REQUEST_MIDDLEWARE] [01be3b4a-8295-4d45-add0-3a711732064c] ::ffff:127.0.0.1 [GET] /metrics Incoming request {"userAgent":"Prometheus/3.7.3"}
2025-12-01 11:45:04.406 [INFO] [API_REQUEST] [01be3b4a-8295-4d45-add0-3a711732064c] ::ffff:127.0.0.1 [GET] /metrics Incoming Request: GET /metrics {"payload":{}}
2025-12-01 11:45:04.408 [INFO] [API_RESPONSE] [01be3b4a-8295-4d45-add0-3a711732064c] ::ffff:127.0.0.1 [GET] /metrics 2ms 200 Response: GET /metrics 200 2ms {"payload":{}}
2025-12-01T04:45:09.407Z [INFO] [REQUEST_MIDDLEWARE] [d44b4f17-c325-42fc-88b6-ed2a8bdc991a] ::ffff:127.0.0.1 [GET] /metrics Incoming request {"userAgent":"Prometheus/3.7.3"}
2025-12-01 11:45:09.407 [INFO] [API_REQUEST] [d44b4f17-c325-42fc-88b6-ed2a8bdc991a] ::ffff:127.0.0.1 [GET] /metrics Incoming Request: GET /metrics {"payload":{}}
2025-12-01 11:45:09.409 [INFO] [API_RESPONSE] [d44b4f17-c325-42fc-88b6-ed2a8bdc991a] ::ffff:127.0.0.1 [GET] /metrics 2ms 200 Response: GET /metrics 200 2ms {"payload":{}}
2025-12-01T04:45:14.406Z [INFO] [REQUEST_MIDDLEWARE] [4edbd3aa-30fe-4b8f-98bc-9b88518ece99] ::ffff:127.0.0.1 [GET] /metrics Incoming request {"userAgent":"Prometheus/3.7.3"}
2025-12-01 11:45:14.406 [INFO] [API_REQUEST] [4edbd3aa-30fe-4b8f-98bc-9b88518ece99] ::ffff:127.0.0.1 [GET] /metrics Incoming Request: GET /metrics {"payload":{}}
2025-12-01 11:45:14.408 [INFO] [API_RESPONSE] [4edbd3aa-30fe-4b8f-98bc-9b88518ece99] ::ffff:127.0.0.1 [GET] /metrics 2ms 200 Response: GET /metrics 200 2ms {"payload":{}}
2025-12-01T04:45:19.407Z [INFO] [REQUEST_MIDDLEWARE] [35f68f9e-4f5d-4a85-962d-5edfe2711ecb] ::ffff:127.0.0.1 [GET] /metrics Incoming request {"userAgent":"Prometheus/3.7.3"}
2025-12-01 11:45:19.407 [INFO] [API_REQUEST] [35f68f9e-4f5d-4a85-962d-5edfe2711ecb] ::ffff:127.0.0.1 [GET] /metrics Incoming Request: GET /metrics {"payload":{}}
2025-12-01 11:45:19.409 [INFO] [API_RESPONSE] [35f68f9e-4f5d-4a85-962d-5edfe2711ecb] ::ffff:127.0.0.1 [GET] /metrics 1ms 200 Response: GET /metrics 200 1ms {"payload":{}}
2025-12-01T04:45:24.407Z [INFO] [REQUEST_MIDDLEWARE] [0e65d765-dd1b-4e0a-b8d0-3bd7d8b83de5] ::ffff:127.0.0.1 [GET] /metrics Incoming request {"userAgent":"Prometheus/3.7.3"}
2025-12-01 11:45:24.407 [INFO] [API_REQUEST] [0e65d765-dd1b-4e0a-b8d0-3bd7d8b83de5] ::ffff:127.0.0.1 [GET] /metrics Incoming Request: GET /metrics {"payload":{}}
2025-12-01 11:45:24.409 [INFO] [API_RESPONSE] [0e65d765-dd1b-4e0a-b8d0-3bd7d8b83de5] ::ffff:127.0.0.1 [GET] /metrics 2ms 200 Response: GET /metrics 200 2ms {"payload":{}}
2025-12-01T04:45:29.408Z [INFO] [REQUEST_MIDDLEWARE] [46fb120f-d86f-48ec-8c20-cc90c160b8f9] ::ffff:127.0.0.1 [GET] /metrics Incoming request {"userAgent":"Prometheus/3.7.3"}
2025-12-01 11:45:29.408 [INFO] [API_REQUEST] [46fb120f-d86f-48ec-8c20-cc90c160b8f9] ::ffff:127.0.0.1 [GET] /metrics Incoming Request: GET /metrics {"payload":{}}
2025-12-01 11:45:29.410 [INFO] [API_RESPONSE] [46fb120f-d86f-48ec-8c20-cc90c160b8f9] ::ffff:127.0.0.1 [GET] /metrics 2ms 200 Response: GET /metrics 200 2ms {"payload":{}}
2025-12-01T04:45:34.407Z [INFO] [REQUEST_MIDDLEWARE] [cc315d9d-dc4c-4914-8ae2-46757261c003] ::ffff:127.0.0.1 [GET] /metrics Incoming request {"userAgent":"Prometheus/3.7.3"}
2025-12-01 11:45:34.407 [INFO] [API_REQUEST] [cc315d9d-dc4c-4914-8ae2-46757261c003] ::ffff:127.0.0.1 [GET] /metrics Incoming Request: GET /metrics {"payload":{}}
2025-12-01 11:45:34.409 [INFO] [API_RESPONSE] [cc315d9d-dc4c-4914-8ae2-46757261c003] ::ffff:127.0.0.1 [GET] /metrics 2ms 200 Response: GET /metrics 200 2ms {"payload":{}}
2025-12-01T04:45:39.406Z [INFO] [REQUEST_MIDDLEWARE] [7d11f8ec-b7f3-434f-84e7-9b0d57c8ecb1] ::ffff:127.0.0.1 [GET] /metrics Incoming request {"userAgent":"Prometheus/3.7.3"}
2025-12-01 11:45:39.407 [INFO] [API_REQUEST] [7d11f8ec-b7f3-434f-84e7-9b0d57c8ecb1] ::ffff:127.0.0.1 [GET] /metrics Incoming Request: GET /metrics {"payload":{}}
2025-12-01 11:45:39.408 [INFO] [API_RESPONSE] [7d11f8ec-b7f3-434f-84e7-9b0d57c8ecb1] ::ffff:127.0.0.1 [GET] /metrics 1ms 200 Response: GET /metrics 200 1ms {"payload":{}}
2025-12-01T04:45:44.407Z [INFO] [REQUEST_MIDDLEWARE] [77d5d50d-c990-45ad-97f2-60a2181a0cff] ::ffff:127.0.0.1 [GET] /metrics Incoming request {"userAgent":"Prometheus/3.7.3"}
2025-12-01 11:45:44.408 [INFO] [API_REQUEST] [77d5d50d-c990-45ad-97f2-60a2181a0cff] ::ffff:127.0.0.1 [GET] /metrics Incoming Request: GET /metrics {"payload":{}}
2025-12-01 11:45:44.409 [INFO] [API_RESPONSE] [77d5d50d-c990-45ad-97f2-60a2181a0cff] ::ffff:127.0.0.1 [GET] /metrics 1ms 200 Response: GET /metrics 200 1ms {"payload":{}}
2025-12-01T04:45:49.407Z [INFO] [REQUEST_MIDDLEWARE] [59e4f291-5e43-48a1-a396-218225cb528f] ::ffff:127.0.0.1 [GET] /metrics Incoming request {"userAgent":"Prometheus/3.7.3"}
2025-12-01 11:45:49.407 [INFO] [API_REQUEST] [59e4f291-5e43-48a1-a396-218225cb528f] ::ffff:127.0.0.1 [GET] /metrics Incoming Request: GET /metrics {"payload":{}}
2025-12-01 11:45:49.409 [INFO] [API_RESPONSE] [59e4f291-5e43-48a1-a396-218225cb528f] ::ffff:127.0.0.1 [GET] /metrics 2ms 200 Response: GET /metrics 200 2ms {"payload":{}}
2025-12-01T04:45:54.408Z [INFO] [REQUEST_MIDDLEWARE] [27ec4975-cea3-4a88-a95a-10bf961489b8] ::ffff:127.0.0.1 [GET] /metrics Incoming request {"userAgent":"Prometheus/3.7.3"}
2025-12-01 11:45:54.408 [INFO] [API_REQUEST] [27ec4975-cea3-4a88-a95a-10bf961489b8] ::ffff:127.0.0.1 [GET] /metrics Incoming Request: GET /metrics {"payload":{}}
2025-12-01 11:45:54.410 [INFO] [API_RESPONSE] [27ec4975-cea3-4a88-a95a-10bf961489b8] ::ffff:127.0.0.1 [GET] /metrics 2ms 200 Response: GET /metrics 200 2ms {"payload":{}}
2025-12-01T04:45:59.408Z [INFO] [REQUEST_MIDDLEWARE] [3c2272bc-8628-40e6-8c60-886d712cf1e2] ::ffff:127.0.0.1 [GET] /metrics Incoming request {"userAgent":"Prometheus/3.7.3"}
2025-12-01 11:45:59.408 [INFO] [API_REQUEST] [3c2272bc-8628-40e6-8c60-886d712cf1e2] ::ffff:127.0.0.1 [GET] /metrics Incoming Request: GET /metrics {"payload":{}}
2025-12-01 11:45:59.410 [INFO] [API_RESPONSE] [3c2272bc-8628-40e6-8c60-886d712cf1e2] ::ffff:127.0.0.1 [GET] /metrics 2ms 200 Response: GET /metrics 200 2ms {"payload":{}}
2025-12-01T04:46:04.408Z [INFO] [REQUEST_MIDDLEWARE] [d2c661ce-5e47-4cac-9273-e730c5f08178] ::ffff:127.0.0.1 [GET] /metrics Incoming request {"userAgent":"Prometheus/3.7.3"}
2025-12-01 11:46:04.408 [INFO] [API_REQUEST] [d2c661ce-5e47-4cac-9273-e730c5f08178] ::ffff:127.0.0.1 [GET] /metrics Incoming Request: GET /metrics {"payload":{}}
2025-12-01 11:46:04.409 [INFO] [API_RESPONSE] [d2c661ce-5e47-4cac-9273-e730c5f08178] ::ffff:127.0.0.1 [GET] /metrics 1ms 200 Response: GET /metrics 200 1ms {"payload":{}}
2025-12-01T04:46:09.408Z [INFO] [REQUEST_MIDDLEWARE] [2fe9c9dc-f5dc-4522-9936-8a5d85207928] ::ffff:127.0.0.1 [GET] /metrics Incoming request {"userAgent":"Prometheus/3.7.3"}
2025-12-01 11:46:09.408 [INFO] [API_REQUEST] [2fe9c9dc-f5dc-4522-9936-8a5d85207928] ::ffff:127.0.0.1 [GET] /metrics Incoming Request: GET /metrics {"payload":{}}
2025-12-01 11:46:09.409 [INFO] [API_RESPONSE] [2fe9c9dc-f5dc-4522-9936-8a5d85207928] ::ffff:127.0.0.1 [GET] /metrics 1ms 200 Response: GET /metrics 200 1ms {"payload":{}}
2025-12-01T04:46:14.406Z [INFO] [REQUEST_MIDDLEWARE] [3d6662db-ffc0-4584-9ddc-2321f12ca9d2] ::ffff:127.0.0.1 [GET] /metrics Incoming request {"userAgent":"Prometheus/3.7.3"}
2025-12-01 11:46:14.407 [INFO] [API_REQUEST] [3d6662db-ffc0-4584-9ddc-2321f12ca9d2] ::ffff:127.0.0.1 [GET] /metrics Incoming Request: GET /metrics {"payload":{}}
2025-12-01 11:46:14.409 [INFO] [API_RESPONSE] [3d6662db-ffc0-4584-9ddc-2321f12ca9d2] ::ffff:127.0.0.1 [GET] /metrics 2ms 200 Response: GET /metrics 200 2ms {"payload":{}}
2025-12-01T04:46:19.408Z [INFO] [REQUEST_MIDDLEWARE] [eb7d4d2f-36bb-430a-84d4-f01614a21a0b] ::ffff:127.0.0.1 [GET] /metrics Incoming request {"userAgent":"Prometheus/3.7.3"}
2025-12-01 11:46:19.408 [INFO] [API_REQUEST] [eb7d4d2f-36bb-430a-84d4-f01614a21a0b] ::ffff:127.0.0.1 [GET] /metrics Incoming Request: GET /metrics {"payload":{}}
2025-12-01 11:46:19.409 [INFO] [API_RESPONSE] [eb7d4d2f-36bb-430a-84d4-f01614a21a0b] ::ffff:127.0.0.1 [GET] /metrics 1ms 200 Response: GET /metrics 200 1ms {"payload":{}}
2025-12-01T04:46:24.408Z [INFO] [REQUEST_MIDDLEWARE] [68fc3536-9481-4ceb-92d0-31f07be930fe] ::ffff:127.0.0.1 [GET] /metrics Incoming request {"userAgent":"Prometheus/3.7.3"}
2025-12-01 11:46:24.408 [INFO] [API_REQUEST] [68fc3536-9481-4ceb-92d0-31f07be930fe] ::ffff:127.0.0.1 [GET] /metrics Incoming Request: GET /metrics {"payload":{}}
2025-12-01 11:46:24.410 [INFO] [API_RESPONSE] [68fc3536-9481-4ceb-92d0-31f07be930fe] ::ffff:127.0.0.1 [GET] /metrics 2ms 200 Response: GET /metrics 200 2ms {"payload":{}}
2025-12-01T04:46:29.409Z [INFO] [REQUEST_MIDDLEWARE] [5e542659-70f6-4310-91db-05c95bf60df8] ::ffff:127.0.0.1 [GET] /metrics Incoming request {"userAgent":"Prometheus/3.7.3"}
2025-12-01 11:46:29.409 [INFO] [API_REQUEST] [5e542659-70f6-4310-91db-05c95bf60df8] ::ffff:127.0.0.1 [GET] /metrics Incoming Request: GET /metrics {"payload":{}}
2025-12-01 11:46:29.411 [INFO] [API_RESPONSE] [5e542659-70f6-4310-91db-05c95bf60df8] ::ffff:127.0.0.1 [GET] /metrics 2ms 200 Response: GET /metrics 200 2ms {"payload":{}}
2025-12-01T04:46:34.408Z [INFO] [REQUEST_MIDDLEWARE] [178d2519-a0f0-4c9d-9c40-1d776a96d509] ::ffff:127.0.0.1 [GET] /metrics Incoming request {"userAgent":"Prometheus/3.7.3"}
2025-12-01 11:46:34.408 [INFO] [API_REQUEST] [178d2519-a0f0-4c9d-9c40-1d776a96d509] ::ffff:127.0.0.1 [GET] /metrics Incoming Request: GET /metrics {"payload":{}}
2025-12-01 11:46:34.410 [INFO] [API_RESPONSE] [178d2519-a0f0-4c9d-9c40-1d776a96d509] ::ffff:127.0.0.1 [GET] /metrics 2ms 200 Response: GET /metrics 200 2ms {"payload":{}}
2025-12-01T04:46:39.407Z [INFO] [REQUEST_MIDDLEWARE] [edd45fee-f76d-4dfe-a7e0-ce65698274a8] ::ffff:127.0.0.1 [GET] /metrics Incoming request {"userAgent":"Prometheus/3.7.3"}
2025-12-01 11:46:39.408 [INFO] [API_REQUEST] [edd45fee-f76d-4dfe-a7e0-ce65698274a8] ::ffff:127.0.0.1 [GET] /metrics Incoming Request: GET /metrics {"payload":{}}
2025-12-01 11:46:39.409 [INFO] [API_RESPONSE] [edd45fee-f76d-4dfe-a7e0-ce65698274a8] ::ffff:127.0.0.1 [GET] /metrics 1ms 200 Response: GET /metrics 200 1ms {"payload":{}}
2025-12-01T04:46:44.408Z [INFO] [REQUEST_MIDDLEWARE] [e4c7586a-1305-4b0e-b1a8-5ee7a73ae7ac] ::ffff:127.0.0.1 [GET] /metrics Incoming request {"userAgent":"Prometheus/3.7.3"}
2025-12-01 11:46:44.408 [INFO] [API_REQUEST] [e4c7586a-1305-4b0e-b1a8-5ee7a73ae7ac] ::ffff:127.0.0.1 [GET] /metrics Incoming Request: GET /metrics {"payload":{}}
2025-12-01 11:46:44.409 [INFO] [API_RESPONSE] [e4c7586a-1305-4b0e-b1a8-5ee7a73ae7ac] ::ffff:127.0.0.1 [GET] /metrics 1ms 200 Response: GET /metrics 200 1ms {"payload":{}}
2025-12-01T04:46:49.408Z [INFO] [REQUEST_MIDDLEWARE] [9d7cf6ad-77dc-4aa2-b457-71d26e965374] ::ffff:127.0.0.1 [GET] /metrics Incoming request {"userAgent":"Prometheus/3.7.3"}
2025-12-01 11:46:49.409 [INFO] [API_REQUEST] [9d7cf6ad-77dc-4aa2-b457-71d26e965374] ::ffff:127.0.0.1 [GET] /metrics Incoming Request: GET /metrics {"payload":{}}
2025-12-01 11:46:49.410 [INFO] [API_RESPONSE] [9d7cf6ad-77dc-4aa2-b457-71d26e965374] ::ffff:127.0.0.1 [GET] /metrics 1ms 200 Response: GET /metrics 200 1ms {"payload":{}}
2025-12-01T04:46:54.406Z [INFO] [REQUEST_MIDDLEWARE] [72c4e075-73de-46b5-b428-7449369a431e] ::ffff:127.0.0.1 [GET] /metrics Incoming request {"userAgent":"Prometheus/3.7.3"}
2025-12-01 11:46:54.407 [INFO] [API_REQUEST] [72c4e075-73de-46b5-b428-7449369a431e] ::ffff:127.0.0.1 [GET] /metrics Incoming Request: GET /metrics {"payload":{}}
2025-12-01 11:46:54.408 [INFO] [API_RESPONSE] [72c4e075-73de-46b5-b428-7449369a431e] ::ffff:127.0.0.1 [GET] /metrics 1ms 200 Response: GET /metrics 200 1ms {"payload":{}}
2025-12-01T04:46:59.407Z [INFO] [REQUEST_MIDDLEWARE] [4535cdaa-9755-47f3-81d1-364623573a00] ::ffff:127.0.0.1 [GET] /metrics Incoming request {"userAgent":"Prometheus/3.7.3"}
2025-12-01 11:46:59.407 [INFO] [API_REQUEST] [4535cdaa-9755-47f3-81d1-364623573a00] ::ffff:127.0.0.1 [GET] /metrics Incoming Request: GET /metrics {"payload":{}}
2025-12-01 11:46:59.409 [INFO] [API_RESPONSE] [4535cdaa-9755-47f3-81d1-364623573a00] ::ffff:127.0.0.1 [GET] /metrics 2ms 200 Response: GET /metrics 200 2ms {"payload":{}}
2025-12-01T04:47:04.407Z [INFO] [REQUEST_MIDDLEWARE] [29ae21fb-f7a4-40da-b396-2f4a1b7759d2] ::ffff:127.0.0.1 [GET] /metrics Incoming request {"userAgent":"Prometheus/3.7.3"}
2025-12-01 11:47:04.407 [INFO] [API_REQUEST] [29ae21fb-f7a4-40da-b396-2f4a1b7759d2] ::ffff:127.0.0.1 [GET] /metrics Incoming Request: GET /metrics {"payload":{}}
2025-12-01 11:47:04.409 [INFO] [API_RESPONSE] [29ae21fb-f7a4-40da-b396-2f4a1b7759d2] ::ffff:127.0.0.1 [GET] /metrics 2ms 200 Response: GET /metrics 200 2ms {"payload":{}}
2025-12-01T04:47:09.407Z [INFO] [REQUEST_MIDDLEWARE] [f9965a83-b9cc-4da7-8240-81329a17dd46] ::ffff:127.0.0.1 [GET] /metrics Incoming request {"userAgent":"Prometheus/3.7.3"}
2025-12-01 11:47:09.407 [INFO] [API_REQUEST] [f9965a83-b9cc-4da7-8240-81329a17dd46] ::ffff:127.0.0.1 [GET] /metrics Incoming Request: GET /metrics {"payload":{}}
2025-12-01 11:47:09.409 [INFO] [API_RESPONSE] [f9965a83-b9cc-4da7-8240-81329a17dd46] ::ffff:127.0.0.1 [GET] /metrics 2ms 200 Response: GET /metrics 200 2ms {"payload":{}}
2025-12-01T04:47:14.407Z [INFO] [REQUEST_MIDDLEWARE] [16d0de23-22e4-4431-a2d8-8b5d58732fa3] ::ffff:127.0.0.1 [GET] /metrics Incoming request {"userAgent":"Prometheus/3.7.3"}
2025-12-01 11:47:14.407 [INFO] [API_REQUEST] [16d0de23-22e4-4431-a2d8-8b5d58732fa3] ::ffff:127.0.0.1 [GET] /metrics Incoming Request: GET /metrics {"payload":{}}
2025-12-01 11:47:14.409 [INFO] [API_RESPONSE] [16d0de23-22e4-4431-a2d8-8b5d58732fa3] ::ffff:127.0.0.1 [GET] /metrics 2ms 200 Response: GET /metrics 200 2ms {"payload":{}}
2025-12-01T04:47:19.408Z [INFO] [REQUEST_MIDDLEWARE] [e109dfa6-350a-437c-8d67-fa5bd775e491] ::ffff:127.0.0.1 [GET] /metrics Incoming request {"userAgent":"Prometheus/3.7.3"}
2025-12-01 11:47:19.408 [INFO] [API_REQUEST] [e109dfa6-350a-437c-8d67-fa5bd775e491] ::ffff:127.0.0.1 [GET] /metrics Incoming Request: GET /metrics {"payload":{}}
2025-12-01 11:47:19.409 [INFO] [API_RESPONSE] [e109dfa6-350a-437c-8d67-fa5bd775e491] ::ffff:127.0.0.1 [GET] /metrics 1ms 200 Response: GET /metrics 200 1ms {"payload":{}}
2025-12-01T04:47:24.407Z [INFO] [REQUEST_MIDDLEWARE] [615c8ec7-e91c-44b6-99d0-1536d4af7d0c] ::ffff:127.0.0.1 [GET] /metrics Incoming request {"userAgent":"Prometheus/3.7.3"}
2025-12-01 11:47:24.407 [INFO] [API_REQUEST] [615c8ec7-e91c-44b6-99d0-1536d4af7d0c] ::ffff:127.0.0.1 [GET] /metrics Incoming Request: GET /metrics {"payload":{}}
2025-12-01 11:47:24.409 [INFO] [API_RESPONSE] [615c8ec7-e91c-44b6-99d0-1536d4af7d0c] ::ffff:127.0.0.1 [GET] /metrics 2ms 200 Response: GET /metrics 200 2ms {"payload":{}}
2025-12-01T04:47:29.408Z [INFO] [REQUEST_MIDDLEWARE] [9221e22c-49f8-40e7-83f7-1db4e50a52be] ::ffff:127.0.0.1 [GET] /metrics Incoming request {"userAgent":"Prometheus/3.7.3"}
2025-12-01 11:47:29.408 [INFO] [API_REQUEST] [9221e22c-49f8-40e7-83f7-1db4e50a52be] ::ffff:127.0.0.1 [GET] /metrics Incoming Request: GET /metrics {"payload":{}}
2025-12-01 11:47:29.410 [INFO] [API_RESPONSE] [9221e22c-49f8-40e7-83f7-1db4e50a52be] ::ffff:127.0.0.1 [GET] /metrics 2ms 200 Response: GET /metrics 200 2ms {"payload":{}}
2025-12-01T04:47:34.408Z [INFO] [REQUEST_MIDDLEWARE] [04a436b2-d87a-4b3c-a354-8a0cfb2aed4c] ::ffff:127.0.0.1 [GET] /metrics Incoming request {"userAgent":"Prometheus/3.7.3"}
2025-12-01 11:47:34.408 [INFO] [API_REQUEST] [04a436b2-d87a-4b3c-a354-8a0cfb2aed4c] ::ffff:127.0.0.1 [GET] /metrics Incoming Request: GET /metrics {"payload":{}}
2025-12-01 11:47:34.410 [INFO] [API_RESPONSE] [04a436b2-d87a-4b3c-a354-8a0cfb2aed4c] ::ffff:127.0.0.1 [GET] /metrics 2ms 200 Response: GET /metrics 200 2ms {"payload":{}}
2025-12-01T04:47:39.408Z [INFO] [REQUEST_MIDDLEWARE] [8bcb3698-9425-4308-8c05-d4cf51d4f369] ::ffff:127.0.0.1 [GET] /metrics Incoming request {"userAgent":"Prometheus/3.7.3"}
2025-12-01 11:47:39.408 [INFO] [API_REQUEST] [8bcb3698-9425-4308-8c05-d4cf51d4f369] ::ffff:127.0.0.1 [GET] /metrics Incoming Request: GET /metrics {"payload":{}}
2025-12-01 11:47:39.410 [INFO] [API_RESPONSE] [8bcb3698-9425-4308-8c05-d4cf51d4f369] ::ffff:127.0.0.1 [GET] /metrics 2ms 200 Response: GET /metrics 200 2ms {"payload":{}}
2025-12-01T04:47:44.407Z [INFO] [REQUEST_MIDDLEWARE] [5469d21a-e306-46d8-806d-0aefdcbbdc45] ::ffff:127.0.0.1 [GET] /metrics Incoming request {"userAgent":"Prometheus/3.7.3"}
2025-12-01 11:47:44.407 [INFO] [API_REQUEST] [5469d21a-e306-46d8-806d-0aefdcbbdc45] ::ffff:127.0.0.1 [GET] /metrics Incoming Request: GET /metrics {"payload":{}}
2025-12-01 11:47:44.408 [INFO] [API_RESPONSE] [5469d21a-e306-46d8-806d-0aefdcbbdc45] ::ffff:127.0.0.1 [GET] /metrics 1ms 200 Response: GET /metrics 200 1ms {"payload":{}}
2025-12-01T04:47:49.408Z [INFO] [REQUEST_MIDDLEWARE] [bcda3d5e-ece9-4eb2-96ac-465f84b09f88] ::ffff:127.0.0.1 [GET] /metrics Incoming request {"userAgent":"Prometheus/3.7.3"}
2025-12-01 11:47:49.408 [INFO] [API_REQUEST] [bcda3d5e-ece9-4eb2-96ac-465f84b09f88] ::ffff:127.0.0.1 [GET] /metrics Incoming Request: GET /metrics {"payload":{}}
2025-12-01 11:47:49.410 [INFO] [API_RESPONSE] [bcda3d5e-ece9-4eb2-96ac-465f84b09f88] ::ffff:127.0.0.1 [GET] /metrics 2ms 200 Response: GET /metrics 200 2ms {"payload":{}}
2025-12-01T04:47:54.407Z [INFO] [REQUEST_MIDDLEWARE] [6005913e-21c0-4005-b616-d42668ebeeed] ::ffff:127.0.0.1 [GET] /metrics Incoming request {"userAgent":"Prometheus/3.7.3"}
2025-12-01 11:47:54.407 [INFO] [API_REQUEST] [6005913e-21c0-4005-b616-d42668ebeeed] ::ffff:127.0.0.1 [GET] /metrics Incoming Request: GET /metrics {"payload":{}}
2025-12-01 11:47:54.409 [INFO] [API_RESPONSE] [6005913e-21c0-4005-b616-d42668ebeeed] ::ffff:127.0.0.1 [GET] /metrics 2ms 200 Response: GET /metrics 200 2ms {"payload":{}}
2025-12-01T04:47:59.408Z [INFO] [REQUEST_MIDDLEWARE] [c8fe383e-f490-46ca-9808-79d094a76182] ::ffff:127.0.0.1 [GET] /metrics Incoming request {"userAgent":"Prometheus/3.7.3"}
2025-12-01 11:47:59.408 [INFO] [API_REQUEST] [c8fe383e-f490-46ca-9808-79d094a76182] ::ffff:127.0.0.1 [GET] /metrics Incoming Request: GET /metrics {"payload":{}}
2025-12-01 11:47:59.410 [INFO] [API_RESPONSE] [c8fe383e-f490-46ca-9808-79d094a76182] ::ffff:127.0.0.1 [GET] /metrics 2ms 200 Response: GET /metrics 200 2ms {"payload":{}}
2025-12-01T04:48:04.408Z [INFO] [REQUEST_MIDDLEWARE] [ac6e580f-556a-444c-9902-86e1d9d5ddbc] ::ffff:127.0.0.1 [GET] /metrics Incoming request {"userAgent":"Prometheus/3.7.3"}
2025-12-01 11:48:04.408 [INFO] [API_REQUEST] [ac6e580f-556a-444c-9902-86e1d9d5ddbc] ::ffff:127.0.0.1 [GET] /metrics Incoming Request: GET /metrics {"payload":{}}
2025-12-01 11:48:04.410 [INFO] [API_RESPONSE] [ac6e580f-556a-444c-9902-86e1d9d5ddbc] ::ffff:127.0.0.1 [GET] /metrics 2ms 200 Response: GET /metrics 200 2ms {"payload":{}}
2025-12-01T04:48:09.408Z [INFO] [REQUEST_MIDDLEWARE] [4079c642-0631-48e8-99d6-b05996e7affc] ::ffff:127.0.0.1 [GET] /metrics Incoming request {"userAgent":"Prometheus/3.7.3"}
2025-12-01 11:48:09.408 [INFO] [API_REQUEST] [4079c642-0631-48e8-99d6-b05996e7affc] ::ffff:127.0.0.1 [GET] /metrics Incoming Request: GET /metrics {"payload":{}}
2025-12-01 11:48:09.410 [INFO] [API_RESPONSE] [4079c642-0631-48e8-99d6-b05996e7affc] ::ffff:127.0.0.1 [GET] /metrics 2ms 200 Response: GET /metrics 200 2ms {"payload":{}}
2025-12-01T04:48:14.408Z [INFO] [REQUEST_MIDDLEWARE] [8aa0b312-828a-4be0-9232-fc337e73db8f] ::ffff:127.0.0.1 [GET] /metrics Incoming request {"userAgent":"Prometheus/3.7.3"}
2025-12-01 11:48:14.408 [INFO] [API_REQUEST] [8aa0b312-828a-4be0-9232-fc337e73db8f] ::ffff:127.0.0.1 [GET] /metrics Incoming Request: GET /metrics {"payload":{}}
2025-12-01 11:48:14.410 [INFO] [API_RESPONSE] [8aa0b312-828a-4be0-9232-fc337e73db8f] ::ffff:127.0.0.1 [GET] /metrics 2ms 200 Response: GET /metrics 200 2ms {"payload":{}}
2025-12-01T04:48:19.408Z [INFO] [REQUEST_MIDDLEWARE] [bfea1123-7c80-42e0-9a17-a4a869ea885e] ::ffff:127.0.0.1 [GET] /metrics Incoming request {"userAgent":"Prometheus/3.7.3"}
2025-12-01 11:48:19.408 [INFO] [API_REQUEST] [bfea1123-7c80-42e0-9a17-a4a869ea885e] ::ffff:127.0.0.1 [GET] /metrics Incoming Request: GET /metrics {"payload":{}}
2025-12-01 11:48:19.410 [INFO] [API_RESPONSE] [bfea1123-7c80-42e0-9a17-a4a869ea885e] ::ffff:127.0.0.1 [GET] /metrics 2ms 200 Response: GET /metrics 200 2ms {"payload":{}}
2025-12-01T04:48:24.409Z [INFO] [REQUEST_MIDDLEWARE] [bf22fea2-5996-444d-a8bc-b3e906a1edf5] ::ffff:127.0.0.1 [GET] /metrics Incoming request {"userAgent":"Prometheus/3.7.3"}
2025-12-01 11:48:24.409 [INFO] [API_REQUEST] [bf22fea2-5996-444d-a8bc-b3e906a1edf5] ::ffff:127.0.0.1 [GET] /metrics Incoming Request: GET /metrics {"payload":{}}
2025-12-01 11:48:24.410 [INFO] [API_RESPONSE] [bf22fea2-5996-444d-a8bc-b3e906a1edf5] ::ffff:127.0.0.1 [GET] /metrics 1ms 200 Response: GET /metrics 200 1ms {"payload":{}}
2025-12-01T04:48:29.408Z [INFO] [REQUEST_MIDDLEWARE] [bd9f957a-a2ca-4278-a98e-baa6f8aa215c] ::ffff:127.0.0.1 [GET] /metrics Incoming request {"userAgent":"Prometheus/3.7.3"}
2025-12-01 11:48:29.408 [INFO] [API_REQUEST] [bd9f957a-a2ca-4278-a98e-baa6f8aa215c] ::ffff:127.0.0.1 [GET] /metrics Incoming Request: GET /metrics {"payload":{}}
2025-12-01 11:48:29.409 [INFO] [API_RESPONSE] [bd9f957a-a2ca-4278-a98e-baa6f8aa215c] ::ffff:127.0.0.1 [GET] /metrics 1ms 200 Response: GET /metrics 200 1ms {"payload":{}}
2025-12-01T04:48:34.407Z [INFO] [REQUEST_MIDDLEWARE] [77932430-49e9-43c9-8b85-7a990bfdae82] ::ffff:127.0.0.1 [GET] /metrics Incoming request {"userAgent":"Prometheus/3.7.3"}
2025-12-01 11:48:34.407 [INFO] [API_REQUEST] [77932430-49e9-43c9-8b85-7a990bfdae82] ::ffff:127.0.0.1 [GET] /metrics Incoming Request: GET /metrics {"payload":{}}
2025-12-01 11:48:34.409 [INFO] [API_RESPONSE] [77932430-49e9-43c9-8b85-7a990bfdae82] ::ffff:127.0.0.1 [GET] /metrics 2ms 200 Response: GET /metrics 200 2ms {"payload":{}}
2025-12-01T04:48:39.408Z [INFO] [REQUEST_MIDDLEWARE] [c1f1b41f-3d96-4bb3-b4bd-cc0ce45d43ea] ::ffff:127.0.0.1 [GET] /metrics Incoming request {"userAgent":"Prometheus/3.7.3"}
2025-12-01 11:48:39.408 [INFO] [API_REQUEST] [c1f1b41f-3d96-4bb3-b4bd-cc0ce45d43ea] ::ffff:127.0.0.1 [GET] /metrics Incoming Request: GET /metrics {"payload":{}}
2025-12-01 11:48:39.410 [INFO] [API_RESPONSE] [c1f1b41f-3d96-4bb3-b4bd-cc0ce45d43ea] ::ffff:127.0.0.1 [GET] /metrics 2ms 200 Response: GET /metrics 200 2ms {"payload":{}}
2025-12-01T04:48:44.407Z [INFO] [REQUEST_MIDDLEWARE] [3312df2d-84be-465b-b7a6-81e2f1446ae7] ::ffff:127.0.0.1 [GET] /metrics Incoming request {"userAgent":"Prometheus/3.7.3"}
2025-12-01 11:48:44.407 [INFO] [API_REQUEST] [3312df2d-84be-465b-b7a6-81e2f1446ae7] ::ffff:127.0.0.1 [GET] /metrics Incoming Request: GET /metrics {"payload":{}}
2025-12-01 11:48:44.408 [INFO] [API_RESPONSE] [3312df2d-84be-465b-b7a6-81e2f1446ae7] ::ffff:127.0.0.1 [GET] /metrics 1ms 200 Response: GET /metrics 200 1ms {"payload":{}}
2025-12-01T04:48:49.407Z [INFO] [REQUEST_MIDDLEWARE] [2059e24d-d8d4-420d-a12e-720330bd70a5] ::ffff:127.0.0.1 [GET] /metrics Incoming request {"userAgent":"Prometheus/3.7.3"}
2025-12-01 11:48:49.408 [INFO] [API_REQUEST] [2059e24d-d8d4-420d-a12e-720330bd70a5] ::ffff:127.0.0.1 [GET] /metrics Incoming Request: GET /metrics {"payload":{}}
2025-12-01 11:48:49.409 [INFO] [API_RESPONSE] [2059e24d-d8d4-420d-a12e-720330bd70a5] ::ffff:127.0.0.1 [GET] /metrics 1ms 200 Response: GET /metrics 200 1ms {"payload":{}}
2025-12-01T04:48:54.408Z [INFO] [REQUEST_MIDDLEWARE] [929d97c1-76de-4f5f-a8ee-56a8b9528ca8] ::ffff:127.0.0.1 [GET] /metrics Incoming request {"userAgent":"Prometheus/3.7.3"}
2025-12-01 11:48:54.408 [INFO] [API_REQUEST] [929d97c1-76de-4f5f-a8ee-56a8b9528ca8] ::ffff:127.0.0.1 [GET] /metrics Incoming Request: GET /metrics {"payload":{}}
2025-12-01 11:48:54.409 [INFO] [API_RESPONSE] [929d97c1-76de-4f5f-a8ee-56a8b9528ca8] ::ffff:127.0.0.1 [GET] /metrics 1ms 200 Response: GET /metrics 200 1ms {"payload":{}}
2025-12-01T04:48:59.407Z [INFO] [REQUEST_MIDDLEWARE] [bca782b9-397c-4f6d-a8d2-232ec4bebb37] ::ffff:127.0.0.1 [GET] /metrics Incoming request {"userAgent":"Prometheus/3.7.3"}
2025-12-01 11:48:59.408 [INFO] [API_REQUEST] [bca782b9-397c-4f6d-a8d2-232ec4bebb37] ::ffff:127.0.0.1 [GET] /metrics Incoming Request: GET /metrics {"payload":{}}
2025-12-01 11:48:59.409 [INFO] [API_RESPONSE] [bca782b9-397c-4f6d-a8d2-232ec4bebb37] ::ffff:127.0.0.1 [GET] /metrics 1ms 200 Response: GET /metrics 200 1ms {"payload":{}}
2025-12-01T04:49:04.408Z [INFO] [REQUEST_MIDDLEWARE] [64d1fef1-a6ed-4433-b75b-615809ffd000] ::ffff:127.0.0.1 [GET] /metrics Incoming request {"userAgent":"Prometheus/3.7.3"}
2025-12-01 11:49:04.408 [INFO] [API_REQUEST] [64d1fef1-a6ed-4433-b75b-615809ffd000] ::ffff:127.0.0.1 [GET] /metrics Incoming Request: GET /metrics {"payload":{}}
2025-12-01 11:49:04.410 [INFO] [API_RESPONSE] [64d1fef1-a6ed-4433-b75b-615809ffd000] ::ffff:127.0.0.1 [GET] /metrics 2ms 200 Response: GET /metrics 200 2ms {"payload":{}}
2025-12-01T04:49:09.408Z [INFO] [REQUEST_MIDDLEWARE] [e7af56ee-903d-4c9f-9f04-ec450d6ec845] ::ffff:127.0.0.1 [GET] /metrics Incoming request {"userAgent":"Prometheus/3.7.3"}
2025-12-01 11:49:09.408 [INFO] [API_REQUEST] [e7af56ee-903d-4c9f-9f04-ec450d6ec845] ::ffff:127.0.0.1 [GET] /metrics Incoming Request: GET /metrics {"payload":{}}
2025-12-01 11:49:09.410 [INFO] [API_RESPONSE] [e7af56ee-903d-4c9f-9f04-ec450d6ec845] ::ffff:127.0.0.1 [GET] /metrics 2ms 200 Response: GET /metrics 200 2ms {"payload":{}}
2025-12-01T04:49:14.407Z [INFO] [REQUEST_MIDDLEWARE] [bfc0be28-ec75-4cb3-ae63-8d91e9e456d3] ::ffff:127.0.0.1 [GET] /metrics Incoming request {"userAgent":"Prometheus/3.7.3"}
2025-12-01 11:49:14.407 [INFO] [API_REQUEST] [bfc0be28-ec75-4cb3-ae63-8d91e9e456d3] ::ffff:127.0.0.1 [GET] /metrics Incoming Request: GET /metrics {"payload":{}}
2025-12-01 11:49:14.408 [INFO] [API_RESPONSE] [bfc0be28-ec75-4cb3-ae63-8d91e9e456d3] ::ffff:127.0.0.1 [GET] /metrics 1ms 200 Response: GET /metrics 200 1ms {"payload":{}}
2025-12-01T04:49:19.408Z [INFO] [REQUEST_MIDDLEWARE] [a5a3dc52-31ec-4b17-863d-29807d067fb6] ::ffff:127.0.0.1 [GET] /metrics Incoming request {"userAgent":"Prometheus/3.7.3"}
2025-12-01 11:49:19.408 [INFO] [API_REQUEST] [a5a3dc52-31ec-4b17-863d-29807d067fb6] ::ffff:127.0.0.1 [GET] /metrics Incoming Request: GET /metrics {"payload":{}}
2025-12-01 11:49:19.410 [INFO] [API_RESPONSE] [a5a3dc52-31ec-4b17-863d-29807d067fb6] ::ffff:127.0.0.1 [GET] /metrics 2ms 200 Response: GET /metrics 200 2ms {"payload":{}}
2025-12-01T04:49:24.408Z [INFO] [REQUEST_MIDDLEWARE] [d5a04a58-7388-4896-9a6d-ac404d83ccc1] ::ffff:127.0.0.1 [GET] /metrics Incoming request {"userAgent":"Prometheus/3.7.3"}
2025-12-01 11:49:24.408 [INFO] [API_REQUEST] [d5a04a58-7388-4896-9a6d-ac404d83ccc1] ::ffff:127.0.0.1 [GET] /metrics Incoming Request: GET /metrics {"payload":{}}
2025-12-01 11:49:24.409 [INFO] [API_RESPONSE] [d5a04a58-7388-4896-9a6d-ac404d83ccc1] ::ffff:127.0.0.1 [GET] /metrics 1ms 200 Response: GET /metrics 200 1ms {"payload":{}}
2025-12-01T04:49:29.407Z [INFO] [REQUEST_MIDDLEWARE] [d0af1e7a-9871-4a33-ae3d-968a3aebb325] ::ffff:127.0.0.1 [GET] /metrics Incoming request {"userAgent":"Prometheus/3.7.3"}
2025-12-01 11:49:29.408 [INFO] [API_REQUEST] [d0af1e7a-9871-4a33-ae3d-968a3aebb325] ::ffff:127.0.0.1 [GET] /metrics Incoming Request: GET /metrics {"payload":{}}
2025-12-01 11:49:29.409 [INFO] [API_RESPONSE] [d0af1e7a-9871-4a33-ae3d-968a3aebb325] ::ffff:127.0.0.1 [GET] /metrics 1ms 200 Response: GET /metrics 200 1ms {"payload":{}}
2025-12-01T04:49:34.407Z [INFO] [REQUEST_MIDDLEWARE] [1efa9c65-5a6a-4975-8dea-c604d6d9d0ed] ::ffff:127.0.0.1 [GET] /metrics Incoming request {"userAgent":"Prometheus/3.7.3"}
2025-12-01 11:49:34.408 [INFO] [API_REQUEST] [1efa9c65-5a6a-4975-8dea-c604d6d9d0ed] ::ffff:127.0.0.1 [GET] /metrics Incoming Request: GET /metrics {"payload":{}}
2025-12-01 11:49:34.409 [INFO] [API_RESPONSE] [1efa9c65-5a6a-4975-8dea-c604d6d9d0ed] ::ffff:127.0.0.1 [GET] /metrics 1ms 200 Response: GET /metrics 200 1ms {"payload":{}}
2025-12-01T04:49:39.407Z [INFO] [REQUEST_MIDDLEWARE] [ccf86cd2-bf3e-4fed-bfcd-8978cabc3639] ::ffff:127.0.0.1 [GET] /metrics Incoming request {"userAgent":"Prometheus/3.7.3"}
2025-12-01 11:49:39.407 [INFO] [API_REQUEST] [ccf86cd2-bf3e-4fed-bfcd-8978cabc3639] ::ffff:127.0.0.1 [GET] /metrics Incoming Request: GET /metrics {"payload":{}}
2025-12-01 11:49:39.409 [INFO] [API_RESPONSE] [ccf86cd2-bf3e-4fed-bfcd-8978cabc3639] ::ffff:127.0.0.1 [GET] /metrics 2ms 200 Response: GET /metrics 200 2ms {"payload":{}}
2025-12-01T04:49:44.408Z [INFO] [REQUEST_MIDDLEWARE] [606c8ec1-8c77-430a-b2bf-43511e3ae445] ::ffff:127.0.0.1 [GET] /metrics Incoming request {"userAgent":"Prometheus/3.7.3"}
2025-12-01 11:49:44.409 [INFO] [API_REQUEST] [606c8ec1-8c77-430a-b2bf-43511e3ae445] ::ffff:127.0.0.1 [GET] /metrics Incoming Request: GET /metrics {"payload":{}}
2025-12-01 11:49:44.411 [INFO] [API_RESPONSE] [606c8ec1-8c77-430a-b2bf-43511e3ae445] ::ffff:127.0.0.1 [GET] /metrics 2ms 200 Response: GET /metrics 200 2ms {"payload":{}}
2025-12-01T04:49:49.408Z [INFO] [REQUEST_MIDDLEWARE] [8fc9c336-093e-4868-9c18-8d0604387981] ::ffff:127.0.0.1 [GET] /metrics Incoming request {"userAgent":"Prometheus/3.7.3"}
2025-12-01 11:49:49.409 [INFO] [API_REQUEST] [8fc9c336-093e-4868-9c18-8d0604387981] ::ffff:127.0.0.1 [GET] /metrics Incoming Request: GET /metrics {"payload":{}}
2025-12-01 11:49:49.410 [INFO] [API_RESPONSE] [8fc9c336-093e-4868-9c18-8d0604387981] ::ffff:127.0.0.1 [GET] /metrics 1ms 200 Response: GET /metrics 200 1ms {"payload":{}}
2025-12-01T04:49:54.409Z [INFO] [REQUEST_MIDDLEWARE] [6f1e118e-bf89-46ae-898d-d987ab3f6cc3] ::ffff:127.0.0.1 [GET] /metrics Incoming request {"userAgent":"Prometheus/3.7.3"}
2025-12-01 11:49:54.409 [INFO] [API_REQUEST] [6f1e118e-bf89-46ae-898d-d987ab3f6cc3] ::ffff:127.0.0.1 [GET] /metrics Incoming Request: GET /metrics {"payload":{}}
2025-12-01 11:49:54.411 [INFO] [API_RESPONSE] [6f1e118e-bf89-46ae-898d-d987ab3f6cc3] ::ffff:127.0.0.1 [GET] /metrics 2ms 200 Response: GET /metrics 200 2ms {"payload":{}}
2025-12-01T04:49:59.409Z [INFO] [REQUEST_MIDDLEWARE] [d710f961-7b59-43a6-bcea-45b8f86b5e70] ::ffff:127.0.0.1 [GET] /metrics Incoming request {"userAgent":"Prometheus/3.7.3"}
2025-12-01 11:49:59.409 [INFO] [API_REQUEST] [d710f961-7b59-43a6-bcea-45b8f86b5e70] ::ffff:127.0.0.1 [GET] /metrics Incoming Request: GET /metrics {"payload":{}}
2025-12-01 11:49:59.410 [INFO] [API_RESPONSE] [d710f961-7b59-43a6-bcea-45b8f86b5e70] ::ffff:127.0.0.1 [GET] /metrics 1ms 200 Response: GET /metrics 200 1ms {"payload":{}}
2025-12-01T04:50:04.408Z [INFO] [REQUEST_MIDDLEWARE] [9babbd86-0776-4dba-a480-62881a53b785] ::ffff:127.0.0.1 [GET] /metrics Incoming request {"userAgent":"Prometheus/3.7.3"}
2025-12-01 11:50:04.409 [INFO] [API_REQUEST] [9babbd86-0776-4dba-a480-62881a53b785] ::ffff:127.0.0.1 [GET] /metrics Incoming Request: GET /metrics {"payload":{}}
2025-12-01 11:50:04.410 [INFO] [API_RESPONSE] [9babbd86-0776-4dba-a480-62881a53b785] ::ffff:127.0.0.1 [GET] /metrics 1ms 200 Response: GET /metrics 200 1ms {"payload":{}}
2025-12-01T04:50:09.409Z [INFO] [REQUEST_MIDDLEWARE] [f1a64257-a107-4108-b01f-c3b669c17875] ::ffff:127.0.0.1 [GET] /metrics Incoming request {"userAgent":"Prometheus/3.7.3"}
2025-12-01 11:50:09.409 [INFO] [API_REQUEST] [f1a64257-a107-4108-b01f-c3b669c17875] ::ffff:127.0.0.1 [GET] /metrics Incoming Request: GET /metrics {"payload":{}}
2025-12-01 11:50:09.411 [INFO] [API_RESPONSE] [f1a64257-a107-4108-b01f-c3b669c17875] ::ffff:127.0.0.1 [GET] /metrics 2ms 200 Response: GET /metrics 200 2ms {"payload":{}}
2025-12-01T04:50:14.409Z [INFO] [REQUEST_MIDDLEWARE] [83bbae2b-8cb0-4b2a-a5b3-cee6139ecf16] ::ffff:127.0.0.1 [GET] /metrics Incoming request {"userAgent":"Prometheus/3.7.3"}
2025-12-01 11:50:14.409 [INFO] [API_REQUEST] [83bbae2b-8cb0-4b2a-a5b3-cee6139ecf16] ::ffff:127.0.0.1 [GET] /metrics Incoming Request: GET /metrics {"payload":{}}
2025-12-01 11:50:14.410 [INFO] [API_RESPONSE] [83bbae2b-8cb0-4b2a-a5b3-cee6139ecf16] ::ffff:127.0.0.1 [GET] /metrics 1ms 200 Response: GET /metrics 200 1ms {"payload":{}}
2025-12-01T04:50:19.408Z [INFO] [REQUEST_MIDDLEWARE] [9fd7f987-135e-4acc-98a5-743998cbcdb5] ::ffff:127.0.0.1 [GET] /metrics Incoming request {"userAgent":"Prometheus/3.7.3"}
2025-12-01 11:50:19.409 [INFO] [API_REQUEST] [9fd7f987-135e-4acc-98a5-743998cbcdb5] ::ffff:127.0.0.1 [GET] /metrics Incoming Request: GET /metrics {"payload":{}}
2025-12-01 11:50:19.410 [INFO] [API_RESPONSE] [9fd7f987-135e-4acc-98a5-743998cbcdb5] ::ffff:127.0.0.1 [GET] /metrics 1ms 200 Response: GET /metrics 200 1ms {"payload":{}}
2025-12-01T04:50:24.409Z [INFO] [REQUEST_MIDDLEWARE] [325abe4b-eb29-4e5d-92b1-365306f6485b] ::ffff:127.0.0.1 [GET] /metrics Incoming request {"userAgent":"Prometheus/3.7.3"}
2025-12-01 11:50:24.409 [INFO] [API_REQUEST] [325abe4b-eb29-4e5d-92b1-365306f6485b] ::ffff:127.0.0.1 [GET] /metrics Incoming Request: GET /metrics {"payload":{}}
2025-12-01 11:50:24.410 [INFO] [API_RESPONSE] [325abe4b-eb29-4e5d-92b1-365306f6485b] ::ffff:127.0.0.1 [GET] /metrics 1ms 200 Response: GET /metrics 200 1ms {"payload":{}}
2025-12-01T04:50:29.409Z [INFO] [REQUEST_MIDDLEWARE] [fbb2d909-98ca-4344-9dd1-10677e72635a] ::ffff:127.0.0.1 [GET] /metrics Incoming request {"userAgent":"Prometheus/3.7.3"}
2025-12-01 11:50:29.409 [INFO] [API_REQUEST] [fbb2d909-98ca-4344-9dd1-10677e72635a] ::ffff:127.0.0.1 [GET] /metrics Incoming Request: GET /metrics {"payload":{}}
2025-12-01 11:50:29.411 [INFO] [API_RESPONSE] [fbb2d909-98ca-4344-9dd1-10677e72635a] ::ffff:127.0.0.1 [GET] /metrics 2ms 200 Response: GET /metrics 200 2ms {"payload":{}}
2025-12-01T04:50:34.408Z [INFO] [REQUEST_MIDDLEWARE] [d7c52126-dfb8-4f56-8838-0aca744bb130] ::ffff:127.0.0.1 [GET] /metrics Incoming request {"userAgent":"Prometheus/3.7.3"}
2025-12-01 11:50:34.408 [INFO] [API_REQUEST] [d7c52126-dfb8-4f56-8838-0aca744bb130] ::ffff:127.0.0.1 [GET] /metrics Incoming Request: GET /metrics {"payload":{}}
2025-12-01 11:50:34.410 [INFO] [API_RESPONSE] [d7c52126-dfb8-4f56-8838-0aca744bb130] ::ffff:127.0.0.1 [GET] /metrics 2ms 200 Response: GET /metrics 200 2ms {"payload":{}}
2025-12-01T04:50:39.408Z [INFO] [REQUEST_MIDDLEWARE] [563dd06d-c374-4f3f-b417-5103af824d03] ::ffff:127.0.0.1 [GET] /metrics Incoming request {"userAgent":"Prometheus/3.7.3"}
2025-12-01 11:50:39.408 [INFO] [API_REQUEST] [563dd06d-c374-4f3f-b417-5103af824d03] ::ffff:127.0.0.1 [GET] /metrics Incoming Request: GET /metrics {"payload":{}}
2025-12-01 11:50:39.409 [INFO] [API_RESPONSE] [563dd06d-c374-4f3f-b417-5103af824d03] ::ffff:127.0.0.1 [GET] /metrics 1ms 200 Response: GET /metrics 200 1ms {"payload":{}}
2025-12-01T04:50:44.409Z [INFO] [REQUEST_MIDDLEWARE] [de3d6b36-62f7-4718-ad1e-3d77835e64c6] ::ffff:127.0.0.1 [GET] /metrics Incoming request {"userAgent":"Prometheus/3.7.3"}
2025-12-01 11:50:44.409 [INFO] [API_REQUEST] [de3d6b36-62f7-4718-ad1e-3d77835e64c6] ::ffff:127.0.0.1 [GET] /metrics Incoming Request: GET /metrics {"payload":{}}
2025-12-01 11:50:44.410 [INFO] [API_RESPONSE] [de3d6b36-62f7-4718-ad1e-3d77835e64c6] ::ffff:127.0.0.1 [GET] /metrics 1ms 200 Response: GET /metrics 200 1ms {"payload":{}}
2025-12-01T04:50:49.408Z [INFO] [REQUEST_MIDDLEWARE] [21a35e52-cf45-4887-b923-eeefa3b8408b] ::ffff:127.0.0.1 [GET] /metrics Incoming request {"userAgent":"Prometheus/3.7.3"}
2025-12-01 11:50:49.408 [INFO] [API_REQUEST] [21a35e52-cf45-4887-b923-eeefa3b8408b] ::ffff:127.0.0.1 [GET] /metrics Incoming Request: GET /metrics {"payload":{}}
2025-12-01 11:50:49.409 [INFO] [API_RESPONSE] [21a35e52-cf45-4887-b923-eeefa3b8408b] ::ffff:127.0.0.1 [GET] /metrics 1ms 200 Response: GET /metrics 200 1ms {"payload":{}}
2025-12-01T04:50:54.408Z [INFO] [REQUEST_MIDDLEWARE] [b3b15fa3-9dcc-4c04-b484-63d2e491a32e] ::ffff:127.0.0.1 [GET] /metrics Incoming request {"userAgent":"Prometheus/3.7.3"}
2025-12-01 11:50:54.408 [INFO] [API_REQUEST] [b3b15fa3-9dcc-4c04-b484-63d2e491a32e] ::ffff:127.0.0.1 [GET] /metrics Incoming Request: GET /metrics {"payload":{}}
2025-12-01 11:50:54.410 [INFO] [API_RESPONSE] [b3b15fa3-9dcc-4c04-b484-63d2e491a32e] ::ffff:127.0.0.1 [GET] /metrics 2ms 200 Response: GET /metrics 200 2ms {"payload":{}}
2025-12-01T04:50:59.408Z [INFO] [REQUEST_MIDDLEWARE] [5c056b22-1cb1-40e0-88ed-d149ff2b0e78] ::ffff:127.0.0.1 [GET] /metrics Incoming request {"userAgent":"Prometheus/3.7.3"}
2025-12-01 11:50:59.408 [INFO] [API_REQUEST] [5c056b22-1cb1-40e0-88ed-d149ff2b0e78] ::ffff:127.0.0.1 [GET] /metrics Incoming Request: GET /metrics {"payload":{}}
2025-12-01 11:50:59.410 [INFO] [API_RESPONSE] [5c056b22-1cb1-40e0-88ed-d149ff2b0e78] ::ffff:127.0.0.1 [GET] /metrics 2ms 200 Response: GET /metrics 200 2ms {"payload":{}}
2025-12-01T04:51:04.408Z [INFO] [REQUEST_MIDDLEWARE] [99e9912e-a98d-433b-ab15-a019f8603258] ::ffff:127.0.0.1 [GET] /metrics Incoming request {"userAgent":"Prometheus/3.7.3"}
2025-12-01 11:51:04.409 [INFO] [API_REQUEST] [99e9912e-a98d-433b-ab15-a019f8603258] ::ffff:127.0.0.1 [GET] /metrics Incoming Request: GET /metrics {"payload":{}}
2025-12-01 11:51:04.410 [INFO] [API_RESPONSE] [99e9912e-a98d-433b-ab15-a019f8603258] ::ffff:127.0.0.1 [GET] /metrics 2ms 200 Response: GET /metrics 200 2ms {"payload":{}}
2025-12-01T04:51:09.408Z [INFO] [REQUEST_MIDDLEWARE] [742f8c70-9b8d-4481-9d94-64374d09b52d] ::ffff:127.0.0.1 [GET] /metrics Incoming request {"userAgent":"Prometheus/3.7.3"}
2025-12-01 11:51:09.409 [INFO] [API_REQUEST] [742f8c70-9b8d-4481-9d94-64374d09b52d] ::ffff:127.0.0.1 [GET] /metrics Incoming Request: GET /metrics {"payload":{}}
2025-12-01 11:51:09.410 [INFO] [API_RESPONSE] [742f8c70-9b8d-4481-9d94-64374d09b52d] ::ffff:127.0.0.1 [GET] /metrics 1ms 200 Response: GET /metrics 200 1ms {"payload":{}}
2025-12-01T04:51:14.408Z [INFO] [REQUEST_MIDDLEWARE] [bff5c29f-ce2d-406a-90aa-45db19f29b8b] ::ffff:127.0.0.1 [GET] /metrics Incoming request {"userAgent":"Prometheus/3.7.3"}
2025-12-01 11:51:14.408 [INFO] [API_REQUEST] [bff5c29f-ce2d-406a-90aa-45db19f29b8b] ::ffff:127.0.0.1 [GET] /metrics Incoming Request: GET /metrics {"payload":{}}
2025-12-01 11:51:14.409 [INFO] [API_RESPONSE] [bff5c29f-ce2d-406a-90aa-45db19f29b8b] ::ffff:127.0.0.1 [GET] /metrics 1ms 200 Response: GET /metrics 200 1ms {"payload":{}}
2025-12-01T04:51:19.408Z [INFO] [REQUEST_MIDDLEWARE] [443d8505-42c2-4b00-91d9-a775addfe00e] ::ffff:127.0.0.1 [GET] /metrics Incoming request {"userAgent":"Prometheus/3.7.3"}
2025-12-01 11:51:19.408 [INFO] [API_REQUEST] [443d8505-42c2-4b00-91d9-a775addfe00e] ::ffff:127.0.0.1 [GET] /metrics Incoming Request: GET /metrics {"payload":{}}
2025-12-01 11:51:19.410 [INFO] [API_RESPONSE] [443d8505-42c2-4b00-91d9-a775addfe00e] ::ffff:127.0.0.1 [GET] /metrics 2ms 200 Response: GET /metrics 200 2ms {"payload":{}}
2025-12-01T04:51:24.409Z [INFO] [REQUEST_MIDDLEWARE] [01196cbb-1613-4bfc-a8be-0014ac5b2720] ::ffff:127.0.0.1 [GET] /metrics Incoming request {"userAgent":"Prometheus/3.7.3"}
2025-12-01 11:51:24.409 [INFO] [API_REQUEST] [01196cbb-1613-4bfc-a8be-0014ac5b2720] ::ffff:127.0.0.1 [GET] /metrics Incoming Request: GET /metrics {"payload":{}}
2025-12-01 11:51:24.410 [INFO] [API_RESPONSE] [01196cbb-1613-4bfc-a8be-0014ac5b2720] ::ffff:127.0.0.1 [GET] /metrics 1ms 200 Response: GET /metrics 200 1ms {"payload":{}}
2025-12-01T04:51:29.408Z [INFO] [REQUEST_MIDDLEWARE] [9f033bdc-149b-411c-b05f-d0071da3e958] ::ffff:127.0.0.1 [GET] /metrics Incoming request {"userAgent":"Prometheus/3.7.3"}
2025-12-01 11:51:29.408 [INFO] [API_REQUEST] [9f033bdc-149b-411c-b05f-d0071da3e958] ::ffff:127.0.0.1 [GET] /metrics Incoming Request: GET /metrics {"payload":{}}
2025-12-01 11:51:29.410 [INFO] [API_RESPONSE] [9f033bdc-149b-411c-b05f-d0071da3e958] ::ffff:127.0.0.1 [GET] /metrics 2ms 200 Response: GET /metrics 200 2ms {"payload":{}}
2025-12-01T04:51:34.409Z [INFO] [REQUEST_MIDDLEWARE] [11396fa4-0b00-4201-9155-c538cdb9647a] ::ffff:127.0.0.1 [GET] /metrics Incoming request {"userAgent":"Prometheus/3.7.3"}
2025-12-01 11:51:34.409 [INFO] [API_REQUEST] [11396fa4-0b00-4201-9155-c538cdb9647a] ::ffff:127.0.0.1 [GET] /metrics Incoming Request: GET /metrics {"payload":{}}
2025-12-01 11:51:34.411 [INFO] [API_RESPONSE] [11396fa4-0b00-4201-9155-c538cdb9647a] ::ffff:127.0.0.1 [GET] /metrics 2ms 200 Response: GET /metrics 200 2ms {"payload":{}}
2025-12-01T04:51:39.407Z [INFO] [REQUEST_MIDDLEWARE] [b4b13a5f-0a3f-4542-9feb-a323f00d55c2] ::ffff:127.0.0.1 [GET] /metrics Incoming request {"userAgent":"Prometheus/3.7.3"}
2025-12-01 11:51:39.407 [INFO] [API_REQUEST] [b4b13a5f-0a3f-4542-9feb-a323f00d55c2] ::ffff:127.0.0.1 [GET] /metrics Incoming Request: GET /metrics {"payload":{}}
2025-12-01 11:51:39.409 [INFO] [API_RESPONSE] [b4b13a5f-0a3f-4542-9feb-a323f00d55c2] ::ffff:127.0.0.1 [GET] /metrics 2ms 200 Response: GET /metrics 200 2ms {"payload":{}}
2025-12-01T04:51:44.409Z [INFO] [REQUEST_MIDDLEWARE] [50d26cf2-103c-4fd9-b4a6-fd00dc3d1268] ::ffff:127.0.0.1 [GET] /metrics Incoming request {"userAgent":"Prometheus/3.7.3"}
2025-12-01 11:51:44.409 [INFO] [API_REQUEST] [50d26cf2-103c-4fd9-b4a6-fd00dc3d1268] ::ffff:127.0.0.1 [GET] /metrics Incoming Request: GET /metrics {"payload":{}}
2025-12-01 11:51:44.410 [INFO] [API_RESPONSE] [50d26cf2-103c-4fd9-b4a6-fd00dc3d1268] ::ffff:127.0.0.1 [GET] /metrics 1ms 200 Response: GET /metrics 200 1ms {"payload":{}}
2025-12-01T04:51:49.408Z [INFO] [REQUEST_MIDDLEWARE] [786cf187-0201-4d2e-9643-21a2e1c71485] ::ffff:127.0.0.1 [GET] /metrics Incoming request {"userAgent":"Prometheus/3.7.3"}
2025-12-01 11:51:49.408 [INFO] [API_REQUEST] [786cf187-0201-4d2e-9643-21a2e1c71485] ::ffff:127.0.0.1 [GET] /metrics Incoming Request: GET /metrics {"payload":{}}
2025-12-01 11:51:49.410 [INFO] [API_RESPONSE] [786cf187-0201-4d2e-9643-21a2e1c71485] ::ffff:127.0.0.1 [GET] /metrics 2ms 200 Response: GET /metrics 200 2ms {"payload":{}}
2025-12-01T04:51:54.408Z [INFO] [REQUEST_MIDDLEWARE] [d80b5675-5f83-4095-999e-2937c288aeb0] ::ffff:127.0.0.1 [GET] /metrics Incoming request {"userAgent":"Prometheus/3.7.3"}
2025-12-01 11:51:54.408 [INFO] [API_REQUEST] [d80b5675-5f83-4095-999e-2937c288aeb0] ::ffff:127.0.0.1 [GET] /metrics Incoming Request: GET /metrics {"payload":{}}
2025-12-01 11:51:54.410 [INFO] [API_RESPONSE] [d80b5675-5f83-4095-999e-2937c288aeb0] ::ffff:127.0.0.1 [GET] /metrics 2ms 200 Response: GET /metrics 200 2ms {"payload":{}}
2025-12-01T04:51:59.407Z [INFO] [REQUEST_MIDDLEWARE] [52c61a1c-3bae-4c5b-a50b-6f8db08f4528] ::ffff:127.0.0.1 [GET] /metrics Incoming request {"userAgent":"Prometheus/3.7.3"}
2025-12-01 11:51:59.407 [INFO] [API_REQUEST] [52c61a1c-3bae-4c5b-a50b-6f8db08f4528] ::ffff:127.0.0.1 [GET] /metrics Incoming Request: GET /metrics {"payload":{}}
2025-12-01 11:51:59.408 [INFO] [API_RESPONSE] [52c61a1c-3bae-4c5b-a50b-6f8db08f4528] ::ffff:127.0.0.1 [GET] /metrics 1ms 200 Response: GET /metrics 200 1ms {"payload":{}}
2025-12-01T04:52:04.407Z [INFO] [REQUEST_MIDDLEWARE] [81785e71-9b82-4697-a96f-80e5c621e540] ::ffff:127.0.0.1 [GET] /metrics Incoming request {"userAgent":"Prometheus/3.7.3"}
2025-12-01 11:52:04.407 [INFO] [API_REQUEST] [81785e71-9b82-4697-a96f-80e5c621e540] ::ffff:127.0.0.1 [GET] /metrics Incoming Request: GET /metrics {"payload":{}}
2025-12-01 11:52:04.409 [INFO] [API_RESPONSE] [81785e71-9b82-4697-a96f-80e5c621e540] ::ffff:127.0.0.1 [GET] /metrics 1ms 200 Response: GET /metrics 200 1ms {"payload":{}}
2025-12-01T04:52:09.408Z [INFO] [REQUEST_MIDDLEWARE] [86963ea9-f351-433d-b25c-a6abc803ce3e] ::ffff:127.0.0.1 [GET] /metrics Incoming request {"userAgent":"Prometheus/3.7.3"}
2025-12-01 11:52:09.408 [INFO] [API_REQUEST] [86963ea9-f351-433d-b25c-a6abc803ce3e] ::ffff:127.0.0.1 [GET] /metrics Incoming Request: GET /metrics {"payload":{}}
2025-12-01 11:52:09.410 [INFO] [API_RESPONSE] [86963ea9-f351-433d-b25c-a6abc803ce3e] ::ffff:127.0.0.1 [GET] /metrics 2ms 200 Response: GET /metrics 200 2ms {"payload":{}}
2025-12-01T04:52:14.409Z [INFO] [REQUEST_MIDDLEWARE] [5cbf7cda-576a-4730-a87a-e048f1b049f0] ::ffff:127.0.0.1 [GET] /metrics Incoming request {"userAgent":"Prometheus/3.7.3"}
2025-12-01 11:52:14.409 [INFO] [API_REQUEST] [5cbf7cda-576a-4730-a87a-e048f1b049f0] ::ffff:127.0.0.1 [GET] /metrics Incoming Request: GET /metrics {"payload":{}}
2025-12-01 11:52:14.411 [INFO] [API_RESPONSE] [5cbf7cda-576a-4730-a87a-e048f1b049f0] ::ffff:127.0.0.1 [GET] /metrics 2ms 200 Response: GET /metrics 200 2ms {"payload":{}}
2025-12-01T04:52:19.407Z [INFO] [REQUEST_MIDDLEWARE] [e168df71-7340-4e61-b6c6-135bae59b064] ::ffff:127.0.0.1 [GET] /metrics Incoming request {"userAgent":"Prometheus/3.7.3"}
2025-12-01 11:52:19.407 [INFO] [API_REQUEST] [e168df71-7340-4e61-b6c6-135bae59b064] ::ffff:127.0.0.1 [GET] /metrics Incoming Request: GET /metrics {"payload":{}}
2025-12-01 11:52:19.408 [INFO] [API_RESPONSE] [e168df71-7340-4e61-b6c6-135bae59b064] ::ffff:127.0.0.1 [GET] /metrics 1ms 200 Response: GET /metrics 200 1ms {"payload":{}}
2025-12-01T04:52:24.408Z [INFO] [REQUEST_MIDDLEWARE] [53513cb0-22cd-42b2-b2e3-960a998336d7] ::ffff:127.0.0.1 [GET] /metrics Incoming request {"userAgent":"Prometheus/3.7.3"}
2025-12-01 11:52:24.408 [INFO] [API_REQUEST] [53513cb0-22cd-42b2-b2e3-960a998336d7] ::ffff:127.0.0.1 [GET] /metrics Incoming Request: GET /metrics {"payload":{}}
2025-12-01 11:52:24.410 [INFO] [API_RESPONSE] [53513cb0-22cd-42b2-b2e3-960a998336d7] ::ffff:127.0.0.1 [GET] /metrics 2ms 200 Response: GET /metrics 200 2ms {"payload":{}}
2025-12-01T04:52:29.408Z [INFO] [REQUEST_MIDDLEWARE] [210ec46b-0961-41f1-a768-6e0f6734e36b] ::ffff:127.0.0.1 [GET] /metrics Incoming request {"userAgent":"Prometheus/3.7.3"}
2025-12-01 11:52:29.409 [INFO] [API_REQUEST] [210ec46b-0961-41f1-a768-6e0f6734e36b] ::ffff:127.0.0.1 [GET] /metrics Incoming Request: GET /metrics {"payload":{}}
2025-12-01 11:52:29.410 [INFO] [API_RESPONSE] [210ec46b-0961-41f1-a768-6e0f6734e36b] ::ffff:127.0.0.1 [GET] /metrics 1ms 200 Response: GET /metrics 200 1ms {"payload":{}}
2025-12-01T04:52:34.408Z [INFO] [REQUEST_MIDDLEWARE] [21ad85d5-d37c-47bb-adeb-13f9c831c8ee] ::ffff:127.0.0.1 [GET] /metrics Incoming request {"userAgent":"Prometheus/3.7.3"}
2025-12-01 11:52:34.408 [INFO] [API_REQUEST] [21ad85d5-d37c-47bb-adeb-13f9c831c8ee] ::ffff:127.0.0.1 [GET] /metrics Incoming Request: GET /metrics {"payload":{}}
2025-12-01 11:52:34.409 [INFO] [API_RESPONSE] [21ad85d5-d37c-47bb-adeb-13f9c831c8ee] ::ffff:127.0.0.1 [GET] /metrics 1ms 200 Response: GET /metrics 200 1ms {"payload":{}}
2025-12-01T04:52:39.407Z [INFO] [REQUEST_MIDDLEWARE] [be0b4d83-972b-492f-82c5-4585ef8ce63d] ::ffff:127.0.0.1 [GET] /metrics Incoming request {"userAgent":"Prometheus/3.7.3"}
2025-12-01 11:52:39.408 [INFO] [API_REQUEST] [be0b4d83-972b-492f-82c5-4585ef8ce63d] ::ffff:127.0.0.1 [GET] /metrics Incoming Request: GET /metrics {"payload":{}}
2025-12-01 11:52:39.409 [INFO] [API_RESPONSE] [be0b4d83-972b-492f-82c5-4585ef8ce63d] ::ffff:127.0.0.1 [GET] /metrics 1ms 200 Response: GET /metrics 200 1ms {"payload":{}}
2025-12-01T04:52:44.408Z [INFO] [REQUEST_MIDDLEWARE] [b3fa529e-70c9-48b4-9863-ae133371b3c6] ::ffff:127.0.0.1 [GET] /metrics Incoming request {"userAgent":"Prometheus/3.7.3"}
2025-12-01 11:52:44.408 [INFO] [API_REQUEST] [b3fa529e-70c9-48b4-9863-ae133371b3c6] ::ffff:127.0.0.1 [GET] /metrics Incoming Request: GET /metrics {"payload":{}}
2025-12-01 11:52:44.410 [INFO] [API_RESPONSE] [b3fa529e-70c9-48b4-9863-ae133371b3c6] ::ffff:127.0.0.1 [GET] /metrics 2ms 200 Response: GET /metrics 200 2ms {"payload":{}}
2025-12-01T04:52:49.407Z [INFO] [REQUEST_MIDDLEWARE] [64fd231c-dcf0-4ea6-bc9b-de51f279701a] ::ffff:127.0.0.1 [GET] /metrics Incoming request {"userAgent":"Prometheus/3.7.3"}
2025-12-01 11:52:49.408 [INFO] [API_REQUEST] [64fd231c-dcf0-4ea6-bc9b-de51f279701a] ::ffff:127.0.0.1 [GET] /metrics Incoming Request: GET /metrics {"payload":{}}
2025-12-01 11:52:49.409 [INFO] [API_RESPONSE] [64fd231c-dcf0-4ea6-bc9b-de51f279701a] ::ffff:127.0.0.1 [GET] /metrics 1ms 200 Response: GET /metrics 200 1ms {"payload":{}}
2025-12-01T04:52:54.407Z [INFO] [REQUEST_MIDDLEWARE] [8d2c89e8-11aa-404a-925c-f03512237a6c] ::ffff:127.0.0.1 [GET] /metrics Incoming request {"userAgent":"Prometheus/3.7.3"}
2025-12-01 11:52:54.408 [INFO] [API_REQUEST] [8d2c89e8-11aa-404a-925c-f03512237a6c] ::ffff:127.0.0.1 [GET] /metrics Incoming Request: GET /metrics {"payload":{}}
2025-12-01 11:52:54.409 [INFO] [API_RESPONSE] [8d2c89e8-11aa-404a-925c-f03512237a6c] ::ffff:127.0.0.1 [GET] /metrics 1ms 200 Response: GET /metrics 200 1ms {"payload":{}}
2025-12-01T04:52:59.408Z [INFO] [REQUEST_MIDDLEWARE] [d2dc2e33-9677-45d3-9ffd-d6109b2ad2a3] ::ffff:127.0.0.1 [GET] /metrics Incoming request {"userAgent":"Prometheus/3.7.3"}
2025-12-01 11:52:59.408 [INFO] [API_REQUEST] [d2dc2e33-9677-45d3-9ffd-d6109b2ad2a3] ::ffff:127.0.0.1 [GET] /metrics Incoming Request: GET /metrics {"payload":{}}
2025-12-01 11:52:59.410 [INFO] [API_RESPONSE] [d2dc2e33-9677-45d3-9ffd-d6109b2ad2a3] ::ffff:127.0.0.1 [GET] /metrics 2ms 200 Response: GET /metrics 200 2ms {"payload":{}}
2025-12-01T04:53:04.408Z [INFO] [REQUEST_MIDDLEWARE] [e0bdd359-8456-4ed2-ad15-2332bdeecace] ::ffff:127.0.0.1 [GET] /metrics Incoming request {"userAgent":"Prometheus/3.7.3"}
2025-12-01 11:53:04.408 [INFO] [API_REQUEST] [e0bdd359-8456-4ed2-ad15-2332bdeecace] ::ffff:127.0.0.1 [GET] /metrics Incoming Request: GET /metrics {"payload":{}}
2025-12-01 11:53:04.409 [INFO] [API_RESPONSE] [e0bdd359-8456-4ed2-ad15-2332bdeecace] ::ffff:127.0.0.1 [GET] /metrics 1ms 200 Response: GET /metrics 200 1ms {"payload":{}}
2025-12-01T04:53:09.408Z [INFO] [REQUEST_MIDDLEWARE] [ec056044-9f89-4d60-bba2-5dbc0b250055] ::ffff:127.0.0.1 [GET] /metrics Incoming request {"userAgent":"Prometheus/3.7.3"}
2025-12-01 11:53:09.408 [INFO] [API_REQUEST] [ec056044-9f89-4d60-bba2-5dbc0b250055] ::ffff:127.0.0.1 [GET] /metrics Incoming Request: GET /metrics {"payload":{}}
2025-12-01 11:53:09.410 [INFO] [API_RESPONSE] [ec056044-9f89-4d60-bba2-5dbc0b250055] ::ffff:127.0.0.1 [GET] /metrics 2ms 200 Response: GET /metrics 200 2ms {"payload":{}}
2025-12-01T04:53:14.408Z [INFO] [REQUEST_MIDDLEWARE] [57f10ff7-784d-4673-a69e-905eeeeec54e] ::ffff:127.0.0.1 [GET] /metrics Incoming request {"userAgent":"Prometheus/3.7.3"}
2025-12-01 11:53:14.408 [INFO] [API_REQUEST] [57f10ff7-784d-4673-a69e-905eeeeec54e] ::ffff:127.0.0.1 [GET] /metrics Incoming Request: GET /metrics {"payload":{}}
2025-12-01 11:53:14.409 [INFO] [API_RESPONSE] [57f10ff7-784d-4673-a69e-905eeeeec54e] ::ffff:127.0.0.1 [GET] /metrics 1ms 200 Response: GET /metrics 200 1ms {"payload":{}}
2025-12-01T04:53:19.406Z [INFO] [REQUEST_MIDDLEWARE] [6dcb12c9-b16e-49b7-a279-4c5d040fbfa3] ::ffff:127.0.0.1 [GET] /metrics Incoming request {"userAgent":"Prometheus/3.7.3"}
2025-12-01 11:53:19.407 [INFO] [API_REQUEST] [6dcb12c9-b16e-49b7-a279-4c5d040fbfa3] ::ffff:127.0.0.1 [GET] /metrics Incoming Request: GET /metrics {"payload":{}}
2025-12-01 11:53:19.408 [INFO] [API_RESPONSE] [6dcb12c9-b16e-49b7-a279-4c5d040fbfa3] ::ffff:127.0.0.1 [GET] /metrics 2ms 200 Response: GET /metrics 200 2ms {"payload":{}}
2025-12-01T04:53:24.407Z [INFO] [REQUEST_MIDDLEWARE] [2bd57526-2d81-4787-b21d-9400743340be] ::ffff:127.0.0.1 [GET] /metrics Incoming request {"userAgent":"Prometheus/3.7.3"}
2025-12-01 11:53:24.407 [INFO] [API_REQUEST] [2bd57526-2d81-4787-b21d-9400743340be] ::ffff:127.0.0.1 [GET] /metrics Incoming Request: GET /metrics {"payload":{}}
2025-12-01 11:53:24.408 [INFO] [API_RESPONSE] [2bd57526-2d81-4787-b21d-9400743340be] ::ffff:127.0.0.1 [GET] /metrics 1ms 200 Response: GET /metrics 200 1ms {"payload":{}}
2025-12-01T04:53:29.406Z [INFO] [REQUEST_MIDDLEWARE] [c1744f68-390b-45db-9f9c-3b1858581fc0] ::ffff:127.0.0.1 [GET] /metrics Incoming request {"userAgent":"Prometheus/3.7.3"}
2025-12-01 11:53:29.406 [INFO] [API_REQUEST] [c1744f68-390b-45db-9f9c-3b1858581fc0] ::ffff:127.0.0.1 [GET] /metrics Incoming Request: GET /metrics {"payload":{}}
2025-12-01 11:53:29.408 [INFO] [API_RESPONSE] [c1744f68-390b-45db-9f9c-3b1858581fc0] ::ffff:127.0.0.1 [GET] /metrics 2ms 200 Response: GET /metrics 200 2ms {"payload":{}}
2025-12-01T04:53:34.407Z [INFO] [REQUEST_MIDDLEWARE] [fc72dc22-5e0d-40cc-b374-18a52e67b392] ::ffff:127.0.0.1 [GET] /metrics Incoming request {"userAgent":"Prometheus/3.7.3"}
2025-12-01 11:53:34.408 [INFO] [API_REQUEST] [fc72dc22-5e0d-40cc-b374-18a52e67b392] ::ffff:127.0.0.1 [GET] /metrics Incoming Request: GET /metrics {"payload":{}}
2025-12-01 11:53:34.409 [INFO] [API_RESPONSE] [fc72dc22-5e0d-40cc-b374-18a52e67b392] ::ffff:127.0.0.1 [GET] /metrics 1ms 200 Response: GET /metrics 200 1ms {"payload":{}}
2025-12-01T04:53:39.406Z [INFO] [REQUEST_MIDDLEWARE] [be7aff6d-b6c6-44f3-a09b-e7b91fe257e7] ::ffff:127.0.0.1 [GET] /metrics Incoming request {"userAgent":"Prometheus/3.7.3"}
2025-12-01 11:53:39.406 [INFO] [API_REQUEST] [be7aff6d-b6c6-44f3-a09b-e7b91fe257e7] ::ffff:127.0.0.1 [GET] /metrics Incoming Request: GET /metrics {"payload":{}}
2025-12-01 11:53:39.408 [INFO] [API_RESPONSE] [be7aff6d-b6c6-44f3-a09b-e7b91fe257e7] ::ffff:127.0.0.1 [GET] /metrics 1ms 200 Response: GET /metrics 200 1ms {"payload":{}}
2025-12-01T04:53:44.407Z [INFO] [REQUEST_MIDDLEWARE] [3f2ce7a9-1b81-458d-8e3b-751c4129a941] ::ffff:127.0.0.1 [GET] /metrics Incoming request {"userAgent":"Prometheus/3.7.3"}
2025-12-01 11:53:44.408 [INFO] [API_REQUEST] [3f2ce7a9-1b81-458d-8e3b-751c4129a941] ::ffff:127.0.0.1 [GET] /metrics Incoming Request: GET /metrics {"payload":{}}
2025-12-01 11:53:44.410 [INFO] [API_RESPONSE] [3f2ce7a9-1b81-458d-8e3b-751c4129a941] ::ffff:127.0.0.1 [GET] /metrics 2ms 200 Response: GET /metrics 200 2ms {"payload":{}}
2025-12-01T04:53:49.408Z [INFO] [REQUEST_MIDDLEWARE] [3876c491-715d-42f2-ae12-dda35b5acdf7] ::ffff:127.0.0.1 [GET] /metrics Incoming request {"userAgent":"Prometheus/3.7.3"}
2025-12-01 11:53:49.408 [INFO] [API_REQUEST] [3876c491-715d-42f2-ae12-dda35b5acdf7] ::ffff:127.0.0.1 [GET] /metrics Incoming Request: GET /metrics {"payload":{}}
2025-12-01 11:53:49.409 [INFO] [API_RESPONSE] [3876c491-715d-42f2-ae12-dda35b5acdf7] ::ffff:127.0.0.1 [GET] /metrics 1ms 200 Response: GET /metrics 200 1ms {"payload":{}}
2025-12-01T04:53:54.407Z [INFO] [REQUEST_MIDDLEWARE] [6cb7bdb8-e05e-4389-b2e3-43e415c11c0f] ::ffff:127.0.0.1 [GET] /metrics Incoming request {"userAgent":"Prometheus/3.7.3"}
2025-12-01 11:53:54.407 [INFO] [API_REQUEST] [6cb7bdb8-e05e-4389-b2e3-43e415c11c0f] ::ffff:127.0.0.1 [GET] /metrics Incoming Request: GET /metrics {"payload":{}}
2025-12-01 11:53:54.409 [INFO] [API_RESPONSE] [6cb7bdb8-e05e-4389-b2e3-43e415c11c0f] ::ffff:127.0.0.1 [GET] /metrics 2ms 200 Response: GET /metrics 200 2ms {"payload":{}}
2025-12-01T04:53:59.407Z [INFO] [REQUEST_MIDDLEWARE] [c83f3dfe-5e4c-4102-ab3a-e8d64627f020] ::ffff:127.0.0.1 [GET] /metrics Incoming request {"userAgent":"Prometheus/3.7.3"}
2025-12-01 11:53:59.407 [INFO] [API_REQUEST] [c83f3dfe-5e4c-4102-ab3a-e8d64627f020] ::ffff:127.0.0.1 [GET] /metrics Incoming Request: GET /metrics {"payload":{}}
2025-12-01 11:53:59.409 [INFO] [API_RESPONSE] [c83f3dfe-5e4c-4102-ab3a-e8d64627f020] ::ffff:127.0.0.1 [GET] /metrics 2ms 200 Response: GET /metrics 200 2ms {"payload":{}}
2025-12-01T04:54:04.408Z [INFO] [REQUEST_MIDDLEWARE] [e7136ce2-494b-48af-8f63-dd37d1b97d85] ::ffff:127.0.0.1 [GET] /metrics Incoming request {"userAgent":"Prometheus/3.7.3"}
2025-12-01 11:54:04.408 [INFO] [API_REQUEST] [e7136ce2-494b-48af-8f63-dd37d1b97d85] ::ffff:127.0.0.1 [GET] /metrics Incoming Request: GET /metrics {"payload":{}}
2025-12-01 11:54:04.409 [INFO] [API_RESPONSE] [e7136ce2-494b-48af-8f63-dd37d1b97d85] ::ffff:127.0.0.1 [GET] /metrics 1ms 200 Response: GET /metrics 200 1ms {"payload":{}}
2025-12-01T04:54:09.408Z [INFO] [REQUEST_MIDDLEWARE] [da4531d0-572c-4b93-be13-5a3dae53d504] ::ffff:127.0.0.1 [GET] /metrics Incoming request {"userAgent":"Prometheus/3.7.3"}
2025-12-01 11:54:09.408 [INFO] [API_REQUEST] [da4531d0-572c-4b93-be13-5a3dae53d504] ::ffff:127.0.0.1 [GET] /metrics Incoming Request: GET /metrics {"payload":{}}
2025-12-01 11:54:09.409 [INFO] [API_RESPONSE] [da4531d0-572c-4b93-be13-5a3dae53d504] ::ffff:127.0.0.1 [GET] /metrics 1ms 200 Response: GET /metrics 200 1ms {"payload":{}}
2025-12-01T04:54:14.408Z [INFO] [REQUEST_MIDDLEWARE] [528d7b29-2c20-4b6f-9274-ead2d7eb36cf] ::ffff:127.0.0.1 [GET] /metrics Incoming request {"userAgent":"Prometheus/3.7.3"}
2025-12-01 11:54:14.408 [INFO] [API_REQUEST] [528d7b29-2c20-4b6f-9274-ead2d7eb36cf] ::ffff:127.0.0.1 [GET] /metrics Incoming Request: GET /metrics {"payload":{}}
2025-12-01 11:54:14.410 [INFO] [API_RESPONSE] [528d7b29-2c20-4b6f-9274-ead2d7eb36cf] ::ffff:127.0.0.1 [GET] /metrics 2ms 200 Response: GET /metrics 200 2ms {"payload":{}}
2025-12-01T04:54:19.407Z [INFO] [REQUEST_MIDDLEWARE] [d13d1695-dc4e-4705-b04d-1b3459019d29] ::ffff:127.0.0.1 [GET] /metrics Incoming request {"userAgent":"Prometheus/3.7.3"}
2025-12-01 11:54:19.408 [INFO] [API_REQUEST] [d13d1695-dc4e-4705-b04d-1b3459019d29] ::ffff:127.0.0.1 [GET] /metrics Incoming Request: GET /metrics {"payload":{}}
2025-12-01 11:54:19.409 [INFO] [API_RESPONSE] [d13d1695-dc4e-4705-b04d-1b3459019d29] ::ffff:127.0.0.1 [GET] /metrics 1ms 200 Response: GET /metrics 200 1ms {"payload":{}}
2025-12-01T04:54:24.407Z [INFO] [REQUEST_MIDDLEWARE] [a5bd8ff5-2e7d-47cb-82f9-2bfe36143bd7] ::ffff:127.0.0.1 [GET] /metrics Incoming request {"userAgent":"Prometheus/3.7.3"}
2025-12-01 11:54:24.408 [INFO] [API_REQUEST] [a5bd8ff5-2e7d-47cb-82f9-2bfe36143bd7] ::ffff:127.0.0.1 [GET] /metrics Incoming Request: GET /metrics {"payload":{}}
2025-12-01 11:54:24.409 [INFO] [API_RESPONSE] [a5bd8ff5-2e7d-47cb-82f9-2bfe36143bd7] ::ffff:127.0.0.1 [GET] /metrics 2ms 200 Response: GET /metrics 200 2ms {"payload":{}}
2025-12-01T04:54:29.407Z [INFO] [REQUEST_MIDDLEWARE] [ea84557b-a454-4539-bc53-911c0a4587f0] ::ffff:127.0.0.1 [GET] /metrics Incoming request {"userAgent":"Prometheus/3.7.3"}
2025-12-01 11:54:29.407 [INFO] [API_REQUEST] [ea84557b-a454-4539-bc53-911c0a4587f0] ::ffff:127.0.0.1 [GET] /metrics Incoming Request: GET /metrics {"payload":{}}
2025-12-01 11:54:29.409 [INFO] [API_RESPONSE] [ea84557b-a454-4539-bc53-911c0a4587f0] ::ffff:127.0.0.1 [GET] /metrics 2ms 200 Response: GET /metrics 200 2ms {"payload":{}}
2025-12-01T04:54:34.408Z [INFO] [REQUEST_MIDDLEWARE] [2c765ab8-bf3b-4355-a31f-22dd1bea7afc] ::ffff:127.0.0.1 [GET] /metrics Incoming request {"userAgent":"Prometheus/3.7.3"}
2025-12-01 11:54:34.408 [INFO] [API_REQUEST] [2c765ab8-bf3b-4355-a31f-22dd1bea7afc] ::ffff:127.0.0.1 [GET] /metrics Incoming Request: GET /metrics {"payload":{}}
2025-12-01 11:54:34.411 [INFO] [API_RESPONSE] [2c765ab8-bf3b-4355-a31f-22dd1bea7afc] ::ffff:127.0.0.1 [GET] /metrics 3ms 200 Response: GET /metrics 200 3ms {"payload":{}}
2025-12-01T04:54:39.407Z [INFO] [REQUEST_MIDDLEWARE] [ab7a2e73-1586-4a12-a1ca-09c437b06fb9] ::ffff:127.0.0.1 [GET] /metrics Incoming request {"userAgent":"Prometheus/3.7.3"}
2025-12-01 11:54:39.408 [INFO] [API_REQUEST] [ab7a2e73-1586-4a12-a1ca-09c437b06fb9] ::ffff:127.0.0.1 [GET] /metrics Incoming Request: GET /metrics {"payload":{}}
2025-12-01 11:54:39.409 [INFO] [API_RESPONSE] [ab7a2e73-1586-4a12-a1ca-09c437b06fb9] ::ffff:127.0.0.1 [GET] /metrics 1ms 200 Response: GET /metrics 200 1ms {"payload":{}}
2025-12-01T04:54:44.407Z [INFO] [REQUEST_MIDDLEWARE] [7e4bfc57-91b6-44fe-8790-29357fef644b] ::ffff:127.0.0.1 [GET] /metrics Incoming request {"userAgent":"Prometheus/3.7.3"}
2025-12-01 11:54:44.407 [INFO] [API_REQUEST] [7e4bfc57-91b6-44fe-8790-29357fef644b] ::ffff:127.0.0.1 [GET] /metrics Incoming Request: GET /metrics {"payload":{}}
2025-12-01 11:54:44.410 [INFO] [API_RESPONSE] [7e4bfc57-91b6-44fe-8790-29357fef644b] ::ffff:127.0.0.1 [GET] /metrics 2ms 200 Response: GET /metrics 200 2ms {"payload":{}}
2025-12-01T04:54:49.408Z [INFO] [REQUEST_MIDDLEWARE] [26f60f13-d50b-4c2b-ab8a-c78714b79965] ::ffff:127.0.0.1 [GET] /metrics Incoming request {"userAgent":"Prometheus/3.7.3"}
2025-12-01 11:54:49.408 [INFO] [API_REQUEST] [26f60f13-d50b-4c2b-ab8a-c78714b79965] ::ffff:127.0.0.1 [GET] /metrics Incoming Request: GET /metrics {"payload":{}}
2025-12-01 11:54:49.409 [INFO] [API_RESPONSE] [26f60f13-d50b-4c2b-ab8a-c78714b79965] ::ffff:127.0.0.1 [GET] /metrics 1ms 200 Response: GET /metrics 200 1ms {"payload":{}}
2025-12-01T04:54:54.407Z [INFO] [REQUEST_MIDDLEWARE] [9a0340c3-5d72-4c43-9fda-266b280dbcb4] ::ffff:127.0.0.1 [GET] /metrics Incoming request {"userAgent":"Prometheus/3.7.3"}
2025-12-01 11:54:54.407 [INFO] [API_REQUEST] [9a0340c3-5d72-4c43-9fda-266b280dbcb4] ::ffff:127.0.0.1 [GET] /metrics Incoming Request: GET /metrics {"payload":{}}
2025-12-01 11:54:54.409 [INFO] [API_RESPONSE] [9a0340c3-5d72-4c43-9fda-266b280dbcb4] ::ffff:127.0.0.1 [GET] /metrics 2ms 200 Response: GET /metrics 200 2ms {"payload":{}}
2025-12-01T04:54:59.407Z [INFO] [REQUEST_MIDDLEWARE] [bf92f579-f47a-4499-adba-b5ee240ee1eb] ::ffff:127.0.0.1 [GET] /metrics Incoming request {"userAgent":"Prometheus/3.7.3"}
2025-12-01 11:54:59.407 [INFO] [API_REQUEST] [bf92f579-f47a-4499-adba-b5ee240ee1eb] ::ffff:127.0.0.1 [GET] /metrics Incoming Request: GET /metrics {"payload":{}}
2025-12-01 11:54:59.408 [INFO] [API_RESPONSE] [bf92f579-f47a-4499-adba-b5ee240ee1eb] ::ffff:127.0.0.1 [GET] /metrics 1ms 200 Response: GET /metrics 200 1ms {"payload":{}}
2025-12-01T04:55:04.408Z [INFO] [REQUEST_MIDDLEWARE] [4dfac12e-e6de-4863-87ec-99cf0d84c0f8] ::ffff:127.0.0.1 [GET] /metrics Incoming request {"userAgent":"Prometheus/3.7.3"}
2025-12-01 11:55:04.409 [INFO] [API_REQUEST] [4dfac12e-e6de-4863-87ec-99cf0d84c0f8] ::ffff:127.0.0.1 [GET] /metrics Incoming Request: GET /metrics {"payload":{}}
2025-12-01 11:55:04.410 [INFO] [API_RESPONSE] [4dfac12e-e6de-4863-87ec-99cf0d84c0f8] ::ffff:127.0.0.1 [GET] /metrics 1ms 200 Response: GET /metrics 200 1ms {"payload":{}}
2025-12-01T04:55:09.407Z [INFO] [REQUEST_MIDDLEWARE] [2ad14f4a-2a16-452f-8f12-6fffb9726bde] ::ffff:127.0.0.1 [GET] /metrics Incoming request {"userAgent":"Prometheus/3.7.3"}
2025-12-01 11:55:09.407 [INFO] [API_REQUEST] [2ad14f4a-2a16-452f-8f12-6fffb9726bde] ::ffff:127.0.0.1 [GET] /metrics Incoming Request: GET /metrics {"payload":{}}
2025-12-01 11:55:09.409 [INFO] [API_RESPONSE] [2ad14f4a-2a16-452f-8f12-6fffb9726bde] ::ffff:127.0.0.1 [GET] /metrics 2ms 200 Response: GET /metrics 200 2ms {"payload":{}}
2025-12-01T04:55:14.407Z [INFO] [REQUEST_MIDDLEWARE] [71ea2370-c70f-49fd-963b-d6c99fdcf1a6] ::ffff:127.0.0.1 [GET] /metrics Incoming request {"userAgent":"Prometheus/3.7.3"}
2025-12-01 11:55:14.407 [INFO] [API_REQUEST] [71ea2370-c70f-49fd-963b-d6c99fdcf1a6] ::ffff:127.0.0.1 [GET] /metrics Incoming Request: GET /metrics {"payload":{}}
2025-12-01 11:55:14.408 [INFO] [API_RESPONSE] [71ea2370-c70f-49fd-963b-d6c99fdcf1a6] ::ffff:127.0.0.1 [GET] /metrics 1ms 200 Response: GET /metrics 200 1ms {"payload":{}}
2025-12-01T04:55:19.407Z [INFO] [REQUEST_MIDDLEWARE] [b91b7a73-69aa-431d-8db9-7867b51e9c9d] ::ffff:127.0.0.1 [GET] /metrics Incoming request {"userAgent":"Prometheus/3.7.3"}
2025-12-01 11:55:19.407 [INFO] [API_REQUEST] [b91b7a73-69aa-431d-8db9-7867b51e9c9d] ::ffff:127.0.0.1 [GET] /metrics Incoming Request: GET /metrics {"payload":{}}
2025-12-01 11:55:19.409 [INFO] [API_RESPONSE] [b91b7a73-69aa-431d-8db9-7867b51e9c9d] ::ffff:127.0.0.1 [GET] /metrics 2ms 200 Response: GET /metrics 200 2ms {"payload":{}}
2025-12-01T04:55:24.408Z [INFO] [REQUEST_MIDDLEWARE] [88574b03-3dc9-467a-970b-0f3dc96d0faf] ::ffff:127.0.0.1 [GET] /metrics Incoming request {"userAgent":"Prometheus/3.7.3"}
2025-12-01 11:55:24.409 [INFO] [API_REQUEST] [88574b03-3dc9-467a-970b-0f3dc96d0faf] ::ffff:127.0.0.1 [GET] /metrics Incoming Request: GET /metrics {"payload":{}}
2025-12-01 11:55:24.410 [INFO] [API_RESPONSE] [88574b03-3dc9-467a-970b-0f3dc96d0faf] ::ffff:127.0.0.1 [GET] /metrics 1ms 200 Response: GET /metrics 200 1ms {"payload":{}}
2025-12-01T04:55:29.407Z [INFO] [REQUEST_MIDDLEWARE] [6ef455a5-5614-4545-9d84-3cc9e8b70715] ::ffff:127.0.0.1 [GET] /metrics Incoming request {"userAgent":"Prometheus/3.7.3"}
2025-12-01 11:55:29.408 [INFO] [API_REQUEST] [6ef455a5-5614-4545-9d84-3cc9e8b70715] ::ffff:127.0.0.1 [GET] /metrics Incoming Request: GET /metrics {"payload":{}}
2025-12-01 11:55:29.409 [INFO] [API_RESPONSE] [6ef455a5-5614-4545-9d84-3cc9e8b70715] ::ffff:127.0.0.1 [GET] /metrics 1ms 200 Response: GET /metrics 200 1ms {"payload":{}}
2025-12-01 11:55:38.075 [INFO] Booking System Server Started
2025-12-01 11:55:38.077 [INFO] API Server: http://localhost:5000
2025-12-01 11:55:38.078 [INFO] Health Check: http://localhost:5000/health
2025-12-01 11:55:38.078 [INFO] Deep Health Check: http://localhost:5000/health/deep
2025-12-01 11:55:38.078 [INFO] Circuit Breaker Status: http://localhost:5000/health/circuits

2025-12-01 11:55:38.087 [INFO] [REDIS] Connecting to Redis...
2025-12-01 11:55:38.108 [INFO] [REDIS] Redis client ready. Host: 127.0.0.1:6379
2025-12-01 11:55:38.130 [INFO] Database connection established successfully. Host: localhost:3307. Database: meetingroombooking
2025-12-01T04:55:39.413Z [INFO] [REQUEST_MIDDLEWARE] [41269fc3-b751-4b4e-a54d-81ca8c0200ca] ::ffff:127.0.0.1 [GET] /metrics Incoming request {"userAgent":"Prometheus/3.7.3"}
2025-12-01 11:55:39.414 [INFO] [API_REQUEST] [41269fc3-b751-4b4e-a54d-81ca8c0200ca] ::ffff:127.0.0.1 [GET] /metrics Incoming Request: GET /metrics {"payload":{}}
2025-12-01 11:55:39.420 [INFO] [API_RESPONSE] [41269fc3-b751-4b4e-a54d-81ca8c0200ca] ::ffff:127.0.0.1 [GET] /metrics 6ms 200 Response: GET /metrics 200 6ms {"payload":{}}
2025-12-01T04:55:44.407Z [INFO] [REQUEST_MIDDLEWARE] [7b0648c9-b007-4ff0-b2ef-001fd90f329c] ::ffff:127.0.0.1 [GET] /metrics Incoming request {"userAgent":"Prometheus/3.7.3"}
2025-12-01 11:55:44.408 [INFO] [API_REQUEST] [7b0648c9-b007-4ff0-b2ef-001fd90f329c] ::ffff:127.0.0.1 [GET] /metrics Incoming Request: GET /metrics {"payload":{}}
2025-12-01 11:55:44.410 [INFO] [API_RESPONSE] [7b0648c9-b007-4ff0-b2ef-001fd90f329c] ::ffff:127.0.0.1 [GET] /metrics 2ms 200 Response: GET /metrics 200 2ms {"payload":{}}
2025-12-01T04:55:49.408Z [INFO] [REQUEST_MIDDLEWARE] [f011aa95-0a83-4c3f-8913-e8171f281b98] ::ffff:127.0.0.1 [GET] /metrics Incoming request {"userAgent":"Prometheus/3.7.3"}
2025-12-01 11:55:49.408 [INFO] [API_REQUEST] [f011aa95-0a83-4c3f-8913-e8171f281b98] ::ffff:127.0.0.1 [GET] /metrics Incoming Request: GET /metrics {"payload":{}}
2025-12-01 11:55:49.411 [INFO] [API_RESPONSE] [f011aa95-0a83-4c3f-8913-e8171f281b98] ::ffff:127.0.0.1 [GET] /metrics 3ms 200 Response: GET /metrics 200 3ms {"payload":{}}
2025-12-01T04:55:54.407Z [INFO] [REQUEST_MIDDLEWARE] [5026860c-8543-4c10-ab46-3bd3edb9c6b4] ::ffff:127.0.0.1 [GET] /metrics Incoming request {"userAgent":"Prometheus/3.7.3"}
2025-12-01 11:55:54.408 [INFO] [API_REQUEST] [5026860c-8543-4c10-ab46-3bd3edb9c6b4] ::ffff:127.0.0.1 [GET] /metrics Incoming Request: GET /metrics {"payload":{}}
2025-12-01 11:55:54.410 [INFO] [API_RESPONSE] [5026860c-8543-4c10-ab46-3bd3edb9c6b4] ::ffff:127.0.0.1 [GET] /metrics 2ms 200 Response: GET /metrics 200 2ms {"payload":{}}
2025-12-01T04:55:59.407Z [INFO] [REQUEST_MIDDLEWARE] [39c9de5d-c678-4bae-a255-87ccffd69334] ::ffff:127.0.0.1 [GET] /metrics Incoming request {"userAgent":"Prometheus/3.7.3"}
2025-12-01 11:55:59.408 [INFO] [API_REQUEST] [39c9de5d-c678-4bae-a255-87ccffd69334] ::ffff:127.0.0.1 [GET] /metrics Incoming Request: GET /metrics {"payload":{}}
2025-12-01 11:55:59.410 [INFO] [API_RESPONSE] [39c9de5d-c678-4bae-a255-87ccffd69334] ::ffff:127.0.0.1 [GET] /metrics 2ms 200 Response: GET /metrics 200 2ms {"payload":{}}
2025-12-01T04:56:04.407Z [INFO] [REQUEST_MIDDLEWARE] [f39fce11-bb89-470c-922a-bd400689a349] ::ffff:127.0.0.1 [GET] /metrics Incoming request {"userAgent":"Prometheus/3.7.3"}
2025-12-01 11:56:04.407 [INFO] [API_REQUEST] [f39fce11-bb89-470c-922a-bd400689a349] ::ffff:127.0.0.1 [GET] /metrics Incoming Request: GET /metrics {"payload":{}}
2025-12-01 11:56:04.409 [INFO] [API_RESPONSE] [f39fce11-bb89-470c-922a-bd400689a349] ::ffff:127.0.0.1 [GET] /metrics 2ms 200 Response: GET /metrics 200 2ms {"payload":{}}
2025-12-01T04:56:09.407Z [INFO] [REQUEST_MIDDLEWARE] [e676eec7-c2d8-4c58-94cf-86b709a7aeeb] ::ffff:127.0.0.1 [GET] /metrics Incoming request {"userAgent":"Prometheus/3.7.3"}
2025-12-01 11:56:09.407 [INFO] [API_REQUEST] [e676eec7-c2d8-4c58-94cf-86b709a7aeeb] ::ffff:127.0.0.1 [GET] /metrics Incoming Request: GET /metrics {"payload":{}}
2025-12-01 11:56:09.409 [INFO] [API_RESPONSE] [e676eec7-c2d8-4c58-94cf-86b709a7aeeb] ::ffff:127.0.0.1 [GET] /metrics 2ms 200 Response: GET /metrics 200 2ms {"payload":{}}
2025-12-01T04:56:14.407Z [INFO] [REQUEST_MIDDLEWARE] [9225f21f-419b-40e5-8e0a-b1ed8163892a] ::ffff:127.0.0.1 [GET] /metrics Incoming request {"userAgent":"Prometheus/3.7.3"}
2025-12-01 11:56:14.408 [INFO] [API_REQUEST] [9225f21f-419b-40e5-8e0a-b1ed8163892a] ::ffff:127.0.0.1 [GET] /metrics Incoming Request: GET /metrics {"payload":{}}
2025-12-01 11:56:14.410 [INFO] [API_RESPONSE] [9225f21f-419b-40e5-8e0a-b1ed8163892a] ::ffff:127.0.0.1 [GET] /metrics 2ms 200 Response: GET /metrics 200 2ms {"payload":{}}
2025-12-01 11:56:17.457 [ERROR] [POST] Error: 400 - Expected property name or '}' in JSON at position 1 (line 1 column 2)
SyntaxError: Expected property name or '}' in JSON at position 1 (line 1 column 2)
    at JSON.parse (<anonymous>)
    at parse (E:\Code\Booking\BE\node_modules\body-parser\lib\types\json.js:92:19)
    at E:\Code\Booking\BE\node_modules\body-parser\lib\read.js:128:18
    at AsyncResource.runInAsyncScope (node:async_hooks:214:14)
    at invokeCallback (E:\Code\Booking\BE\node_modules\raw-body\index.js:238:16)
    at done (E:\Code\Booking\BE\node_modules\raw-body\index.js:227:7)
    at IncomingMessage.onEnd (E:\Code\Booking\BE\node_modules\raw-body\index.js:287:7)
    at IncomingMessage.emit (node:events:518:28)
    at endReadableNT (node:internal/streams/readable:1698:12)
    at process.processTicksAndRejections (node:internal/process/task_queues:90:21)
2025-12-01T04:56:19.408Z [INFO] [REQUEST_MIDDLEWARE] [80a87ab6-ac70-45bc-984d-459c8697fc76] ::ffff:127.0.0.1 [GET] /metrics Incoming request {"userAgent":"Prometheus/3.7.3"}
2025-12-01 11:56:19.408 [INFO] [API_REQUEST] [80a87ab6-ac70-45bc-984d-459c8697fc76] ::ffff:127.0.0.1 [GET] /metrics Incoming Request: GET /metrics {"payload":{}}
2025-12-01 11:56:19.410 [INFO] [API_RESPONSE] [80a87ab6-ac70-45bc-984d-459c8697fc76] ::ffff:127.0.0.1 [GET] /metrics 2ms 200 Response: GET /metrics 200 2ms {"payload":{}}
2025-12-01T04:56:24.408Z [INFO] [REQUEST_MIDDLEWARE] [dc6f40fe-04d0-4cd3-8702-9ba30e2905b3] ::ffff:127.0.0.1 [GET] /metrics Incoming request {"userAgent":"Prometheus/3.7.3"}
2025-12-01 11:56:24.408 [INFO] [API_REQUEST] [dc6f40fe-04d0-4cd3-8702-9ba30e2905b3] ::ffff:127.0.0.1 [GET] /metrics Incoming Request: GET /metrics {"payload":{}}
2025-12-01 11:56:24.410 [INFO] [API_RESPONSE] [dc6f40fe-04d0-4cd3-8702-9ba30e2905b3] ::ffff:127.0.0.1 [GET] /metrics 2ms 200 Response: GET /metrics 200 2ms {"payload":{}}
2025-12-01T04:56:29.408Z [INFO] [REQUEST_MIDDLEWARE] [499fd60a-6fe3-4485-b9e7-ef27b15cfdc9] ::ffff:127.0.0.1 [GET] /metrics Incoming request {"userAgent":"Prometheus/3.7.3"}
2025-12-01 11:56:29.408 [INFO] [API_REQUEST] [499fd60a-6fe3-4485-b9e7-ef27b15cfdc9] ::ffff:127.0.0.1 [GET] /metrics Incoming Request: GET /metrics {"payload":{}}
2025-12-01 11:56:29.410 [INFO] [API_RESPONSE] [499fd60a-6fe3-4485-b9e7-ef27b15cfdc9] ::ffff:127.0.0.1 [GET] /metrics 2ms 200 Response: GET /metrics 200 2ms {"payload":{}}
2025-12-01T04:56:34.407Z [INFO] [REQUEST_MIDDLEWARE] [1b16a1e8-2127-445e-8ef1-2f74beca083b] ::ffff:127.0.0.1 [GET] /metrics Incoming request {"userAgent":"Prometheus/3.7.3"}
2025-12-01 11:56:34.408 [INFO] [API_REQUEST] [1b16a1e8-2127-445e-8ef1-2f74beca083b] ::ffff:127.0.0.1 [GET] /metrics Incoming Request: GET /metrics {"payload":{}}
2025-12-01 11:56:34.409 [INFO] [API_RESPONSE] [1b16a1e8-2127-445e-8ef1-2f74beca083b] ::ffff:127.0.0.1 [GET] /metrics 1ms 200 Response: GET /metrics 200 1ms {"payload":{}}
2025-12-01T04:56:39.407Z [INFO] [REQUEST_MIDDLEWARE] [f088431c-cd33-4170-bcab-cd5c32a1a301] ::ffff:127.0.0.1 [GET] /metrics Incoming request {"userAgent":"Prometheus/3.7.3"}
2025-12-01 11:56:39.408 [INFO] [API_REQUEST] [f088431c-cd33-4170-bcab-cd5c32a1a301] ::ffff:127.0.0.1 [GET] /metrics Incoming Request: GET /metrics {"payload":{}}
2025-12-01 11:56:39.409 [INFO] [API_RESPONSE] [f088431c-cd33-4170-bcab-cd5c32a1a301] ::ffff:127.0.0.1 [GET] /metrics 1ms 200 Response: GET /metrics 200 1ms {"payload":{}}
2025-12-01T04:56:44.408Z [INFO] [REQUEST_MIDDLEWARE] [ec74bf9b-e68f-4b60-bfea-4c521c2d48c1] ::ffff:127.0.0.1 [GET] /metrics Incoming request {"userAgent":"Prometheus/3.7.3"}
2025-12-01 11:56:44.409 [INFO] [API_REQUEST] [ec74bf9b-e68f-4b60-bfea-4c521c2d48c1] ::ffff:127.0.0.1 [GET] /metrics Incoming Request: GET /metrics {"payload":{}}
2025-12-01 11:56:44.410 [INFO] [API_RESPONSE] [ec74bf9b-e68f-4b60-bfea-4c521c2d48c1] ::ffff:127.0.0.1 [GET] /metrics 1ms 200 Response: GET /metrics 200 1ms {"payload":{}}
2025-12-01T04:56:49.408Z [INFO] [REQUEST_MIDDLEWARE] [77077638-0e71-4a7a-a764-8b8a04fbf662] ::ffff:127.0.0.1 [GET] /metrics Incoming request {"userAgent":"Prometheus/3.7.3"}
2025-12-01 11:56:49.409 [INFO] [API_REQUEST] [77077638-0e71-4a7a-a764-8b8a04fbf662] ::ffff:127.0.0.1 [GET] /metrics Incoming Request: GET /metrics {"payload":{}}
2025-12-01 11:56:49.411 [INFO] [API_RESPONSE] [77077638-0e71-4a7a-a764-8b8a04fbf662] ::ffff:127.0.0.1 [GET] /metrics 2ms 200 Response: GET /metrics 200 2ms {"payload":{}}
2025-12-01T04:56:52.646Z [INFO] [REQUEST_MIDDLEWARE] [f8ee11f5-79dc-4d23-8900-9dfc22a92bd8] ::1 [POST] /api/rooms/search Incoming request {"userAgent":"Mozilla/5.0 (Windows NT 10.0; Win64; x64) AppleWebKit/537.36 (KHTML, like Gecko) Chrome/142.0.0.0 Safari/537.36 Edg/142.0.0.0"}
2025-12-01 11:56:52.646 [INFO] [API_REQUEST] [f8ee11f5-79dc-4d23-8900-9dfc22a92bd8] ::1 [POST] /api/rooms/search Incoming Request: POST /api/rooms/search {"payload":{}}
2025-12-01 11:56:52.697 [INFO] [API_RESPONSE] [f8ee11f5-79dc-4d23-8900-9dfc22a92bd8] ::1 [POST] /api/rooms/search 51ms 200 Response: POST /api/rooms/search 200 51ms {"payload":{}}
2025-12-01T04:56:53.771Z [INFO] [REQUEST_MIDDLEWARE] [32b46a75-0dd3-41bf-9b40-6f54b9ae0507] ::1 [POST] /api/rooms/search Incoming request {"userAgent":"Mozilla/5.0 (Windows NT 10.0; Win64; x64) AppleWebKit/537.36 (KHTML, like Gecko) Chrome/142.0.0.0 Safari/537.36 Edg/142.0.0.0"}
2025-12-01 11:56:53.771 [INFO] [API_REQUEST] [32b46a75-0dd3-41bf-9b40-6f54b9ae0507] ::1 [POST] /api/rooms/search Incoming Request: POST /api/rooms/search {"payload":{}}
2025-12-01 11:56:53.779 [INFO] [API_RESPONSE] [32b46a75-0dd3-41bf-9b40-6f54b9ae0507] ::1 [POST] /api/rooms/search 8ms 200 Response: POST /api/rooms/search 200 8ms {"payload":{}}
2025-12-01T04:56:53.978Z [INFO] [REQUEST_MIDDLEWARE] [f944e49d-6a38-4ff9-a158-73a9e539a4c0] ::1 [POST] /api/rooms/search Incoming request {"userAgent":"Mozilla/5.0 (Windows NT 10.0; Win64; x64) AppleWebKit/537.36 (KHTML, like Gecko) Chrome/142.0.0.0 Safari/537.36 Edg/142.0.0.0"}
2025-12-01 11:56:53.979 [INFO] [API_REQUEST] [f944e49d-6a38-4ff9-a158-73a9e539a4c0] ::1 [POST] /api/rooms/search Incoming Request: POST /api/rooms/search {"payload":{}}
2025-12-01 11:56:53.990 [INFO] [API_RESPONSE] [f944e49d-6a38-4ff9-a158-73a9e539a4c0] ::1 [POST] /api/rooms/search 11ms 200 Response: POST /api/rooms/search 200 11ms {"payload":{}}
2025-12-01T04:56:54.408Z [INFO] [REQUEST_MIDDLEWARE] [8b99b9d8-6c98-4466-9ff3-dfccda69b7ae] ::ffff:127.0.0.1 [GET] /metrics Incoming request {"userAgent":"Prometheus/3.7.3"}
2025-12-01 11:56:54.408 [INFO] [API_REQUEST] [8b99b9d8-6c98-4466-9ff3-dfccda69b7ae] ::ffff:127.0.0.1 [GET] /metrics Incoming Request: GET /metrics {"payload":{}}
2025-12-01 11:56:54.411 [INFO] [API_RESPONSE] [8b99b9d8-6c98-4466-9ff3-dfccda69b7ae] ::ffff:127.0.0.1 [GET] /metrics 3ms 200 Response: GET /metrics 200 3ms {"payload":{}}
2025-12-01T04:56:59.408Z [INFO] [REQUEST_MIDDLEWARE] [87140925-c7c2-45ec-90da-757ae77e7d0d] ::ffff:127.0.0.1 [GET] /metrics Incoming request {"userAgent":"Prometheus/3.7.3"}
2025-12-01 11:56:59.408 [INFO] [API_REQUEST] [87140925-c7c2-45ec-90da-757ae77e7d0d] ::ffff:127.0.0.1 [GET] /metrics Incoming Request: GET /metrics {"payload":{}}
2025-12-01 11:56:59.410 [INFO] [API_RESPONSE] [87140925-c7c2-45ec-90da-757ae77e7d0d] ::ffff:127.0.0.1 [GET] /metrics 2ms 200 Response: GET /metrics 200 2ms {"payload":{}}
2025-12-01T04:57:01.181Z [INFO] [REQUEST_MIDDLEWARE] [b3f36162-dd51-45bd-ae6f-9e0fe8f104f7] ::1 [POST] /api/rooms/search Incoming request {"userAgent":"Mozilla/5.0 (Windows NT 10.0; Win64; x64) AppleWebKit/537.36 (KHTML, like Gecko) Chrome/142.0.0.0 Safari/537.36 Edg/142.0.0.0"}
2025-12-01 11:57:01.181 [INFO] [API_REQUEST] [b3f36162-dd51-45bd-ae6f-9e0fe8f104f7] ::1 [POST] /api/rooms/search Incoming Request: POST /api/rooms/search {"payload":{}}
2025-12-01 11:57:01.189 [INFO] [API_RESPONSE] [b3f36162-dd51-45bd-ae6f-9e0fe8f104f7] ::1 [POST] /api/rooms/search 8ms 200 Response: POST /api/rooms/search 200 8ms {"payload":{}}
2025-12-01T04:57:04.408Z [INFO] [REQUEST_MIDDLEWARE] [3a742fe2-cf39-45e2-9a2a-26d3c1db4301] ::ffff:127.0.0.1 [GET] /metrics Incoming request {"userAgent":"Prometheus/3.7.3"}
2025-12-01 11:57:04.409 [INFO] [API_REQUEST] [3a742fe2-cf39-45e2-9a2a-26d3c1db4301] ::ffff:127.0.0.1 [GET] /metrics Incoming Request: GET /metrics {"payload":{}}
2025-12-01 11:57:04.410 [INFO] [API_RESPONSE] [3a742fe2-cf39-45e2-9a2a-26d3c1db4301] ::ffff:127.0.0.1 [GET] /metrics 1ms 200 Response: GET /metrics 200 1ms {"payload":{}}
2025-12-01T04:57:05.993Z [INFO] [REQUEST_MIDDLEWARE] [818e0385-c564-48bd-be12-859f08886fcf] ::1 [POST] /api/rooms/search Incoming request {"userAgent":"Mozilla/5.0 (Windows NT 10.0; Win64; x64) AppleWebKit/537.36 (KHTML, like Gecko) Chrome/142.0.0.0 Safari/537.36 Edg/142.0.0.0"}
2025-12-01 11:57:05.993 [INFO] [API_REQUEST] [818e0385-c564-48bd-be12-859f08886fcf] ::1 [POST] /api/rooms/search Incoming Request: POST /api/rooms/search {"payload":{}}
2025-12-01 11:57:06.016 [INFO] [API_RESPONSE] [818e0385-c564-48bd-be12-859f08886fcf] ::1 [POST] /api/rooms/search 23ms 200 Response: POST /api/rooms/search 200 23ms {"payload":{}}
2025-12-01T04:57:09.409Z [INFO] [REQUEST_MIDDLEWARE] [770e9f0c-704d-426d-865c-71b8f608ad4a] ::ffff:127.0.0.1 [GET] /metrics Incoming request {"userAgent":"Prometheus/3.7.3"}
2025-12-01 11:57:09.410 [INFO] [API_REQUEST] [770e9f0c-704d-426d-865c-71b8f608ad4a] ::ffff:127.0.0.1 [GET] /metrics Incoming Request: GET /metrics {"payload":{}}
2025-12-01 11:57:09.412 [INFO] [API_RESPONSE] [770e9f0c-704d-426d-865c-71b8f608ad4a] ::ffff:127.0.0.1 [GET] /metrics 2ms 200 Response: GET /metrics 200 2ms {"payload":{}}
2025-12-01T04:57:14.408Z [INFO] [REQUEST_MIDDLEWARE] [6ee58660-67e8-486e-90e9-15ebbc264f09] ::ffff:127.0.0.1 [GET] /metrics Incoming request {"userAgent":"Prometheus/3.7.3"}
2025-12-01 11:57:14.408 [INFO] [API_REQUEST] [6ee58660-67e8-486e-90e9-15ebbc264f09] ::ffff:127.0.0.1 [GET] /metrics Incoming Request: GET /metrics {"payload":{}}
2025-12-01 11:57:14.410 [INFO] [API_RESPONSE] [6ee58660-67e8-486e-90e9-15ebbc264f09] ::ffff:127.0.0.1 [GET] /metrics 2ms 200 Response: GET /metrics 200 2ms {"payload":{}}
2025-12-01T04:57:19.407Z [INFO] [REQUEST_MIDDLEWARE] [68224996-23dd-4c92-99f2-bd6a771079c2] ::ffff:127.0.0.1 [GET] /metrics Incoming request {"userAgent":"Prometheus/3.7.3"}
2025-12-01 11:57:19.407 [INFO] [API_REQUEST] [68224996-23dd-4c92-99f2-bd6a771079c2] ::ffff:127.0.0.1 [GET] /metrics Incoming Request: GET /metrics {"payload":{}}
2025-12-01 11:57:19.409 [INFO] [API_RESPONSE] [68224996-23dd-4c92-99f2-bd6a771079c2] ::ffff:127.0.0.1 [GET] /metrics 2ms 200 Response: GET /metrics 200 2ms {"payload":{}}
2025-12-01T04:57:24.407Z [INFO] [REQUEST_MIDDLEWARE] [03144d1c-3160-4978-a49a-27432aa62e2a] ::ffff:127.0.0.1 [GET] /metrics Incoming request {"userAgent":"Prometheus/3.7.3"}
2025-12-01 11:57:24.407 [INFO] [API_REQUEST] [03144d1c-3160-4978-a49a-27432aa62e2a] ::ffff:127.0.0.1 [GET] /metrics Incoming Request: GET /metrics {"payload":{}}
2025-12-01 11:57:24.409 [INFO] [API_RESPONSE] [03144d1c-3160-4978-a49a-27432aa62e2a] ::ffff:127.0.0.1 [GET] /metrics 2ms 200 Response: GET /metrics 200 2ms {"payload":{}}
2025-12-01T04:57:26.384Z [INFO] [REQUEST_MIDDLEWARE] [9468fb7e-00b0-4499-8c80-a53b23140966] ::1 [POST] /api/rooms/search Incoming request {"userAgent":"Mozilla/5.0 (Windows NT 10.0; Win64; x64) AppleWebKit/537.36 (KHTML, like Gecko) Chrome/142.0.0.0 Safari/537.36 Edg/142.0.0.0"}
2025-12-01 11:57:26.384 [INFO] [API_REQUEST] [9468fb7e-00b0-4499-8c80-a53b23140966] ::1 [POST] /api/rooms/search Incoming Request: POST /api/rooms/search {"payload":{}}
2025-12-01 11:57:26.408 [INFO] [API_RESPONSE] [9468fb7e-00b0-4499-8c80-a53b23140966] ::1 [POST] /api/rooms/search 24ms 200 Response: POST /api/rooms/search 200 24ms {"payload":{}}
2025-12-01T04:57:29.408Z [INFO] [REQUEST_MIDDLEWARE] [320383b3-7ebe-45a2-b04d-6c47d314fb9d] ::ffff:127.0.0.1 [GET] /metrics Incoming request {"userAgent":"Prometheus/3.7.3"}
2025-12-01 11:57:29.408 [INFO] [API_REQUEST] [320383b3-7ebe-45a2-b04d-6c47d314fb9d] ::ffff:127.0.0.1 [GET] /metrics Incoming Request: GET /metrics {"payload":{}}
2025-12-01 11:57:29.410 [INFO] [API_RESPONSE] [320383b3-7ebe-45a2-b04d-6c47d314fb9d] ::ffff:127.0.0.1 [GET] /metrics 2ms 200 Response: GET /metrics 200 2ms {"payload":{}}
2025-12-01T04:57:29.672Z [INFO] [REQUEST_MIDDLEWARE] [b415a692-a62e-4ecf-a37b-8eb75671e6fd] ::1 [GET] /api-docs/ Incoming request {"userAgent":"Mozilla/5.0 (Windows NT 10.0; Win64; x64) AppleWebKit/537.36 (KHTML, like Gecko) Chrome/142.0.0.0 Safari/537.36 Edg/142.0.0.0"}
2025-12-01 11:57:29.673 [INFO] [API_REQUEST] [b415a692-a62e-4ecf-a37b-8eb75671e6fd] ::1 [GET] /api-docs/ Incoming Request: GET /api-docs/ {"payload":{}}
2025-12-01 11:57:29.676 [INFO] [API_RESPONSE] [b415a692-a62e-4ecf-a37b-8eb75671e6fd] ::1 [GET] /api-docs/ 3ms 304 Response: GET /api-docs/ 304 3ms {"payload":{}}
2025-12-01T04:57:29.730Z [INFO] [REQUEST_MIDDLEWARE] [d8cd19f2-e5d6-4ce2-9a3f-ac687d11eb64] ::1 [GET] /api-docs/swagger-ui.css Incoming request {"userAgent":"Mozilla/5.0 (Windows NT 10.0; Win64; x64) AppleWebKit/537.36 (KHTML, like Gecko) Chrome/142.0.0.0 Safari/537.36 Edg/142.0.0.0"}
2025-12-01 11:57:29.730 [INFO] [API_REQUEST] [d8cd19f2-e5d6-4ce2-9a3f-ac687d11eb64] ::1 [GET] /api-docs/swagger-ui.css Incoming Request: GET /api-docs/swagger-ui.css {"payload":{}}
2025-12-01 11:57:29.732 [INFO] [API_RESPONSE] [d8cd19f2-e5d6-4ce2-9a3f-ac687d11eb64] ::1 [GET] /api-docs/swagger-ui.css 2ms 304 Response: GET /api-docs/swagger-ui.css 304 2ms {"payload":{}}
2025-12-01T04:57:29.734Z [INFO] [REQUEST_MIDDLEWARE] [e0752efd-01ed-4786-9ade-c9720c2625ca] ::1 [GET] /api-docs/swagger-ui-bundle.js Incoming request {"userAgent":"Mozilla/5.0 (Windows NT 10.0; Win64; x64) AppleWebKit/537.36 (KHTML, like Gecko) Chrome/142.0.0.0 Safari/537.36 Edg/142.0.0.0"}
2025-12-01 11:57:29.734 [INFO] [API_REQUEST] [e0752efd-01ed-4786-9ade-c9720c2625ca] ::1 [GET] /api-docs/swagger-ui-bundle.js Incoming Request: GET /api-docs/swagger-ui-bundle.js {"payload":{}}
2025-12-01 11:57:29.736 [INFO] [API_RESPONSE] [e0752efd-01ed-4786-9ade-c9720c2625ca] ::1 [GET] /api-docs/swagger-ui-bundle.js 1ms 304 Response: GET /api-docs/swagger-ui-bundle.js 304 1ms {"payload":{}}
2025-12-01T04:57:29.737Z [INFO] [REQUEST_MIDDLEWARE] [23b2bc34-5593-46d5-aaaf-a84dfb8240ec] ::1 [GET] /api-docs/swagger-ui-standalone-preset.js Incoming request {"userAgent":"Mozilla/5.0 (Windows NT 10.0; Win64; x64) AppleWebKit/537.36 (KHTML, like Gecko) Chrome/142.0.0.0 Safari/537.36 Edg/142.0.0.0"}
2025-12-01 11:57:29.738 [INFO] [API_REQUEST] [23b2bc34-5593-46d5-aaaf-a84dfb8240ec] ::1 [GET] /api-docs/swagger-ui-standalone-preset.js Incoming Request: GET /api-docs/swagger-ui-standalone-preset.js {"payload":{}}
2025-12-01T04:57:29.739Z [INFO] [REQUEST_MIDDLEWARE] [6e21425c-16d7-4b57-8d24-5d370df9dd39] ::1 [GET] /api-docs/swagger-ui-init.js Incoming request {"userAgent":"Mozilla/5.0 (Windows NT 10.0; Win64; x64) AppleWebKit/537.36 (KHTML, like Gecko) Chrome/142.0.0.0 Safari/537.36 Edg/142.0.0.0"}
2025-12-01 11:57:29.739 [INFO] [API_REQUEST] [6e21425c-16d7-4b57-8d24-5d370df9dd39] ::1 [GET] /api-docs/swagger-ui-init.js Incoming Request: GET /api-docs/swagger-ui-init.js {"payload":{}}
2025-12-01 11:57:29.741 [INFO] [API_RESPONSE] [6e21425c-16d7-4b57-8d24-5d370df9dd39] ::1 [GET] /api-docs/swagger-ui-init.js 2ms 304 Response: GET /api-docs/swagger-ui-init.js 304 2ms {"payload":{}}
2025-12-01 11:57:29.742 [INFO] [API_RESPONSE] [23b2bc34-5593-46d5-aaaf-a84dfb8240ec] ::1 [GET] /api-docs/swagger-ui-standalone-preset.js 4ms 304 Response: GET /api-docs/swagger-ui-standalone-preset.js 304 4ms {"payload":{}}
2025-12-01T04:57:29.873Z [INFO] [REQUEST_MIDDLEWARE] [aee85aef-c2a1-41f7-9cef-3fe23e7971fe] ::1 [GET] /api-docs/favicon-32x32.png Incoming request {"userAgent":"Mozilla/5.0 (Windows NT 10.0; Win64; x64) AppleWebKit/537.36 (KHTML, like Gecko) Chrome/142.0.0.0 Safari/537.36 Edg/142.0.0.0"}
2025-12-01 11:57:29.874 [INFO] [API_REQUEST] [aee85aef-c2a1-41f7-9cef-3fe23e7971fe] ::1 [GET] /api-docs/favicon-32x32.png Incoming Request: GET /api-docs/favicon-32x32.png {"payload":{}}
2025-12-01 11:57:29.875 [INFO] [API_RESPONSE] [aee85aef-c2a1-41f7-9cef-3fe23e7971fe] ::1 [GET] /api-docs/favicon-32x32.png 1ms 304 Response: GET /api-docs/favicon-32x32.png 304 1ms {"payload":{}}
2025-12-01T04:57:34.408Z [INFO] [REQUEST_MIDDLEWARE] [e3a72ace-9789-4239-b8bf-db0eaa5dccf0] ::ffff:127.0.0.1 [GET] /metrics Incoming request {"userAgent":"Prometheus/3.7.3"}
2025-12-01 11:57:34.408 [INFO] [API_REQUEST] [e3a72ace-9789-4239-b8bf-db0eaa5dccf0] ::ffff:127.0.0.1 [GET] /metrics Incoming Request: GET /metrics {"payload":{}}
2025-12-01 11:57:34.410 [INFO] [API_RESPONSE] [e3a72ace-9789-4239-b8bf-db0eaa5dccf0] ::ffff:127.0.0.1 [GET] /metrics 2ms 200 Response: GET /metrics 200 2ms {"payload":{}}
2025-12-01T04:57:39.406Z [INFO] [REQUEST_MIDDLEWARE] [5eef2a1b-5a35-4958-a641-5936f1ef6d02] ::ffff:127.0.0.1 [GET] /metrics Incoming request {"userAgent":"Prometheus/3.7.3"}
2025-12-01 11:57:39.407 [INFO] [API_REQUEST] [5eef2a1b-5a35-4958-a641-5936f1ef6d02] ::ffff:127.0.0.1 [GET] /metrics Incoming Request: GET /metrics {"payload":{}}
2025-12-01 11:57:39.409 [INFO] [API_RESPONSE] [5eef2a1b-5a35-4958-a641-5936f1ef6d02] ::ffff:127.0.0.1 [GET] /metrics 2ms 200 Response: GET /metrics 200 2ms {"payload":{}}
2025-12-01T04:57:44.409Z [INFO] [REQUEST_MIDDLEWARE] [814a7f3e-fa95-4592-87ad-ae8f970de1ac] ::ffff:127.0.0.1 [GET] /metrics Incoming request {"userAgent":"Prometheus/3.7.3"}
2025-12-01 11:57:44.409 [INFO] [API_REQUEST] [814a7f3e-fa95-4592-87ad-ae8f970de1ac] ::ffff:127.0.0.1 [GET] /metrics Incoming Request: GET /metrics {"payload":{}}
2025-12-01 11:57:44.411 [INFO] [API_RESPONSE] [814a7f3e-fa95-4592-87ad-ae8f970de1ac] ::ffff:127.0.0.1 [GET] /metrics 2ms 200 Response: GET /metrics 200 2ms {"payload":{}}
2025-12-01T04:57:49.408Z [INFO] [REQUEST_MIDDLEWARE] [af94284e-c647-4a21-b9f2-9f2dc00d86d1] ::ffff:127.0.0.1 [GET] /metrics Incoming request {"userAgent":"Prometheus/3.7.3"}
2025-12-01 11:57:49.409 [INFO] [API_REQUEST] [af94284e-c647-4a21-b9f2-9f2dc00d86d1] ::ffff:127.0.0.1 [GET] /metrics Incoming Request: GET /metrics {"payload":{}}
2025-12-01 11:57:49.411 [INFO] [API_RESPONSE] [af94284e-c647-4a21-b9f2-9f2dc00d86d1] ::ffff:127.0.0.1 [GET] /metrics 2ms 200 Response: GET /metrics 200 2ms {"payload":{}}
2025-12-01T04:57:54.408Z [INFO] [REQUEST_MIDDLEWARE] [96ae44bc-2bea-4098-af4a-e97e84c324ad] ::ffff:127.0.0.1 [GET] /metrics Incoming request {"userAgent":"Prometheus/3.7.3"}
2025-12-01 11:57:54.408 [INFO] [API_REQUEST] [96ae44bc-2bea-4098-af4a-e97e84c324ad] ::ffff:127.0.0.1 [GET] /metrics Incoming Request: GET /metrics {"payload":{}}
2025-12-01 11:57:54.410 [INFO] [API_RESPONSE] [96ae44bc-2bea-4098-af4a-e97e84c324ad] ::ffff:127.0.0.1 [GET] /metrics 2ms 200 Response: GET /metrics 200 2ms {"payload":{}}
2025-12-01T04:57:59.407Z [INFO] [REQUEST_MIDDLEWARE] [0aa00f1e-1567-4960-8bce-759f7731a51b] ::ffff:127.0.0.1 [GET] /metrics Incoming request {"userAgent":"Prometheus/3.7.3"}
2025-12-01 11:57:59.408 [INFO] [API_REQUEST] [0aa00f1e-1567-4960-8bce-759f7731a51b] ::ffff:127.0.0.1 [GET] /metrics Incoming Request: GET /metrics {"payload":{}}
2025-12-01 11:57:59.409 [INFO] [API_RESPONSE] [0aa00f1e-1567-4960-8bce-759f7731a51b] ::ffff:127.0.0.1 [GET] /metrics 1ms 200 Response: GET /metrics 200 1ms {"payload":{}}
2025-12-01T04:58:04.408Z [INFO] [REQUEST_MIDDLEWARE] [0c57fe52-f40a-4a1a-9fb6-13bd9bab4135] ::ffff:127.0.0.1 [GET] /metrics Incoming request {"userAgent":"Prometheus/3.7.3"}
2025-12-01 11:58:04.408 [INFO] [API_REQUEST] [0c57fe52-f40a-4a1a-9fb6-13bd9bab4135] ::ffff:127.0.0.1 [GET] /metrics Incoming Request: GET /metrics {"payload":{}}
2025-12-01 11:58:04.411 [INFO] [API_RESPONSE] [0c57fe52-f40a-4a1a-9fb6-13bd9bab4135] ::ffff:127.0.0.1 [GET] /metrics 3ms 200 Response: GET /metrics 200 3ms {"payload":{}}
2025-12-01T04:58:09.408Z [INFO] [REQUEST_MIDDLEWARE] [cc953c37-f731-4167-8a72-1aaf03445f11] ::ffff:127.0.0.1 [GET] /metrics Incoming request {"userAgent":"Prometheus/3.7.3"}
2025-12-01 11:58:09.408 [INFO] [API_REQUEST] [cc953c37-f731-4167-8a72-1aaf03445f11] ::ffff:127.0.0.1 [GET] /metrics Incoming Request: GET /metrics {"payload":{}}
2025-12-01 11:58:09.410 [INFO] [API_RESPONSE] [cc953c37-f731-4167-8a72-1aaf03445f11] ::ffff:127.0.0.1 [GET] /metrics 2ms 200 Response: GET /metrics 200 2ms {"payload":{}}
2025-12-01T04:58:14.408Z [INFO] [REQUEST_MIDDLEWARE] [0373b7d3-64a2-4d4f-b3b2-d43aa77e93fe] ::ffff:127.0.0.1 [GET] /metrics Incoming request {"userAgent":"Prometheus/3.7.3"}
2025-12-01 11:58:14.409 [INFO] [API_REQUEST] [0373b7d3-64a2-4d4f-b3b2-d43aa77e93fe] ::ffff:127.0.0.1 [GET] /metrics Incoming Request: GET /metrics {"payload":{}}
2025-12-01 11:58:14.410 [INFO] [API_RESPONSE] [0373b7d3-64a2-4d4f-b3b2-d43aa77e93fe] ::ffff:127.0.0.1 [GET] /metrics 1ms 200 Response: GET /metrics 200 1ms {"payload":{}}
2025-12-01T04:58:19.409Z [INFO] [REQUEST_MIDDLEWARE] [5ac37b9c-31e5-46f0-84f0-bf8160531da7] ::ffff:127.0.0.1 [GET] /metrics Incoming request {"userAgent":"Prometheus/3.7.3"}
2025-12-01 11:58:19.409 [INFO] [API_REQUEST] [5ac37b9c-31e5-46f0-84f0-bf8160531da7] ::ffff:127.0.0.1 [GET] /metrics Incoming Request: GET /metrics {"payload":{}}
2025-12-01 11:58:19.411 [INFO] [API_RESPONSE] [5ac37b9c-31e5-46f0-84f0-bf8160531da7] ::ffff:127.0.0.1 [GET] /metrics 2ms 200 Response: GET /metrics 200 2ms {"payload":{}}
2025-12-01T04:58:24.408Z [INFO] [REQUEST_MIDDLEWARE] [55236d80-ddda-4422-97c4-058eb62c422c] ::ffff:127.0.0.1 [GET] /metrics Incoming request {"userAgent":"Prometheus/3.7.3"}
2025-12-01 11:58:24.408 [INFO] [API_REQUEST] [55236d80-ddda-4422-97c4-058eb62c422c] ::ffff:127.0.0.1 [GET] /metrics Incoming Request: GET /metrics {"payload":{}}
2025-12-01 11:58:24.410 [INFO] [API_RESPONSE] [55236d80-ddda-4422-97c4-058eb62c422c] ::ffff:127.0.0.1 [GET] /metrics 2ms 200 Response: GET /metrics 200 2ms {"payload":{}}
2025-12-01T04:58:29.409Z [INFO] [REQUEST_MIDDLEWARE] [25d21807-d431-4352-bbe0-ff6523a8871b] ::ffff:127.0.0.1 [GET] /metrics Incoming request {"userAgent":"Prometheus/3.7.3"}
2025-12-01 11:58:29.409 [INFO] [API_REQUEST] [25d21807-d431-4352-bbe0-ff6523a8871b] ::ffff:127.0.0.1 [GET] /metrics Incoming Request: GET /metrics {"payload":{}}
2025-12-01 11:58:29.411 [INFO] [API_RESPONSE] [25d21807-d431-4352-bbe0-ff6523a8871b] ::ffff:127.0.0.1 [GET] /metrics 2ms 200 Response: GET /metrics 200 2ms {"payload":{}}
2025-12-01T04:58:34.408Z [INFO] [REQUEST_MIDDLEWARE] [dd541c5e-42a6-4bcc-946d-b990aa35bd25] ::ffff:127.0.0.1 [GET] /metrics Incoming request {"userAgent":"Prometheus/3.7.3"}
2025-12-01 11:58:34.408 [INFO] [API_REQUEST] [dd541c5e-42a6-4bcc-946d-b990aa35bd25] ::ffff:127.0.0.1 [GET] /metrics Incoming Request: GET /metrics {"payload":{}}
2025-12-01 11:58:34.410 [INFO] [API_RESPONSE] [dd541c5e-42a6-4bcc-946d-b990aa35bd25] ::ffff:127.0.0.1 [GET] /metrics 2ms 200 Response: GET /metrics 200 2ms {"payload":{}}
2025-12-01T04:58:39.408Z [INFO] [REQUEST_MIDDLEWARE] [0eeaca43-6ca6-4a5f-9cee-847cd7b64ed7] ::ffff:127.0.0.1 [GET] /metrics Incoming request {"userAgent":"Prometheus/3.7.3"}
2025-12-01 11:58:39.409 [INFO] [API_REQUEST] [0eeaca43-6ca6-4a5f-9cee-847cd7b64ed7] ::ffff:127.0.0.1 [GET] /metrics Incoming Request: GET /metrics {"payload":{}}
2025-12-01 11:58:39.410 [INFO] [API_RESPONSE] [0eeaca43-6ca6-4a5f-9cee-847cd7b64ed7] ::ffff:127.0.0.1 [GET] /metrics 1ms 200 Response: GET /metrics 200 1ms {"payload":{}}
2025-12-01T04:58:44.408Z [INFO] [REQUEST_MIDDLEWARE] [f33ef13b-cdfa-45ed-bf4d-682d4b54cd27] ::ffff:127.0.0.1 [GET] /metrics Incoming request {"userAgent":"Prometheus/3.7.3"}
2025-12-01 11:58:44.408 [INFO] [API_REQUEST] [f33ef13b-cdfa-45ed-bf4d-682d4b54cd27] ::ffff:127.0.0.1 [GET] /metrics Incoming Request: GET /metrics {"payload":{}}
2025-12-01 11:58:44.410 [INFO] [API_RESPONSE] [f33ef13b-cdfa-45ed-bf4d-682d4b54cd27] ::ffff:127.0.0.1 [GET] /metrics 2ms 200 Response: GET /metrics 200 2ms {"payload":{}}
2025-12-01T04:58:49.409Z [INFO] [REQUEST_MIDDLEWARE] [c38ec8e0-070b-42a2-a109-3efd0d4c907b] ::ffff:127.0.0.1 [GET] /metrics Incoming request {"userAgent":"Prometheus/3.7.3"}
2025-12-01 11:58:49.409 [INFO] [API_REQUEST] [c38ec8e0-070b-42a2-a109-3efd0d4c907b] ::ffff:127.0.0.1 [GET] /metrics Incoming Request: GET /metrics {"payload":{}}
2025-12-01 11:58:49.411 [INFO] [API_RESPONSE] [c38ec8e0-070b-42a2-a109-3efd0d4c907b] ::ffff:127.0.0.1 [GET] /metrics 2ms 200 Response: GET /metrics 200 2ms {"payload":{}}
2025-12-01T04:58:54.407Z [INFO] [REQUEST_MIDDLEWARE] [6090f9c5-5b5a-47ec-bb9e-067a1385bd65] ::ffff:127.0.0.1 [GET] /metrics Incoming request {"userAgent":"Prometheus/3.7.3"}
2025-12-01 11:58:54.408 [INFO] [API_REQUEST] [6090f9c5-5b5a-47ec-bb9e-067a1385bd65] ::ffff:127.0.0.1 [GET] /metrics Incoming Request: GET /metrics {"payload":{}}
2025-12-01 11:58:54.410 [INFO] [API_RESPONSE] [6090f9c5-5b5a-47ec-bb9e-067a1385bd65] ::ffff:127.0.0.1 [GET] /metrics 1ms 200 Response: GET /metrics 200 1ms {"payload":{}}
2025-12-01T04:58:59.408Z [INFO] [REQUEST_MIDDLEWARE] [8db1b108-c518-4116-b268-42bf464021e5] ::ffff:127.0.0.1 [GET] /metrics Incoming request {"userAgent":"Prometheus/3.7.3"}
2025-12-01 11:58:59.409 [INFO] [API_REQUEST] [8db1b108-c518-4116-b268-42bf464021e5] ::ffff:127.0.0.1 [GET] /metrics Incoming Request: GET /metrics {"payload":{}}
2025-12-01 11:58:59.410 [INFO] [API_RESPONSE] [8db1b108-c518-4116-b268-42bf464021e5] ::ffff:127.0.0.1 [GET] /metrics 1ms 200 Response: GET /metrics 200 1ms {"payload":{}}
2025-12-01T04:59:04.408Z [INFO] [REQUEST_MIDDLEWARE] [f0117bfb-1495-412e-9ea0-b0f27fc26b39] ::ffff:127.0.0.1 [GET] /metrics Incoming request {"userAgent":"Prometheus/3.7.3"}
2025-12-01 11:59:04.408 [INFO] [API_REQUEST] [f0117bfb-1495-412e-9ea0-b0f27fc26b39] ::ffff:127.0.0.1 [GET] /metrics Incoming Request: GET /metrics {"payload":{}}
2025-12-01 11:59:04.410 [INFO] [API_RESPONSE] [f0117bfb-1495-412e-9ea0-b0f27fc26b39] ::ffff:127.0.0.1 [GET] /metrics 2ms 200 Response: GET /metrics 200 2ms {"payload":{}}
2025-12-01T04:59:09.408Z [INFO] [REQUEST_MIDDLEWARE] [08604916-0511-4c82-a29c-d539cdf069e9] ::ffff:127.0.0.1 [GET] /metrics Incoming request {"userAgent":"Prometheus/3.7.3"}
2025-12-01 11:59:09.408 [INFO] [API_REQUEST] [08604916-0511-4c82-a29c-d539cdf069e9] ::ffff:127.0.0.1 [GET] /metrics Incoming Request: GET /metrics {"payload":{}}
2025-12-01 11:59:09.410 [INFO] [API_RESPONSE] [08604916-0511-4c82-a29c-d539cdf069e9] ::ffff:127.0.0.1 [GET] /metrics 2ms 200 Response: GET /metrics 200 2ms {"payload":{}}
2025-12-01T04:59:14.408Z [INFO] [REQUEST_MIDDLEWARE] [b01fed31-a36d-45a9-ba38-71e746c3d017] ::ffff:127.0.0.1 [GET] /metrics Incoming request {"userAgent":"Prometheus/3.7.3"}
2025-12-01 11:59:14.408 [INFO] [API_REQUEST] [b01fed31-a36d-45a9-ba38-71e746c3d017] ::ffff:127.0.0.1 [GET] /metrics Incoming Request: GET /metrics {"payload":{}}
2025-12-01 11:59:14.410 [INFO] [API_RESPONSE] [b01fed31-a36d-45a9-ba38-71e746c3d017] ::ffff:127.0.0.1 [GET] /metrics 2ms 200 Response: GET /metrics 200 2ms {"payload":{}}
2025-12-01T04:59:19.408Z [INFO] [REQUEST_MIDDLEWARE] [8e37c63c-7cfc-4d55-9b07-1e5b3204d922] ::ffff:127.0.0.1 [GET] /metrics Incoming request {"userAgent":"Prometheus/3.7.3"}
2025-12-01 11:59:19.408 [INFO] [API_REQUEST] [8e37c63c-7cfc-4d55-9b07-1e5b3204d922] ::ffff:127.0.0.1 [GET] /metrics Incoming Request: GET /metrics {"payload":{}}
2025-12-01 11:59:19.410 [INFO] [API_RESPONSE] [8e37c63c-7cfc-4d55-9b07-1e5b3204d922] ::ffff:127.0.0.1 [GET] /metrics 2ms 200 Response: GET /metrics 200 2ms {"payload":{}}
2025-12-01T04:59:24.408Z [INFO] [REQUEST_MIDDLEWARE] [3fffae55-eb7c-4333-9d24-7272d31cc91b] ::ffff:127.0.0.1 [GET] /metrics Incoming request {"userAgent":"Prometheus/3.7.3"}
2025-12-01 11:59:24.408 [INFO] [API_REQUEST] [3fffae55-eb7c-4333-9d24-7272d31cc91b] ::ffff:127.0.0.1 [GET] /metrics Incoming Request: GET /metrics {"payload":{}}
2025-12-01 11:59:24.411 [INFO] [API_RESPONSE] [3fffae55-eb7c-4333-9d24-7272d31cc91b] ::ffff:127.0.0.1 [GET] /metrics 3ms 200 Response: GET /metrics 200 3ms {"payload":{}}
2025-12-01T04:59:29.411Z [INFO] [REQUEST_MIDDLEWARE] [9202142c-17aa-4b7d-aba9-325fcccbde52] ::ffff:127.0.0.1 [GET] /metrics Incoming request {"userAgent":"Prometheus/3.7.3"}
2025-12-01 11:59:29.412 [INFO] [API_REQUEST] [9202142c-17aa-4b7d-aba9-325fcccbde52] ::ffff:127.0.0.1 [GET] /metrics Incoming Request: GET /metrics {"payload":{}}
2025-12-01 11:59:29.414 [INFO] [API_RESPONSE] [9202142c-17aa-4b7d-aba9-325fcccbde52] ::ffff:127.0.0.1 [GET] /metrics 2ms 200 Response: GET /metrics 200 2ms {"payload":{}}
2025-12-01T04:59:34.408Z [INFO] [REQUEST_MIDDLEWARE] [d8715e80-d414-44d3-b392-9b35763b0da2] ::ffff:127.0.0.1 [GET] /metrics Incoming request {"userAgent":"Prometheus/3.7.3"}
2025-12-01 11:59:34.409 [INFO] [API_REQUEST] [d8715e80-d414-44d3-b392-9b35763b0da2] ::ffff:127.0.0.1 [GET] /metrics Incoming Request: GET /metrics {"payload":{}}
2025-12-01 11:59:34.411 [INFO] [API_RESPONSE] [d8715e80-d414-44d3-b392-9b35763b0da2] ::ffff:127.0.0.1 [GET] /metrics 2ms 200 Response: GET /metrics 200 2ms {"payload":{}}
2025-12-01T04:59:39.407Z [INFO] [REQUEST_MIDDLEWARE] [745f1c5d-cda8-4a73-a216-041a73428956] ::ffff:127.0.0.1 [GET] /metrics Incoming request {"userAgent":"Prometheus/3.7.3"}
2025-12-01 11:59:39.407 [INFO] [API_REQUEST] [745f1c5d-cda8-4a73-a216-041a73428956] ::ffff:127.0.0.1 [GET] /metrics Incoming Request: GET /metrics {"payload":{}}
2025-12-01 11:59:39.409 [INFO] [API_RESPONSE] [745f1c5d-cda8-4a73-a216-041a73428956] ::ffff:127.0.0.1 [GET] /metrics 2ms 200 Response: GET /metrics 200 2ms {"payload":{}}
2025-12-01T04:59:44.409Z [INFO] [REQUEST_MIDDLEWARE] [cb3493ac-c6b0-446a-ba6d-04c6d2b240ce] ::ffff:127.0.0.1 [GET] /metrics Incoming request {"userAgent":"Prometheus/3.7.3"}
2025-12-01 11:59:44.409 [INFO] [API_REQUEST] [cb3493ac-c6b0-446a-ba6d-04c6d2b240ce] ::ffff:127.0.0.1 [GET] /metrics Incoming Request: GET /metrics {"payload":{}}
2025-12-01 11:59:44.411 [INFO] [API_RESPONSE] [cb3493ac-c6b0-446a-ba6d-04c6d2b240ce] ::ffff:127.0.0.1 [GET] /metrics 2ms 200 Response: GET /metrics 200 2ms {"payload":{}}
2025-12-01T04:59:49.408Z [INFO] [REQUEST_MIDDLEWARE] [7fc5b27d-a7fa-422c-9b02-57c05f63c570] ::ffff:127.0.0.1 [GET] /metrics Incoming request {"userAgent":"Prometheus/3.7.3"}
2025-12-01 11:59:49.408 [INFO] [API_REQUEST] [7fc5b27d-a7fa-422c-9b02-57c05f63c570] ::ffff:127.0.0.1 [GET] /metrics Incoming Request: GET /metrics {"payload":{}}
2025-12-01 11:59:49.411 [INFO] [API_RESPONSE] [7fc5b27d-a7fa-422c-9b02-57c05f63c570] ::ffff:127.0.0.1 [GET] /metrics 3ms 200 Response: GET /metrics 200 3ms {"payload":{}}
2025-12-01T04:59:54.408Z [INFO] [REQUEST_MIDDLEWARE] [7b97cb87-1f22-4e04-b024-eec2d17237eb] ::ffff:127.0.0.1 [GET] /metrics Incoming request {"userAgent":"Prometheus/3.7.3"}
2025-12-01 11:59:54.408 [INFO] [API_REQUEST] [7b97cb87-1f22-4e04-b024-eec2d17237eb] ::ffff:127.0.0.1 [GET] /metrics Incoming Request: GET /metrics {"payload":{}}
2025-12-01 11:59:54.410 [INFO] [API_RESPONSE] [7b97cb87-1f22-4e04-b024-eec2d17237eb] ::ffff:127.0.0.1 [GET] /metrics 2ms 200 Response: GET /metrics 200 2ms {"payload":{}}
2025-12-01T04:59:59.408Z [INFO] [REQUEST_MIDDLEWARE] [5c6d2e8a-b5c9-44e1-b4e6-5e9c81be18be] ::ffff:127.0.0.1 [GET] /metrics Incoming request {"userAgent":"Prometheus/3.7.3"}
2025-12-01 11:59:59.408 [INFO] [API_REQUEST] [5c6d2e8a-b5c9-44e1-b4e6-5e9c81be18be] ::ffff:127.0.0.1 [GET] /metrics Incoming Request: GET /metrics {"payload":{}}
2025-12-01 11:59:59.410 [INFO] [API_RESPONSE] [5c6d2e8a-b5c9-44e1-b4e6-5e9c81be18be] ::ffff:127.0.0.1 [GET] /metrics 2ms 200 Response: GET /metrics 200 2ms {"payload":{}}
2025-12-01T05:00:04.408Z [INFO] [REQUEST_MIDDLEWARE] [f5219338-b9ba-4fc7-bd08-b687fa6f8669] ::ffff:127.0.0.1 [GET] /metrics Incoming request {"userAgent":"Prometheus/3.7.3"}
2025-12-01 12:00:04.409 [INFO] [API_REQUEST] [f5219338-b9ba-4fc7-bd08-b687fa6f8669] ::ffff:127.0.0.1 [GET] /metrics Incoming Request: GET /metrics {"payload":{}}
2025-12-01 12:00:04.411 [INFO] [API_RESPONSE] [f5219338-b9ba-4fc7-bd08-b687fa6f8669] ::ffff:127.0.0.1 [GET] /metrics 1ms 200 Response: GET /metrics 200 1ms {"payload":{}}
2025-12-01T05:00:09.408Z [INFO] [REQUEST_MIDDLEWARE] [c3088cd3-858b-4560-8fee-7bd960d78843] ::ffff:127.0.0.1 [GET] /metrics Incoming request {"userAgent":"Prometheus/3.7.3"}
2025-12-01 12:00:09.408 [INFO] [API_REQUEST] [c3088cd3-858b-4560-8fee-7bd960d78843] ::ffff:127.0.0.1 [GET] /metrics Incoming Request: GET /metrics {"payload":{}}
2025-12-01 12:00:09.411 [INFO] [API_RESPONSE] [c3088cd3-858b-4560-8fee-7bd960d78843] ::ffff:127.0.0.1 [GET] /metrics 3ms 200 Response: GET /metrics 200 3ms {"payload":{}}
2025-12-01T05:00:14.408Z [INFO] [REQUEST_MIDDLEWARE] [ff9f71cf-8e68-41b4-946e-05dbf9e181d6] ::ffff:127.0.0.1 [GET] /metrics Incoming request {"userAgent":"Prometheus/3.7.3"}
2025-12-01 12:00:14.408 [INFO] [API_REQUEST] [ff9f71cf-8e68-41b4-946e-05dbf9e181d6] ::ffff:127.0.0.1 [GET] /metrics Incoming Request: GET /metrics {"payload":{}}
2025-12-01 12:00:14.410 [INFO] [API_RESPONSE] [ff9f71cf-8e68-41b4-946e-05dbf9e181d6] ::ffff:127.0.0.1 [GET] /metrics 2ms 200 Response: GET /metrics 200 2ms {"payload":{}}
2025-12-01T05:00:19.411Z [INFO] [REQUEST_MIDDLEWARE] [98404fb6-2e15-46ae-bd79-6e884f2c9132] ::ffff:127.0.0.1 [GET] /metrics Incoming request {"userAgent":"Prometheus/3.7.3"}
2025-12-01 12:00:19.412 [INFO] [API_REQUEST] [98404fb6-2e15-46ae-bd79-6e884f2c9132] ::ffff:127.0.0.1 [GET] /metrics Incoming Request: GET /metrics {"payload":{}}
2025-12-01 12:00:19.416 [INFO] [API_RESPONSE] [98404fb6-2e15-46ae-bd79-6e884f2c9132] ::ffff:127.0.0.1 [GET] /metrics 4ms 200 Response: GET /metrics 200 4ms {"payload":{}}
2025-12-01T05:00:24.408Z [INFO] [REQUEST_MIDDLEWARE] [ee71b798-094b-4762-8170-56ca82efa84c] ::ffff:127.0.0.1 [GET] /metrics Incoming request {"userAgent":"Prometheus/3.7.3"}
2025-12-01 12:00:24.408 [INFO] [API_REQUEST] [ee71b798-094b-4762-8170-56ca82efa84c] ::ffff:127.0.0.1 [GET] /metrics Incoming Request: GET /metrics {"payload":{}}
2025-12-01 12:00:24.410 [INFO] [API_RESPONSE] [ee71b798-094b-4762-8170-56ca82efa84c] ::ffff:127.0.0.1 [GET] /metrics 2ms 200 Response: GET /metrics 200 2ms {"payload":{}}
2025-12-01T05:00:29.408Z [INFO] [REQUEST_MIDDLEWARE] [fa79f64b-f687-4178-ac3a-3296b1f89a32] ::ffff:127.0.0.1 [GET] /metrics Incoming request {"userAgent":"Prometheus/3.7.3"}
2025-12-01 12:00:29.409 [INFO] [API_REQUEST] [fa79f64b-f687-4178-ac3a-3296b1f89a32] ::ffff:127.0.0.1 [GET] /metrics Incoming Request: GET /metrics {"payload":{}}
2025-12-01 12:00:29.410 [INFO] [API_RESPONSE] [fa79f64b-f687-4178-ac3a-3296b1f89a32] ::ffff:127.0.0.1 [GET] /metrics 1ms 200 Response: GET /metrics 200 1ms {"payload":{}}
2025-12-01T05:00:34.411Z [INFO] [REQUEST_MIDDLEWARE] [7e2a13a3-e03f-4163-839c-4759cc317a8c] ::ffff:127.0.0.1 [GET] /metrics Incoming request {"userAgent":"Prometheus/3.7.3"}
2025-12-01 12:00:34.412 [INFO] [API_REQUEST] [7e2a13a3-e03f-4163-839c-4759cc317a8c] ::ffff:127.0.0.1 [GET] /metrics Incoming Request: GET /metrics {"payload":{}}
2025-12-01 12:00:34.419 [INFO] [API_RESPONSE] [7e2a13a3-e03f-4163-839c-4759cc317a8c] ::ffff:127.0.0.1 [GET] /metrics 7ms 200 Response: GET /metrics 200 7ms {"payload":{}}
2025-12-01T05:00:39.408Z [INFO] [REQUEST_MIDDLEWARE] [97ab1156-a772-4c38-b1af-fb7808d8e5f1] ::ffff:127.0.0.1 [GET] /metrics Incoming request {"userAgent":"Prometheus/3.7.3"}
2025-12-01 12:00:39.408 [INFO] [API_REQUEST] [97ab1156-a772-4c38-b1af-fb7808d8e5f1] ::ffff:127.0.0.1 [GET] /metrics Incoming Request: GET /metrics {"payload":{}}
2025-12-01 12:00:39.410 [INFO] [API_RESPONSE] [97ab1156-a772-4c38-b1af-fb7808d8e5f1] ::ffff:127.0.0.1 [GET] /metrics 2ms 200 Response: GET /metrics 200 2ms {"payload":{}}
2025-12-01T05:00:44.406Z [INFO] [REQUEST_MIDDLEWARE] [fab06d1d-3464-464e-8f4f-dc2fb9ec1bf3] ::ffff:127.0.0.1 [GET] /metrics Incoming request {"userAgent":"Prometheus/3.7.3"}
2025-12-01 12:00:44.407 [INFO] [API_REQUEST] [fab06d1d-3464-464e-8f4f-dc2fb9ec1bf3] ::ffff:127.0.0.1 [GET] /metrics Incoming Request: GET /metrics {"payload":{}}
2025-12-01 12:00:44.409 [INFO] [API_RESPONSE] [fab06d1d-3464-464e-8f4f-dc2fb9ec1bf3] ::ffff:127.0.0.1 [GET] /metrics 2ms 200 Response: GET /metrics 200 2ms {"payload":{}}
2025-12-01T05:00:49.408Z [INFO] [REQUEST_MIDDLEWARE] [53b14605-9b2b-44db-acb4-2d5ee917f40a] ::ffff:127.0.0.1 [GET] /metrics Incoming request {"userAgent":"Prometheus/3.7.3"}
2025-12-01 12:00:49.408 [INFO] [API_REQUEST] [53b14605-9b2b-44db-acb4-2d5ee917f40a] ::ffff:127.0.0.1 [GET] /metrics Incoming Request: GET /metrics {"payload":{}}
2025-12-01 12:00:49.410 [INFO] [API_RESPONSE] [53b14605-9b2b-44db-acb4-2d5ee917f40a] ::ffff:127.0.0.1 [GET] /metrics 2ms 200 Response: GET /metrics 200 2ms {"payload":{}}
2025-12-01T05:00:54.412Z [INFO] [REQUEST_MIDDLEWARE] [b538d71a-1d28-4237-b4ea-dbabf30264c7] ::ffff:127.0.0.1 [GET] /metrics Incoming request {"userAgent":"Prometheus/3.7.3"}
2025-12-01 12:00:54.413 [INFO] [API_REQUEST] [b538d71a-1d28-4237-b4ea-dbabf30264c7] ::ffff:127.0.0.1 [GET] /metrics Incoming Request: GET /metrics {"payload":{}}
2025-12-01 12:00:54.420 [INFO] [API_RESPONSE] [b538d71a-1d28-4237-b4ea-dbabf30264c7] ::ffff:127.0.0.1 [GET] /metrics 7ms 200 Response: GET /metrics 200 7ms {"payload":{}}
2025-12-01T05:00:59.408Z [INFO] [REQUEST_MIDDLEWARE] [db85871b-b86a-4910-b448-64825508d037] ::ffff:127.0.0.1 [GET] /metrics Incoming request {"userAgent":"Prometheus/3.7.3"}
2025-12-01 12:00:59.408 [INFO] [API_REQUEST] [db85871b-b86a-4910-b448-64825508d037] ::ffff:127.0.0.1 [GET] /metrics Incoming Request: GET /metrics {"payload":{}}
2025-12-01 12:00:59.410 [INFO] [API_RESPONSE] [db85871b-b86a-4910-b448-64825508d037] ::ffff:127.0.0.1 [GET] /metrics 2ms 200 Response: GET /metrics 200 2ms {"payload":{}}
2025-12-01T05:01:04.408Z [INFO] [REQUEST_MIDDLEWARE] [ed2c3a8e-4ab4-420e-9254-8b94d2511024] ::ffff:127.0.0.1 [GET] /metrics Incoming request {"userAgent":"Prometheus/3.7.3"}
2025-12-01 12:01:04.408 [INFO] [API_REQUEST] [ed2c3a8e-4ab4-420e-9254-8b94d2511024] ::ffff:127.0.0.1 [GET] /metrics Incoming Request: GET /metrics {"payload":{}}
2025-12-01 12:01:04.410 [INFO] [API_RESPONSE] [ed2c3a8e-4ab4-420e-9254-8b94d2511024] ::ffff:127.0.0.1 [GET] /metrics 2ms 200 Response: GET /metrics 200 2ms {"payload":{}}
2025-12-01 12:01:08.697 [INFO] 
  Received shutdown signal, starting graceful shutdown...
2025-12-01 12:01:54.476 [INFO] Booking System Server Started
2025-12-01 12:01:54.480 [INFO] API Server: http://localhost:5000
2025-12-01 12:01:54.480 [INFO] Health Check: http://localhost:5000/health
2025-12-01 12:01:54.480 [INFO] Deep Health Check: http://localhost:5000/health/deep
2025-12-01 12:01:54.481 [INFO] Circuit Breaker Status: http://localhost:5000/health/circuits

2025-12-01 12:01:54.490 [INFO] [REDIS] Connecting to Redis...
2025-12-01 12:01:54.514 [INFO] [REDIS] Redis client ready. Host: 127.0.0.1:6379
2025-12-01 12:01:54.540 [INFO] Database connection established successfully. Host: localhost:3307. Database: meetingroombooking
2025-12-01T05:01:59.415Z [INFO] [REQUEST_MIDDLEWARE] [12d17bc4-a1ac-4685-8edc-4746e99ca073] ::ffff:127.0.0.1 [GET] /metrics Incoming request {"userAgent":"Prometheus/3.7.3"}
2025-12-01 12:01:59.416 [INFO] [API_REQUEST] [12d17bc4-a1ac-4685-8edc-4746e99ca073] ::ffff:127.0.0.1 [GET] /metrics Incoming Request: GET /metrics {"payload":{}}
2025-12-01 12:01:59.422 [INFO] [API_RESPONSE] [12d17bc4-a1ac-4685-8edc-4746e99ca073] ::ffff:127.0.0.1 [GET] /metrics 6ms 200 Response: GET /metrics 200 6ms {"payload":{}}
2025-12-01T05:02:04.408Z [INFO] [REQUEST_MIDDLEWARE] [9a1d5d4c-1093-4de6-bf23-b570c1e93fe1] ::ffff:127.0.0.1 [GET] /metrics Incoming request {"userAgent":"Prometheus/3.7.3"}
2025-12-01 12:02:04.408 [INFO] [API_REQUEST] [9a1d5d4c-1093-4de6-bf23-b570c1e93fe1] ::ffff:127.0.0.1 [GET] /metrics Incoming Request: GET /metrics {"payload":{}}
2025-12-01 12:02:04.411 [INFO] [API_RESPONSE] [9a1d5d4c-1093-4de6-bf23-b570c1e93fe1] ::ffff:127.0.0.1 [GET] /metrics 3ms 200 Response: GET /metrics 200 3ms {"payload":{}}
2025-12-01T05:02:09.407Z [INFO] [REQUEST_MIDDLEWARE] [447d3ea5-27ca-4a49-ae74-90d91b8db6c5] ::ffff:127.0.0.1 [GET] /metrics Incoming request {"userAgent":"Prometheus/3.7.3"}
2025-12-01 12:02:09.407 [INFO] [API_REQUEST] [447d3ea5-27ca-4a49-ae74-90d91b8db6c5] ::ffff:127.0.0.1 [GET] /metrics Incoming Request: GET /metrics {"payload":{}}
2025-12-01 12:02:09.411 [INFO] [API_RESPONSE] [447d3ea5-27ca-4a49-ae74-90d91b8db6c5] ::ffff:127.0.0.1 [GET] /metrics 4ms 200 Response: GET /metrics 200 4ms {"payload":{}}
2025-12-01T05:02:14.408Z [INFO] [REQUEST_MIDDLEWARE] [5a8b4f87-7d65-4d52-aa4c-d50affed6f9c] ::ffff:127.0.0.1 [GET] /metrics Incoming request {"userAgent":"Prometheus/3.7.3"}
2025-12-01 12:02:14.408 [INFO] [API_REQUEST] [5a8b4f87-7d65-4d52-aa4c-d50affed6f9c] ::ffff:127.0.0.1 [GET] /metrics Incoming Request: GET /metrics {"payload":{}}
2025-12-01 12:02:14.410 [INFO] [API_RESPONSE] [5a8b4f87-7d65-4d52-aa4c-d50affed6f9c] ::ffff:127.0.0.1 [GET] /metrics 2ms 200 Response: GET /metrics 200 2ms {"payload":{}}
2025-12-01T05:02:19.408Z [INFO] [REQUEST_MIDDLEWARE] [4982bf38-84bd-4529-b9e6-6edca1411fb6] ::ffff:127.0.0.1 [GET] /metrics Incoming request {"userAgent":"Prometheus/3.7.3"}
2025-12-01 12:02:19.408 [INFO] [API_REQUEST] [4982bf38-84bd-4529-b9e6-6edca1411fb6] ::ffff:127.0.0.1 [GET] /metrics Incoming Request: GET /metrics {"payload":{}}
2025-12-01 12:02:19.410 [INFO] [API_RESPONSE] [4982bf38-84bd-4529-b9e6-6edca1411fb6] ::ffff:127.0.0.1 [GET] /metrics 2ms 200 Response: GET /metrics 200 2ms {"payload":{}}
2025-12-01T05:02:24.408Z [INFO] [REQUEST_MIDDLEWARE] [8ae71118-7888-4cc2-b7c3-b0d0b9589103] ::ffff:127.0.0.1 [GET] /metrics Incoming request {"userAgent":"Prometheus/3.7.3"}
2025-12-01 12:02:24.408 [INFO] [API_REQUEST] [8ae71118-7888-4cc2-b7c3-b0d0b9589103] ::ffff:127.0.0.1 [GET] /metrics Incoming Request: GET /metrics {"payload":{}}
2025-12-01 12:02:24.410 [INFO] [API_RESPONSE] [8ae71118-7888-4cc2-b7c3-b0d0b9589103] ::ffff:127.0.0.1 [GET] /metrics 2ms 200 Response: GET /metrics 200 2ms {"payload":{}}
2025-12-01T05:02:29.407Z [INFO] [REQUEST_MIDDLEWARE] [5daff91d-fd79-4099-8f27-96665537bd83] ::ffff:127.0.0.1 [GET] /metrics Incoming request {"userAgent":"Prometheus/3.7.3"}
2025-12-01 12:02:29.408 [INFO] [API_REQUEST] [5daff91d-fd79-4099-8f27-96665537bd83] ::ffff:127.0.0.1 [GET] /metrics Incoming Request: GET /metrics {"payload":{}}
2025-12-01 12:02:29.410 [INFO] [API_RESPONSE] [5daff91d-fd79-4099-8f27-96665537bd83] ::ffff:127.0.0.1 [GET] /metrics 2ms 200 Response: GET /metrics 200 2ms {"payload":{}}
2025-12-01T05:02:34.407Z [INFO] [REQUEST_MIDDLEWARE] [9af23b11-66ca-40cd-9fb0-550dd67f4be0] ::ffff:127.0.0.1 [GET] /metrics Incoming request {"userAgent":"Prometheus/3.7.3"}
2025-12-01 12:02:34.408 [INFO] [API_REQUEST] [9af23b11-66ca-40cd-9fb0-550dd67f4be0] ::ffff:127.0.0.1 [GET] /metrics Incoming Request: GET /metrics {"payload":{}}
2025-12-01 12:02:34.411 [INFO] [API_RESPONSE] [9af23b11-66ca-40cd-9fb0-550dd67f4be0] ::ffff:127.0.0.1 [GET] /metrics 2ms 200 Response: GET /metrics 200 2ms {"payload":{}}
2025-12-01T05:02:39.407Z [INFO] [REQUEST_MIDDLEWARE] [c7a24ae5-ca2c-4803-a0c7-26cb99de0676] ::ffff:127.0.0.1 [GET] /metrics Incoming request {"userAgent":"Prometheus/3.7.3"}
2025-12-01 12:02:39.408 [INFO] [API_REQUEST] [c7a24ae5-ca2c-4803-a0c7-26cb99de0676] ::ffff:127.0.0.1 [GET] /metrics Incoming Request: GET /metrics {"payload":{}}
2025-12-01 12:02:39.410 [INFO] [API_RESPONSE] [c7a24ae5-ca2c-4803-a0c7-26cb99de0676] ::ffff:127.0.0.1 [GET] /metrics 3ms 200 Response: GET /metrics 200 3ms {"payload":{}}
2025-12-01T05:02:44.408Z [INFO] [REQUEST_MIDDLEWARE] [a70c5a1a-cc5d-4a28-9a79-ff8c12862751] ::ffff:127.0.0.1 [GET] /metrics Incoming request {"userAgent":"Prometheus/3.7.3"}
2025-12-01 12:02:44.408 [INFO] [API_REQUEST] [a70c5a1a-cc5d-4a28-9a79-ff8c12862751] ::ffff:127.0.0.1 [GET] /metrics Incoming Request: GET /metrics {"payload":{}}
2025-12-01 12:02:44.410 [INFO] [API_RESPONSE] [a70c5a1a-cc5d-4a28-9a79-ff8c12862751] ::ffff:127.0.0.1 [GET] /metrics 2ms 200 Response: GET /metrics 200 2ms {"payload":{}}
2025-12-01T05:02:49.406Z [INFO] [REQUEST_MIDDLEWARE] [d05c49b4-6f70-4f14-8b4a-636e312ed1b1] ::ffff:127.0.0.1 [GET] /metrics Incoming request {"userAgent":"Prometheus/3.7.3"}
2025-12-01 12:02:49.406 [INFO] [API_REQUEST] [d05c49b4-6f70-4f14-8b4a-636e312ed1b1] ::ffff:127.0.0.1 [GET] /metrics Incoming Request: GET /metrics {"payload":{}}
2025-12-01 12:02:49.408 [INFO] [API_RESPONSE] [d05c49b4-6f70-4f14-8b4a-636e312ed1b1] ::ffff:127.0.0.1 [GET] /metrics 2ms 200 Response: GET /metrics 200 2ms {"payload":{}}
2025-12-01T05:02:54.408Z [INFO] [REQUEST_MIDDLEWARE] [4d4e9c14-e9d2-43f4-a91d-a180c78c6b51] ::ffff:127.0.0.1 [GET] /metrics Incoming request {"userAgent":"Prometheus/3.7.3"}
2025-12-01 12:02:54.409 [INFO] [API_REQUEST] [4d4e9c14-e9d2-43f4-a91d-a180c78c6b51] ::ffff:127.0.0.1 [GET] /metrics Incoming Request: GET /metrics {"payload":{}}
2025-12-01 12:02:54.410 [INFO] [API_RESPONSE] [4d4e9c14-e9d2-43f4-a91d-a180c78c6b51] ::ffff:127.0.0.1 [GET] /metrics 1ms 200 Response: GET /metrics 200 1ms {"payload":{}}
2025-12-01T05:02:59.408Z [INFO] [REQUEST_MIDDLEWARE] [97455520-5729-4858-93e6-3665aff941ee] ::ffff:127.0.0.1 [GET] /metrics Incoming request {"userAgent":"Prometheus/3.7.3"}
2025-12-01 12:02:59.409 [INFO] [API_REQUEST] [97455520-5729-4858-93e6-3665aff941ee] ::ffff:127.0.0.1 [GET] /metrics Incoming Request: GET /metrics {"payload":{}}
2025-12-01 12:02:59.410 [INFO] [API_RESPONSE] [97455520-5729-4858-93e6-3665aff941ee] ::ffff:127.0.0.1 [GET] /metrics 1ms 200 Response: GET /metrics 200 1ms {"payload":{}}
2025-12-01T05:03:03.359Z [INFO] [REQUEST_MIDDLEWARE] [ad41e26e-ac6e-47b9-85dc-76654baef3be] ::1 [POST] /api/rooms/search Incoming request {"userAgent":"Mozilla/5.0 (Windows NT 10.0; Microsoft Windows 10.0.26100; en-US) PowerShell/7.5.4"}
2025-12-01 12:03:03.360 [INFO] [API_REQUEST] [ad41e26e-ac6e-47b9-85dc-76654baef3be] ::1 [POST] /api/rooms/search Incoming Request: POST /api/rooms/search {"payload":{}}
2025-12-01 12:03:03.366 [ERROR] [POST] Error: 401 - No token provided
ApiError: No token provided
    at verifyTokenMiddleware (file:///E:/Code/Booking/BE/middlewares/verifyTokenMiddleware.js:8:21)
    at Layer.handle [as handle_request] (E:\Code\Booking\BE\node_modules\express\lib\router\layer.js:95:5)
    at trim_prefix (E:\Code\Booking\BE\node_modules\express\lib\router\index.js:328:13)
    at E:\Code\Booking\BE\node_modules\express\lib\router\index.js:286:9
    at Function.process_params (E:\Code\Booking\BE\node_modules\express\lib\router\index.js:346:12)
    at next (E:\Code\Booking\BE\node_modules\express\lib\router\index.js:280:10)
    at file:///E:/Code/Booking/BE/middlewares/rateLimitMiddleware.js:53:16
    at process.processTicksAndRejections (node:internal/process/task_queues:105:5)
2025-12-01 12:03:03.368 [ERROR] [API_RESPONSE] [ad41e26e-ac6e-47b9-85dc-76654baef3be] ::1 [POST] /api/rooms/search 8ms 401 Response: POST /api/rooms/search 401 8ms {"payload":{}}
2025-12-01T05:03:04.409Z [INFO] [REQUEST_MIDDLEWARE] [3b1341e0-43f4-4324-a400-b54249cd4624] ::ffff:127.0.0.1 [GET] /metrics Incoming request {"userAgent":"Prometheus/3.7.3"}
2025-12-01 12:03:04.409 [INFO] [API_REQUEST] [3b1341e0-43f4-4324-a400-b54249cd4624] ::ffff:127.0.0.1 [GET] /metrics Incoming Request: GET /metrics {"payload":{}}
2025-12-01 12:03:04.411 [INFO] [API_RESPONSE] [3b1341e0-43f4-4324-a400-b54249cd4624] ::ffff:127.0.0.1 [GET] /metrics 2ms 200 Response: GET /metrics 200 2ms {"payload":{}}
2025-12-01T05:03:09.409Z [INFO] [REQUEST_MIDDLEWARE] [2f6d2ec2-70f5-427b-a025-b51d722194ce] ::ffff:127.0.0.1 [GET] /metrics Incoming request {"userAgent":"Prometheus/3.7.3"}
2025-12-01 12:03:09.409 [INFO] [API_REQUEST] [2f6d2ec2-70f5-427b-a025-b51d722194ce] ::ffff:127.0.0.1 [GET] /metrics Incoming Request: GET /metrics {"payload":{}}
2025-12-01 12:03:09.411 [INFO] [API_RESPONSE] [2f6d2ec2-70f5-427b-a025-b51d722194ce] ::ffff:127.0.0.1 [GET] /metrics 2ms 200 Response: GET /metrics 200 2ms {"payload":{}}
2025-12-01T05:03:14.409Z [INFO] [REQUEST_MIDDLEWARE] [dd491101-9014-4b97-aa2a-61d8641dd055] ::ffff:127.0.0.1 [GET] /metrics Incoming request {"userAgent":"Prometheus/3.7.3"}
2025-12-01 12:03:14.409 [INFO] [API_REQUEST] [dd491101-9014-4b97-aa2a-61d8641dd055] ::ffff:127.0.0.1 [GET] /metrics Incoming Request: GET /metrics {"payload":{}}
2025-12-01 12:03:14.411 [INFO] [API_RESPONSE] [dd491101-9014-4b97-aa2a-61d8641dd055] ::ffff:127.0.0.1 [GET] /metrics 2ms 200 Response: GET /metrics 200 2ms {"payload":{}}
2025-12-01T05:03:19.409Z [INFO] [REQUEST_MIDDLEWARE] [b21a5838-fdfd-49c4-b35f-0a5ae162e162] ::ffff:127.0.0.1 [GET] /metrics Incoming request {"userAgent":"Prometheus/3.7.3"}
2025-12-01 12:03:19.409 [INFO] [API_REQUEST] [b21a5838-fdfd-49c4-b35f-0a5ae162e162] ::ffff:127.0.0.1 [GET] /metrics Incoming Request: GET /metrics {"payload":{}}
2025-12-01 12:03:19.411 [INFO] [API_RESPONSE] [b21a5838-fdfd-49c4-b35f-0a5ae162e162] ::ffff:127.0.0.1 [GET] /metrics 2ms 200 Response: GET /metrics 200 2ms {"payload":{}}
2025-12-01T05:03:24.408Z [INFO] [REQUEST_MIDDLEWARE] [84b2a878-3c63-45ad-b3b5-99ab345c710e] ::ffff:127.0.0.1 [GET] /metrics Incoming request {"userAgent":"Prometheus/3.7.3"}
2025-12-01 12:03:24.408 [INFO] [API_REQUEST] [84b2a878-3c63-45ad-b3b5-99ab345c710e] ::ffff:127.0.0.1 [GET] /metrics Incoming Request: GET /metrics {"payload":{}}
2025-12-01 12:03:24.410 [INFO] [API_RESPONSE] [84b2a878-3c63-45ad-b3b5-99ab345c710e] ::ffff:127.0.0.1 [GET] /metrics 2ms 200 Response: GET /metrics 200 2ms {"payload":{}}
2025-12-01T05:03:29.409Z [INFO] [REQUEST_MIDDLEWARE] [e4454659-31fe-413c-8311-1d51c82753df] ::ffff:127.0.0.1 [GET] /metrics Incoming request {"userAgent":"Prometheus/3.7.3"}
2025-12-01 12:03:29.410 [INFO] [API_REQUEST] [e4454659-31fe-413c-8311-1d51c82753df] ::ffff:127.0.0.1 [GET] /metrics Incoming Request: GET /metrics {"payload":{}}
2025-12-01 12:03:29.411 [INFO] [API_RESPONSE] [e4454659-31fe-413c-8311-1d51c82753df] ::ffff:127.0.0.1 [GET] /metrics 1ms 200 Response: GET /metrics 200 1ms {"payload":{}}
2025-12-01T05:03:34.408Z [INFO] [REQUEST_MIDDLEWARE] [de1745c0-5072-4daa-ba3b-d4bdadacda28] ::ffff:127.0.0.1 [GET] /metrics Incoming request {"userAgent":"Prometheus/3.7.3"}
2025-12-01 12:03:34.409 [INFO] [API_REQUEST] [de1745c0-5072-4daa-ba3b-d4bdadacda28] ::ffff:127.0.0.1 [GET] /metrics Incoming Request: GET /metrics {"payload":{}}
2025-12-01 12:03:34.411 [INFO] [API_RESPONSE] [de1745c0-5072-4daa-ba3b-d4bdadacda28] ::ffff:127.0.0.1 [GET] /metrics 2ms 200 Response: GET /metrics 200 2ms {"payload":{}}
2025-12-01T05:03:39.407Z [INFO] [REQUEST_MIDDLEWARE] [3fa9d503-1095-45ce-9d58-a910dde1ed70] ::ffff:127.0.0.1 [GET] /metrics Incoming request {"userAgent":"Prometheus/3.7.3"}
2025-12-01 12:03:39.408 [INFO] [API_REQUEST] [3fa9d503-1095-45ce-9d58-a910dde1ed70] ::ffff:127.0.0.1 [GET] /metrics Incoming Request: GET /metrics {"payload":{}}
2025-12-01 12:03:39.409 [INFO] [API_RESPONSE] [3fa9d503-1095-45ce-9d58-a910dde1ed70] ::ffff:127.0.0.1 [GET] /metrics 1ms 200 Response: GET /metrics 200 1ms {"payload":{}}
2025-12-01T05:03:44.409Z [INFO] [REQUEST_MIDDLEWARE] [633d8027-2441-40e4-b4cf-ed45f3c1bf66] ::ffff:127.0.0.1 [GET] /metrics Incoming request {"userAgent":"Prometheus/3.7.3"}
2025-12-01 12:03:44.409 [INFO] [API_REQUEST] [633d8027-2441-40e4-b4cf-ed45f3c1bf66] ::ffff:127.0.0.1 [GET] /metrics Incoming Request: GET /metrics {"payload":{}}
2025-12-01 12:03:44.412 [INFO] [API_RESPONSE] [633d8027-2441-40e4-b4cf-ed45f3c1bf66] ::ffff:127.0.0.1 [GET] /metrics 3ms 200 Response: GET /metrics 200 3ms {"payload":{}}
2025-12-01T05:03:49.409Z [INFO] [REQUEST_MIDDLEWARE] [0ba09899-8fae-407c-b03d-d366c670822b] ::ffff:127.0.0.1 [GET] /metrics Incoming request {"userAgent":"Prometheus/3.7.3"}
2025-12-01 12:03:49.409 [INFO] [API_REQUEST] [0ba09899-8fae-407c-b03d-d366c670822b] ::ffff:127.0.0.1 [GET] /metrics Incoming Request: GET /metrics {"payload":{}}
2025-12-01 12:03:49.411 [INFO] [API_RESPONSE] [0ba09899-8fae-407c-b03d-d366c670822b] ::ffff:127.0.0.1 [GET] /metrics 2ms 200 Response: GET /metrics 200 2ms {"payload":{}}
2025-12-01T05:03:54.408Z [INFO] [REQUEST_MIDDLEWARE] [2b4f4837-10fb-4a13-8b46-b984ad690a0b] ::ffff:127.0.0.1 [GET] /metrics Incoming request {"userAgent":"Prometheus/3.7.3"}
2025-12-01 12:03:54.409 [INFO] [API_REQUEST] [2b4f4837-10fb-4a13-8b46-b984ad690a0b] ::ffff:127.0.0.1 [GET] /metrics Incoming Request: GET /metrics {"payload":{}}
2025-12-01 12:03:54.410 [INFO] [API_RESPONSE] [2b4f4837-10fb-4a13-8b46-b984ad690a0b] ::ffff:127.0.0.1 [GET] /metrics 1ms 200 Response: GET /metrics 200 1ms {"payload":{}}
2025-12-01T05:03:59.409Z [INFO] [REQUEST_MIDDLEWARE] [14348785-4f14-4f42-816f-1d3d353dcaa9] ::ffff:127.0.0.1 [GET] /metrics Incoming request {"userAgent":"Prometheus/3.7.3"}
2025-12-01 12:03:59.409 [INFO] [API_REQUEST] [14348785-4f14-4f42-816f-1d3d353dcaa9] ::ffff:127.0.0.1 [GET] /metrics Incoming Request: GET /metrics {"payload":{}}
2025-12-01 12:03:59.411 [INFO] [API_RESPONSE] [14348785-4f14-4f42-816f-1d3d353dcaa9] ::ffff:127.0.0.1 [GET] /metrics 2ms 200 Response: GET /metrics 200 2ms {"payload":{}}
2025-12-01T05:04:04.409Z [INFO] [REQUEST_MIDDLEWARE] [d11c3b58-6d4e-4677-93e8-d6d6221ac523] ::ffff:127.0.0.1 [GET] /metrics Incoming request {"userAgent":"Prometheus/3.7.3"}
2025-12-01 12:04:04.409 [INFO] [API_REQUEST] [d11c3b58-6d4e-4677-93e8-d6d6221ac523] ::ffff:127.0.0.1 [GET] /metrics Incoming Request: GET /metrics {"payload":{}}
2025-12-01 12:04:04.410 [INFO] [API_RESPONSE] [d11c3b58-6d4e-4677-93e8-d6d6221ac523] ::ffff:127.0.0.1 [GET] /metrics 1ms 200 Response: GET /metrics 200 1ms {"payload":{}}
2025-12-01T05:04:09.408Z [INFO] [REQUEST_MIDDLEWARE] [0e435555-37ac-471e-b252-25f6c8049ade] ::ffff:127.0.0.1 [GET] /metrics Incoming request {"userAgent":"Prometheus/3.7.3"}
2025-12-01 12:04:09.409 [INFO] [API_REQUEST] [0e435555-37ac-471e-b252-25f6c8049ade] ::ffff:127.0.0.1 [GET] /metrics Incoming Request: GET /metrics {"payload":{}}
2025-12-01 12:04:09.410 [INFO] [API_RESPONSE] [0e435555-37ac-471e-b252-25f6c8049ade] ::ffff:127.0.0.1 [GET] /metrics 1ms 200 Response: GET /metrics 200 1ms {"payload":{}}
2025-12-01T05:04:14.409Z [INFO] [REQUEST_MIDDLEWARE] [b5557668-b72f-42f3-90b3-3ea93d252e74] ::ffff:127.0.0.1 [GET] /metrics Incoming request {"userAgent":"Prometheus/3.7.3"}
2025-12-01 12:04:14.409 [INFO] [API_REQUEST] [b5557668-b72f-42f3-90b3-3ea93d252e74] ::ffff:127.0.0.1 [GET] /metrics Incoming Request: GET /metrics {"payload":{}}
2025-12-01 12:04:14.412 [INFO] [API_RESPONSE] [b5557668-b72f-42f3-90b3-3ea93d252e74] ::ffff:127.0.0.1 [GET] /metrics 2ms 200 Response: GET /metrics 200 2ms {"payload":{}}
2025-12-01T05:04:19.407Z [INFO] [REQUEST_MIDDLEWARE] [bbc2b57a-1288-4519-b5a6-e6092f38e7f1] ::ffff:127.0.0.1 [GET] /metrics Incoming request {"userAgent":"Prometheus/3.7.3"}
2025-12-01 12:04:19.407 [INFO] [API_REQUEST] [bbc2b57a-1288-4519-b5a6-e6092f38e7f1] ::ffff:127.0.0.1 [GET] /metrics Incoming Request: GET /metrics {"payload":{}}
2025-12-01 12:04:19.409 [INFO] [API_RESPONSE] [bbc2b57a-1288-4519-b5a6-e6092f38e7f1] ::ffff:127.0.0.1 [GET] /metrics 2ms 200 Response: GET /metrics 200 2ms {"payload":{}}
2025-12-01T05:04:24.408Z [INFO] [REQUEST_MIDDLEWARE] [bef56a99-d047-4bff-90cc-163ba6e80b85] ::ffff:127.0.0.1 [GET] /metrics Incoming request {"userAgent":"Prometheus/3.7.3"}
2025-12-01 12:04:24.409 [INFO] [API_REQUEST] [bef56a99-d047-4bff-90cc-163ba6e80b85] ::ffff:127.0.0.1 [GET] /metrics Incoming Request: GET /metrics {"payload":{}}
2025-12-01 12:04:24.410 [INFO] [API_RESPONSE] [bef56a99-d047-4bff-90cc-163ba6e80b85] ::ffff:127.0.0.1 [GET] /metrics 1ms 200 Response: GET /metrics 200 1ms {"payload":{}}
2025-12-01T05:04:29.408Z [INFO] [REQUEST_MIDDLEWARE] [b5222893-e5b0-45bf-a229-2f8167d34627] ::ffff:127.0.0.1 [GET] /metrics Incoming request {"userAgent":"Prometheus/3.7.3"}
2025-12-01 12:04:29.409 [INFO] [API_REQUEST] [b5222893-e5b0-45bf-a229-2f8167d34627] ::ffff:127.0.0.1 [GET] /metrics Incoming Request: GET /metrics {"payload":{}}
2025-12-01 12:04:29.411 [INFO] [API_RESPONSE] [b5222893-e5b0-45bf-a229-2f8167d34627] ::ffff:127.0.0.1 [GET] /metrics 2ms 200 Response: GET /metrics 200 2ms {"payload":{}}
2025-12-01T05:04:34.408Z [INFO] [REQUEST_MIDDLEWARE] [4dfbd69e-6fde-4f4a-88ab-a1e2de8536d4] ::ffff:127.0.0.1 [GET] /metrics Incoming request {"userAgent":"Prometheus/3.7.3"}
2025-12-01 12:04:34.408 [INFO] [API_REQUEST] [4dfbd69e-6fde-4f4a-88ab-a1e2de8536d4] ::ffff:127.0.0.1 [GET] /metrics Incoming Request: GET /metrics {"payload":{}}
2025-12-01 12:04:34.410 [INFO] [API_RESPONSE] [4dfbd69e-6fde-4f4a-88ab-a1e2de8536d4] ::ffff:127.0.0.1 [GET] /metrics 2ms 200 Response: GET /metrics 200 2ms {"payload":{}}
2025-12-01T05:04:39.409Z [INFO] [REQUEST_MIDDLEWARE] [f62834b9-c569-4155-9601-e64c0cb9cbf2] ::ffff:127.0.0.1 [GET] /metrics Incoming request {"userAgent":"Prometheus/3.7.3"}
2025-12-01 12:04:39.409 [INFO] [API_REQUEST] [f62834b9-c569-4155-9601-e64c0cb9cbf2] ::ffff:127.0.0.1 [GET] /metrics Incoming Request: GET /metrics {"payload":{}}
2025-12-01 12:04:39.411 [INFO] [API_RESPONSE] [f62834b9-c569-4155-9601-e64c0cb9cbf2] ::ffff:127.0.0.1 [GET] /metrics 2ms 200 Response: GET /metrics 200 2ms {"payload":{}}
2025-12-01T05:04:44.407Z [INFO] [REQUEST_MIDDLEWARE] [160cb7e9-7f3b-4801-a28d-644b73829cd0] ::ffff:127.0.0.1 [GET] /metrics Incoming request {"userAgent":"Prometheus/3.7.3"}
2025-12-01 12:04:44.407 [INFO] [API_REQUEST] [160cb7e9-7f3b-4801-a28d-644b73829cd0] ::ffff:127.0.0.1 [GET] /metrics Incoming Request: GET /metrics {"payload":{}}
2025-12-01 12:04:44.408 [INFO] [API_RESPONSE] [160cb7e9-7f3b-4801-a28d-644b73829cd0] ::ffff:127.0.0.1 [GET] /metrics 1ms 200 Response: GET /metrics 200 1ms {"payload":{}}
2025-12-01T05:04:49.408Z [INFO] [REQUEST_MIDDLEWARE] [7de47280-a1ba-4aa8-bf31-13f554ad9f22] ::ffff:127.0.0.1 [GET] /metrics Incoming request {"userAgent":"Prometheus/3.7.3"}
2025-12-01 12:04:49.409 [INFO] [API_REQUEST] [7de47280-a1ba-4aa8-bf31-13f554ad9f22] ::ffff:127.0.0.1 [GET] /metrics Incoming Request: GET /metrics {"payload":{}}
2025-12-01 12:04:49.410 [INFO] [API_RESPONSE] [7de47280-a1ba-4aa8-bf31-13f554ad9f22] ::ffff:127.0.0.1 [GET] /metrics 1ms 200 Response: GET /metrics 200 1ms {"payload":{}}
2025-12-01T05:04:54.409Z [INFO] [REQUEST_MIDDLEWARE] [18b6b0bd-1f9d-437d-8b48-ffe4d25a821e] ::ffff:127.0.0.1 [GET] /metrics Incoming request {"userAgent":"Prometheus/3.7.3"}
2025-12-01 12:04:54.409 [INFO] [API_REQUEST] [18b6b0bd-1f9d-437d-8b48-ffe4d25a821e] ::ffff:127.0.0.1 [GET] /metrics Incoming Request: GET /metrics {"payload":{}}
2025-12-01 12:04:54.411 [INFO] [API_RESPONSE] [18b6b0bd-1f9d-437d-8b48-ffe4d25a821e] ::ffff:127.0.0.1 [GET] /metrics 2ms 200 Response: GET /metrics 200 2ms {"payload":{}}
2025-12-01T05:04:59.408Z [INFO] [REQUEST_MIDDLEWARE] [71ca0d25-8b41-4a71-b178-d0f0fa4d4254] ::ffff:127.0.0.1 [GET] /metrics Incoming request {"userAgent":"Prometheus/3.7.3"}
2025-12-01 12:04:59.409 [INFO] [API_REQUEST] [71ca0d25-8b41-4a71-b178-d0f0fa4d4254] ::ffff:127.0.0.1 [GET] /metrics Incoming Request: GET /metrics {"payload":{}}
2025-12-01 12:04:59.410 [INFO] [API_RESPONSE] [71ca0d25-8b41-4a71-b178-d0f0fa4d4254] ::ffff:127.0.0.1 [GET] /metrics 1ms 200 Response: GET /metrics 200 1ms {"payload":{}}
2025-12-01T05:05:04.407Z [INFO] [REQUEST_MIDDLEWARE] [a5a4d57d-0939-46c5-9470-9c4c2690c2ec] ::ffff:127.0.0.1 [GET] /metrics Incoming request {"userAgent":"Prometheus/3.7.3"}
2025-12-01 12:05:04.407 [INFO] [API_REQUEST] [a5a4d57d-0939-46c5-9470-9c4c2690c2ec] ::ffff:127.0.0.1 [GET] /metrics Incoming Request: GET /metrics {"payload":{}}
2025-12-01 12:05:04.409 [INFO] [API_RESPONSE] [a5a4d57d-0939-46c5-9470-9c4c2690c2ec] ::ffff:127.0.0.1 [GET] /metrics 2ms 200 Response: GET /metrics 200 2ms {"payload":{}}
2025-12-01T05:05:09.408Z [INFO] [REQUEST_MIDDLEWARE] [3110bb03-e370-4d48-8fd7-9b6a63749ede] ::ffff:127.0.0.1 [GET] /metrics Incoming request {"userAgent":"Prometheus/3.7.3"}
2025-12-01 12:05:09.408 [INFO] [API_REQUEST] [3110bb03-e370-4d48-8fd7-9b6a63749ede] ::ffff:127.0.0.1 [GET] /metrics Incoming Request: GET /metrics {"payload":{}}
2025-12-01 12:05:09.410 [INFO] [API_RESPONSE] [3110bb03-e370-4d48-8fd7-9b6a63749ede] ::ffff:127.0.0.1 [GET] /metrics 2ms 200 Response: GET /metrics 200 2ms {"payload":{}}
2025-12-01T05:05:14.408Z [INFO] [REQUEST_MIDDLEWARE] [a66dd687-e4b3-46cc-9fa3-acd8fcc86c60] ::ffff:127.0.0.1 [GET] /metrics Incoming request {"userAgent":"Prometheus/3.7.3"}
2025-12-01 12:05:14.408 [INFO] [API_REQUEST] [a66dd687-e4b3-46cc-9fa3-acd8fcc86c60] ::ffff:127.0.0.1 [GET] /metrics Incoming Request: GET /metrics {"payload":{}}
2025-12-01 12:05:14.410 [INFO] [API_RESPONSE] [a66dd687-e4b3-46cc-9fa3-acd8fcc86c60] ::ffff:127.0.0.1 [GET] /metrics 2ms 200 Response: GET /metrics 200 2ms {"payload":{}}
2025-12-01T05:05:19.408Z [INFO] [REQUEST_MIDDLEWARE] [bb5656ec-8685-48ee-af4e-e4b6e6eb60b0] ::ffff:127.0.0.1 [GET] /metrics Incoming request {"userAgent":"Prometheus/3.7.3"}
2025-12-01 12:05:19.409 [INFO] [API_REQUEST] [bb5656ec-8685-48ee-af4e-e4b6e6eb60b0] ::ffff:127.0.0.1 [GET] /metrics Incoming Request: GET /metrics {"payload":{}}
2025-12-01 12:05:19.410 [INFO] [API_RESPONSE] [bb5656ec-8685-48ee-af4e-e4b6e6eb60b0] ::ffff:127.0.0.1 [GET] /metrics 1ms 200 Response: GET /metrics 200 1ms {"payload":{}}
2025-12-01T05:05:24.408Z [INFO] [REQUEST_MIDDLEWARE] [5608a674-b36e-4d63-bc9a-dea6a82479b2] ::ffff:127.0.0.1 [GET] /metrics Incoming request {"userAgent":"Prometheus/3.7.3"}
2025-12-01 12:05:24.408 [INFO] [API_REQUEST] [5608a674-b36e-4d63-bc9a-dea6a82479b2] ::ffff:127.0.0.1 [GET] /metrics Incoming Request: GET /metrics {"payload":{}}
2025-12-01 12:05:24.410 [INFO] [API_RESPONSE] [5608a674-b36e-4d63-bc9a-dea6a82479b2] ::ffff:127.0.0.1 [GET] /metrics 2ms 200 Response: GET /metrics 200 2ms {"payload":{}}
2025-12-01T05:05:29.408Z [INFO] [REQUEST_MIDDLEWARE] [7375a799-1b90-4169-a7ed-1b03d6d2ae60] ::ffff:127.0.0.1 [GET] /metrics Incoming request {"userAgent":"Prometheus/3.7.3"}
2025-12-01 12:05:29.408 [INFO] [API_REQUEST] [7375a799-1b90-4169-a7ed-1b03d6d2ae60] ::ffff:127.0.0.1 [GET] /metrics Incoming Request: GET /metrics {"payload":{}}
2025-12-01 12:05:29.410 [INFO] [API_RESPONSE] [7375a799-1b90-4169-a7ed-1b03d6d2ae60] ::ffff:127.0.0.1 [GET] /metrics 2ms 200 Response: GET /metrics 200 2ms {"payload":{}}
2025-12-01T05:05:34.407Z [INFO] [REQUEST_MIDDLEWARE] [e8c3caeb-c10e-4d63-b5ee-31eca9731b42] ::ffff:127.0.0.1 [GET] /metrics Incoming request {"userAgent":"Prometheus/3.7.3"}
2025-12-01 12:05:34.408 [INFO] [API_REQUEST] [e8c3caeb-c10e-4d63-b5ee-31eca9731b42] ::ffff:127.0.0.1 [GET] /metrics Incoming Request: GET /metrics {"payload":{}}
2025-12-01 12:05:34.409 [INFO] [API_RESPONSE] [e8c3caeb-c10e-4d63-b5ee-31eca9731b42] ::ffff:127.0.0.1 [GET] /metrics 2ms 200 Response: GET /metrics 200 2ms {"payload":{}}
2025-12-01T05:05:39.406Z [INFO] [REQUEST_MIDDLEWARE] [24c16895-714e-409d-8b65-4ec5a0ff00be] ::ffff:127.0.0.1 [GET] /metrics Incoming request {"userAgent":"Prometheus/3.7.3"}
2025-12-01 12:05:39.407 [INFO] [API_REQUEST] [24c16895-714e-409d-8b65-4ec5a0ff00be] ::ffff:127.0.0.1 [GET] /metrics Incoming Request: GET /metrics {"payload":{}}
2025-12-01 12:05:39.408 [INFO] [API_RESPONSE] [24c16895-714e-409d-8b65-4ec5a0ff00be] ::ffff:127.0.0.1 [GET] /metrics 1ms 200 Response: GET /metrics 200 1ms {"payload":{}}
2025-12-01T05:05:44.408Z [INFO] [REQUEST_MIDDLEWARE] [81de9ad5-fde6-420f-8e27-d0480bcea739] ::ffff:127.0.0.1 [GET] /metrics Incoming request {"userAgent":"Prometheus/3.7.3"}
2025-12-01 12:05:44.409 [INFO] [API_REQUEST] [81de9ad5-fde6-420f-8e27-d0480bcea739] ::ffff:127.0.0.1 [GET] /metrics Incoming Request: GET /metrics {"payload":{}}
2025-12-01 12:05:44.410 [INFO] [API_RESPONSE] [81de9ad5-fde6-420f-8e27-d0480bcea739] ::ffff:127.0.0.1 [GET] /metrics 1ms 200 Response: GET /metrics 200 1ms {"payload":{}}
2025-12-01T05:05:49.408Z [INFO] [REQUEST_MIDDLEWARE] [90c5e8f4-68fa-475a-9430-4d3dd5a8db79] ::ffff:127.0.0.1 [GET] /metrics Incoming request {"userAgent":"Prometheus/3.7.3"}
2025-12-01 12:05:49.409 [INFO] [API_REQUEST] [90c5e8f4-68fa-475a-9430-4d3dd5a8db79] ::ffff:127.0.0.1 [GET] /metrics Incoming Request: GET /metrics {"payload":{}}
2025-12-01 12:05:49.411 [INFO] [API_RESPONSE] [90c5e8f4-68fa-475a-9430-4d3dd5a8db79] ::ffff:127.0.0.1 [GET] /metrics 2ms 200 Response: GET /metrics 200 2ms {"payload":{}}
2025-12-01T05:05:54.407Z [INFO] [REQUEST_MIDDLEWARE] [771574b1-37a9-4dff-9839-e80855dde378] ::ffff:127.0.0.1 [GET] /metrics Incoming request {"userAgent":"Prometheus/3.7.3"}
2025-12-01 12:05:54.407 [INFO] [API_REQUEST] [771574b1-37a9-4dff-9839-e80855dde378] ::ffff:127.0.0.1 [GET] /metrics Incoming Request: GET /metrics {"payload":{}}
2025-12-01 12:05:54.409 [INFO] [API_RESPONSE] [771574b1-37a9-4dff-9839-e80855dde378] ::ffff:127.0.0.1 [GET] /metrics 2ms 200 Response: GET /metrics 200 2ms {"payload":{}}
2025-12-01T05:05:59.409Z [INFO] [REQUEST_MIDDLEWARE] [4404b2fb-8fd3-4645-b094-99b8eaabfa42] ::ffff:127.0.0.1 [GET] /metrics Incoming request {"userAgent":"Prometheus/3.7.3"}
2025-12-01 12:05:59.409 [INFO] [API_REQUEST] [4404b2fb-8fd3-4645-b094-99b8eaabfa42] ::ffff:127.0.0.1 [GET] /metrics Incoming Request: GET /metrics {"payload":{}}
2025-12-01 12:05:59.411 [INFO] [API_RESPONSE] [4404b2fb-8fd3-4645-b094-99b8eaabfa42] ::ffff:127.0.0.1 [GET] /metrics 2ms 200 Response: GET /metrics 200 2ms {"payload":{}}
2025-12-01T05:06:04.408Z [INFO] [REQUEST_MIDDLEWARE] [f15ee692-7f2f-45dd-b6ad-7ce64ae0022e] ::ffff:127.0.0.1 [GET] /metrics Incoming request {"userAgent":"Prometheus/3.7.3"}
2025-12-01 12:06:04.408 [INFO] [API_REQUEST] [f15ee692-7f2f-45dd-b6ad-7ce64ae0022e] ::ffff:127.0.0.1 [GET] /metrics Incoming Request: GET /metrics {"payload":{}}
2025-12-01 12:06:04.410 [INFO] [API_RESPONSE] [f15ee692-7f2f-45dd-b6ad-7ce64ae0022e] ::ffff:127.0.0.1 [GET] /metrics 2ms 200 Response: GET /metrics 200 2ms {"payload":{}}
2025-12-01T05:06:09.411Z [INFO] [REQUEST_MIDDLEWARE] [c4bc7e4a-79e7-46b2-a237-941a0c3dace6] ::ffff:127.0.0.1 [GET] /metrics Incoming request {"userAgent":"Prometheus/3.7.3"}
2025-12-01 12:06:09.412 [INFO] [API_REQUEST] [c4bc7e4a-79e7-46b2-a237-941a0c3dace6] ::ffff:127.0.0.1 [GET] /metrics Incoming Request: GET /metrics {"payload":{}}
2025-12-01 12:06:09.415 [INFO] [API_RESPONSE] [c4bc7e4a-79e7-46b2-a237-941a0c3dace6] ::ffff:127.0.0.1 [GET] /metrics 3ms 200 Response: GET /metrics 200 3ms {"payload":{}}
2025-12-01T05:06:14.408Z [INFO] [REQUEST_MIDDLEWARE] [8afff6fb-1f01-4c79-ad57-a19c245a2642] ::ffff:127.0.0.1 [GET] /metrics Incoming request {"userAgent":"Prometheus/3.7.3"}
2025-12-01 12:06:14.409 [INFO] [API_REQUEST] [8afff6fb-1f01-4c79-ad57-a19c245a2642] ::ffff:127.0.0.1 [GET] /metrics Incoming Request: GET /metrics {"payload":{}}
2025-12-01 12:06:14.410 [INFO] [API_RESPONSE] [8afff6fb-1f01-4c79-ad57-a19c245a2642] ::ffff:127.0.0.1 [GET] /metrics 1ms 200 Response: GET /metrics 200 1ms {"payload":{}}
2025-12-01T05:06:19.408Z [INFO] [REQUEST_MIDDLEWARE] [1b71771a-c737-4253-a066-85d46c5cda94] ::ffff:127.0.0.1 [GET] /metrics Incoming request {"userAgent":"Prometheus/3.7.3"}
2025-12-01 12:06:19.408 [INFO] [API_REQUEST] [1b71771a-c737-4253-a066-85d46c5cda94] ::ffff:127.0.0.1 [GET] /metrics Incoming Request: GET /metrics {"payload":{}}
2025-12-01 12:06:19.410 [INFO] [API_RESPONSE] [1b71771a-c737-4253-a066-85d46c5cda94] ::ffff:127.0.0.1 [GET] /metrics 2ms 200 Response: GET /metrics 200 2ms {"payload":{}}
2025-12-01T05:06:24.409Z [INFO] [REQUEST_MIDDLEWARE] [43f86efa-a392-4e00-afef-d012ef4db718] ::ffff:127.0.0.1 [GET] /metrics Incoming request {"userAgent":"Prometheus/3.7.3"}
2025-12-01 12:06:24.409 [INFO] [API_REQUEST] [43f86efa-a392-4e00-afef-d012ef4db718] ::ffff:127.0.0.1 [GET] /metrics Incoming Request: GET /metrics {"payload":{}}
2025-12-01 12:06:24.411 [INFO] [API_RESPONSE] [43f86efa-a392-4e00-afef-d012ef4db718] ::ffff:127.0.0.1 [GET] /metrics 2ms 200 Response: GET /metrics 200 2ms {"payload":{}}
2025-12-01T05:06:29.409Z [INFO] [REQUEST_MIDDLEWARE] [0f896e2c-5778-4e6d-bc91-6496bd8e1b99] ::ffff:127.0.0.1 [GET] /metrics Incoming request {"userAgent":"Prometheus/3.7.3"}
2025-12-01 12:06:29.409 [INFO] [API_REQUEST] [0f896e2c-5778-4e6d-bc91-6496bd8e1b99] ::ffff:127.0.0.1 [GET] /metrics Incoming Request: GET /metrics {"payload":{}}
2025-12-01 12:06:29.411 [INFO] [API_RESPONSE] [0f896e2c-5778-4e6d-bc91-6496bd8e1b99] ::ffff:127.0.0.1 [GET] /metrics 2ms 200 Response: GET /metrics 200 2ms {"payload":{}}
2025-12-01T05:06:34.411Z [INFO] [REQUEST_MIDDLEWARE] [622c35c2-7e27-4986-b53c-26149e912419] ::ffff:127.0.0.1 [GET] /metrics Incoming request {"userAgent":"Prometheus/3.7.3"}
2025-12-01 12:06:34.411 [INFO] [API_REQUEST] [622c35c2-7e27-4986-b53c-26149e912419] ::ffff:127.0.0.1 [GET] /metrics Incoming Request: GET /metrics {"payload":{}}
2025-12-01 12:06:34.413 [INFO] [API_RESPONSE] [622c35c2-7e27-4986-b53c-26149e912419] ::ffff:127.0.0.1 [GET] /metrics 2ms 200 Response: GET /metrics 200 2ms {"payload":{}}
2025-12-01T05:06:39.408Z [INFO] [REQUEST_MIDDLEWARE] [1af95047-9072-4475-8095-a394d5d9b926] ::ffff:127.0.0.1 [GET] /metrics Incoming request {"userAgent":"Prometheus/3.7.3"}
2025-12-01 12:06:39.408 [INFO] [API_REQUEST] [1af95047-9072-4475-8095-a394d5d9b926] ::ffff:127.0.0.1 [GET] /metrics Incoming Request: GET /metrics {"payload":{}}
2025-12-01 12:06:39.410 [INFO] [API_RESPONSE] [1af95047-9072-4475-8095-a394d5d9b926] ::ffff:127.0.0.1 [GET] /metrics 2ms 200 Response: GET /metrics 200 2ms {"payload":{}}
2025-12-01T05:06:44.407Z [INFO] [REQUEST_MIDDLEWARE] [7edc2b3a-2b2a-46b2-bf78-7e6a6d3335b2] ::ffff:127.0.0.1 [GET] /metrics Incoming request {"userAgent":"Prometheus/3.7.3"}
2025-12-01 12:06:44.407 [INFO] [API_REQUEST] [7edc2b3a-2b2a-46b2-bf78-7e6a6d3335b2] ::ffff:127.0.0.1 [GET] /metrics Incoming Request: GET /metrics {"payload":{}}
2025-12-01 12:06:44.409 [INFO] [API_RESPONSE] [7edc2b3a-2b2a-46b2-bf78-7e6a6d3335b2] ::ffff:127.0.0.1 [GET] /metrics 2ms 200 Response: GET /metrics 200 2ms {"payload":{}}
2025-12-01T05:06:49.410Z [INFO] [REQUEST_MIDDLEWARE] [9d7eb133-5b46-4fd7-96de-dc429bf476aa] ::ffff:127.0.0.1 [GET] /metrics Incoming request {"userAgent":"Prometheus/3.7.3"}
2025-12-01 12:06:49.412 [INFO] [API_REQUEST] [9d7eb133-5b46-4fd7-96de-dc429bf476aa] ::ffff:127.0.0.1 [GET] /metrics Incoming Request: GET /metrics {"payload":{}}
2025-12-01 12:06:49.418 [INFO] [API_RESPONSE] [9d7eb133-5b46-4fd7-96de-dc429bf476aa] ::ffff:127.0.0.1 [GET] /metrics 6ms 200 Response: GET /metrics 200 6ms {"payload":{}}
2025-12-01T05:06:54.408Z [INFO] [REQUEST_MIDDLEWARE] [acbf0914-77ec-41eb-b73f-73f5ec768f19] ::ffff:127.0.0.1 [GET] /metrics Incoming request {"userAgent":"Prometheus/3.7.3"}
2025-12-01 12:06:54.408 [INFO] [API_REQUEST] [acbf0914-77ec-41eb-b73f-73f5ec768f19] ::ffff:127.0.0.1 [GET] /metrics Incoming Request: GET /metrics {"payload":{}}
2025-12-01 12:06:54.410 [INFO] [API_RESPONSE] [acbf0914-77ec-41eb-b73f-73f5ec768f19] ::ffff:127.0.0.1 [GET] /metrics 2ms 200 Response: GET /metrics 200 2ms {"payload":{}}
2025-12-01T05:06:59.407Z [INFO] [REQUEST_MIDDLEWARE] [d52db2c3-0d30-42dc-92b0-f7e3089fe87a] ::ffff:127.0.0.1 [GET] /metrics Incoming request {"userAgent":"Prometheus/3.7.3"}
2025-12-01 12:06:59.408 [INFO] [API_REQUEST] [d52db2c3-0d30-42dc-92b0-f7e3089fe87a] ::ffff:127.0.0.1 [GET] /metrics Incoming Request: GET /metrics {"payload":{}}
2025-12-01 12:06:59.409 [INFO] [API_RESPONSE] [d52db2c3-0d30-42dc-92b0-f7e3089fe87a] ::ffff:127.0.0.1 [GET] /metrics 1ms 200 Response: GET /metrics 200 1ms {"payload":{}}
2025-12-01T05:07:04.408Z [INFO] [REQUEST_MIDDLEWARE] [a0f060b1-c36e-4825-a903-f1c356aa9d67] ::ffff:127.0.0.1 [GET] /metrics Incoming request {"userAgent":"Prometheus/3.7.3"}
2025-12-01 12:07:04.409 [INFO] [API_REQUEST] [a0f060b1-c36e-4825-a903-f1c356aa9d67] ::ffff:127.0.0.1 [GET] /metrics Incoming Request: GET /metrics {"payload":{}}
2025-12-01 12:07:04.410 [INFO] [API_RESPONSE] [a0f060b1-c36e-4825-a903-f1c356aa9d67] ::ffff:127.0.0.1 [GET] /metrics 1ms 200 Response: GET /metrics 200 1ms {"payload":{}}
2025-12-01T05:07:09.409Z [INFO] [REQUEST_MIDDLEWARE] [a4d24c87-1c9f-4153-8bff-6db623830aef] ::ffff:127.0.0.1 [GET] /metrics Incoming request {"userAgent":"Prometheus/3.7.3"}
2025-12-01 12:07:09.409 [INFO] [API_REQUEST] [a4d24c87-1c9f-4153-8bff-6db623830aef] ::ffff:127.0.0.1 [GET] /metrics Incoming Request: GET /metrics {"payload":{}}
2025-12-01 12:07:09.411 [INFO] [API_RESPONSE] [a4d24c87-1c9f-4153-8bff-6db623830aef] ::ffff:127.0.0.1 [GET] /metrics 2ms 200 Response: GET /metrics 200 2ms {"payload":{}}
2025-12-01T05:07:14.408Z [INFO] [REQUEST_MIDDLEWARE] [61946aaa-6252-4f6e-9d83-eb133892c745] ::ffff:127.0.0.1 [GET] /metrics Incoming request {"userAgent":"Prometheus/3.7.3"}
2025-12-01 12:07:14.409 [INFO] [API_REQUEST] [61946aaa-6252-4f6e-9d83-eb133892c745] ::ffff:127.0.0.1 [GET] /metrics Incoming Request: GET /metrics {"payload":{}}
2025-12-01 12:07:14.410 [INFO] [API_RESPONSE] [61946aaa-6252-4f6e-9d83-eb133892c745] ::ffff:127.0.0.1 [GET] /metrics 1ms 200 Response: GET /metrics 200 1ms {"payload":{}}
2025-12-01T05:07:19.410Z [INFO] [REQUEST_MIDDLEWARE] [5f7986d8-b478-49f3-9adc-30cd3e4e3d4d] ::ffff:127.0.0.1 [GET] /metrics Incoming request {"userAgent":"Prometheus/3.7.3"}
2025-12-01 12:07:19.410 [INFO] [API_REQUEST] [5f7986d8-b478-49f3-9adc-30cd3e4e3d4d] ::ffff:127.0.0.1 [GET] /metrics Incoming Request: GET /metrics {"payload":{}}
2025-12-01 12:07:19.412 [INFO] [API_RESPONSE] [5f7986d8-b478-49f3-9adc-30cd3e4e3d4d] ::ffff:127.0.0.1 [GET] /metrics 2ms 200 Response: GET /metrics 200 2ms {"payload":{}}
2025-12-01T05:07:24.409Z [INFO] [REQUEST_MIDDLEWARE] [410393ea-8a5d-416a-bcca-27de5358e5e3] ::ffff:127.0.0.1 [GET] /metrics Incoming request {"userAgent":"Prometheus/3.7.3"}
2025-12-01 12:07:24.409 [INFO] [API_REQUEST] [410393ea-8a5d-416a-bcca-27de5358e5e3] ::ffff:127.0.0.1 [GET] /metrics Incoming Request: GET /metrics {"payload":{}}
2025-12-01 12:07:24.411 [INFO] [API_RESPONSE] [410393ea-8a5d-416a-bcca-27de5358e5e3] ::ffff:127.0.0.1 [GET] /metrics 2ms 200 Response: GET /metrics 200 2ms {"payload":{}}
2025-12-01T05:07:29.409Z [INFO] [REQUEST_MIDDLEWARE] [a294c67c-9537-4638-8625-af0a7501af06] ::ffff:127.0.0.1 [GET] /metrics Incoming request {"userAgent":"Prometheus/3.7.3"}
2025-12-01 12:07:29.409 [INFO] [API_REQUEST] [a294c67c-9537-4638-8625-af0a7501af06] ::ffff:127.0.0.1 [GET] /metrics Incoming Request: GET /metrics {"payload":{}}
2025-12-01 12:07:29.411 [INFO] [API_RESPONSE] [a294c67c-9537-4638-8625-af0a7501af06] ::ffff:127.0.0.1 [GET] /metrics 2ms 200 Response: GET /metrics 200 2ms {"payload":{}}
2025-12-01T05:07:34.409Z [INFO] [REQUEST_MIDDLEWARE] [e0e707c0-4d6e-42f8-994c-ab860e57ed87] ::ffff:127.0.0.1 [GET] /metrics Incoming request {"userAgent":"Prometheus/3.7.3"}
2025-12-01 12:07:34.409 [INFO] [API_REQUEST] [e0e707c0-4d6e-42f8-994c-ab860e57ed87] ::ffff:127.0.0.1 [GET] /metrics Incoming Request: GET /metrics {"payload":{}}
2025-12-01 12:07:34.411 [INFO] [API_RESPONSE] [e0e707c0-4d6e-42f8-994c-ab860e57ed87] ::ffff:127.0.0.1 [GET] /metrics 2ms 200 Response: GET /metrics 200 2ms {"payload":{}}
2025-12-01T05:07:39.407Z [INFO] [REQUEST_MIDDLEWARE] [f0f41173-41e2-447a-a991-13934e5674ff] ::ffff:127.0.0.1 [GET] /metrics Incoming request {"userAgent":"Prometheus/3.7.3"}
2025-12-01 12:07:39.407 [INFO] [API_REQUEST] [f0f41173-41e2-447a-a991-13934e5674ff] ::ffff:127.0.0.1 [GET] /metrics Incoming Request: GET /metrics {"payload":{}}
2025-12-01 12:07:39.409 [INFO] [API_RESPONSE] [f0f41173-41e2-447a-a991-13934e5674ff] ::ffff:127.0.0.1 [GET] /metrics 2ms 200 Response: GET /metrics 200 2ms {"payload":{}}
2025-12-01T05:07:44.409Z [INFO] [REQUEST_MIDDLEWARE] [ea376131-9988-420e-b6d1-ac8733a6206f] ::ffff:127.0.0.1 [GET] /metrics Incoming request {"userAgent":"Prometheus/3.7.3"}
2025-12-01 12:07:44.409 [INFO] [API_REQUEST] [ea376131-9988-420e-b6d1-ac8733a6206f] ::ffff:127.0.0.1 [GET] /metrics Incoming Request: GET /metrics {"payload":{}}
2025-12-01 12:07:44.411 [INFO] [API_RESPONSE] [ea376131-9988-420e-b6d1-ac8733a6206f] ::ffff:127.0.0.1 [GET] /metrics 2ms 200 Response: GET /metrics 200 2ms {"payload":{}}
2025-12-01T05:07:49.407Z [INFO] [REQUEST_MIDDLEWARE] [33124489-d14d-493d-a748-191462492297] ::ffff:127.0.0.1 [GET] /metrics Incoming request {"userAgent":"Prometheus/3.7.3"}
2025-12-01 12:07:49.408 [INFO] [API_REQUEST] [33124489-d14d-493d-a748-191462492297] ::ffff:127.0.0.1 [GET] /metrics Incoming Request: GET /metrics {"payload":{}}
2025-12-01 12:07:49.409 [INFO] [API_RESPONSE] [33124489-d14d-493d-a748-191462492297] ::ffff:127.0.0.1 [GET] /metrics 1ms 200 Response: GET /metrics 200 1ms {"payload":{}}
2025-12-01T05:07:54.409Z [INFO] [REQUEST_MIDDLEWARE] [1441c282-bcd7-45d4-9c43-760e5be3dd57] ::ffff:127.0.0.1 [GET] /metrics Incoming request {"userAgent":"Prometheus/3.7.3"}
2025-12-01 12:07:54.409 [INFO] [API_REQUEST] [1441c282-bcd7-45d4-9c43-760e5be3dd57] ::ffff:127.0.0.1 [GET] /metrics Incoming Request: GET /metrics {"payload":{}}
2025-12-01 12:07:54.411 [INFO] [API_RESPONSE] [1441c282-bcd7-45d4-9c43-760e5be3dd57] ::ffff:127.0.0.1 [GET] /metrics 2ms 200 Response: GET /metrics 200 2ms {"payload":{}}
2025-12-01T05:07:59.409Z [INFO] [REQUEST_MIDDLEWARE] [f3d14066-78e4-4b4b-a48b-461663f34035] ::ffff:127.0.0.1 [GET] /metrics Incoming request {"userAgent":"Prometheus/3.7.3"}
2025-12-01 12:07:59.409 [INFO] [API_REQUEST] [f3d14066-78e4-4b4b-a48b-461663f34035] ::ffff:127.0.0.1 [GET] /metrics Incoming Request: GET /metrics {"payload":{}}
2025-12-01 12:07:59.411 [INFO] [API_RESPONSE] [f3d14066-78e4-4b4b-a48b-461663f34035] ::ffff:127.0.0.1 [GET] /metrics 2ms 200 Response: GET /metrics 200 2ms {"payload":{}}
2025-12-01T05:08:04.408Z [INFO] [REQUEST_MIDDLEWARE] [90e18193-628c-4fc2-bae9-39d2ccca8681] ::ffff:127.0.0.1 [GET] /metrics Incoming request {"userAgent":"Prometheus/3.7.3"}
2025-12-01 12:08:04.409 [INFO] [API_REQUEST] [90e18193-628c-4fc2-bae9-39d2ccca8681] ::ffff:127.0.0.1 [GET] /metrics Incoming Request: GET /metrics {"payload":{}}
2025-12-01 12:08:04.411 [INFO] [API_RESPONSE] [90e18193-628c-4fc2-bae9-39d2ccca8681] ::ffff:127.0.0.1 [GET] /metrics 2ms 200 Response: GET /metrics 200 2ms {"payload":{}}
2025-12-01T05:08:09.408Z [INFO] [REQUEST_MIDDLEWARE] [0800e557-1e28-447b-ba39-696f07085597] ::ffff:127.0.0.1 [GET] /metrics Incoming request {"userAgent":"Prometheus/3.7.3"}
2025-12-01 12:08:09.409 [INFO] [API_REQUEST] [0800e557-1e28-447b-ba39-696f07085597] ::ffff:127.0.0.1 [GET] /metrics Incoming Request: GET /metrics {"payload":{}}
2025-12-01 12:08:09.410 [INFO] [API_RESPONSE] [0800e557-1e28-447b-ba39-696f07085597] ::ffff:127.0.0.1 [GET] /metrics 1ms 200 Response: GET /metrics 200 1ms {"payload":{}}
2025-12-01T05:08:14.407Z [INFO] [REQUEST_MIDDLEWARE] [b3f89f93-219f-4798-a382-80410ec7ce52] ::ffff:127.0.0.1 [GET] /metrics Incoming request {"userAgent":"Prometheus/3.7.3"}
2025-12-01 12:08:14.408 [INFO] [API_REQUEST] [b3f89f93-219f-4798-a382-80410ec7ce52] ::ffff:127.0.0.1 [GET] /metrics Incoming Request: GET /metrics {"payload":{}}
2025-12-01 12:08:14.409 [INFO] [API_RESPONSE] [b3f89f93-219f-4798-a382-80410ec7ce52] ::ffff:127.0.0.1 [GET] /metrics 1ms 200 Response: GET /metrics 200 1ms {"payload":{}}
2025-12-01T05:08:19.409Z [INFO] [REQUEST_MIDDLEWARE] [e3e1a973-e0fe-4c40-96b8-fed6902bf267] ::ffff:127.0.0.1 [GET] /metrics Incoming request {"userAgent":"Prometheus/3.7.3"}
2025-12-01 12:08:19.409 [INFO] [API_REQUEST] [e3e1a973-e0fe-4c40-96b8-fed6902bf267] ::ffff:127.0.0.1 [GET] /metrics Incoming Request: GET /metrics {"payload":{}}
2025-12-01 12:08:19.411 [INFO] [API_RESPONSE] [e3e1a973-e0fe-4c40-96b8-fed6902bf267] ::ffff:127.0.0.1 [GET] /metrics 2ms 200 Response: GET /metrics 200 2ms {"payload":{}}
2025-12-01T05:08:24.409Z [INFO] [REQUEST_MIDDLEWARE] [02e9aeae-8332-4f13-a50b-ceb07311552f] ::ffff:127.0.0.1 [GET] /metrics Incoming request {"userAgent":"Prometheus/3.7.3"}
2025-12-01 12:08:24.409 [INFO] [API_REQUEST] [02e9aeae-8332-4f13-a50b-ceb07311552f] ::ffff:127.0.0.1 [GET] /metrics Incoming Request: GET /metrics {"payload":{}}
2025-12-01 12:08:24.411 [INFO] [API_RESPONSE] [02e9aeae-8332-4f13-a50b-ceb07311552f] ::ffff:127.0.0.1 [GET] /metrics 2ms 200 Response: GET /metrics 200 2ms {"payload":{}}
2025-12-01T05:08:29.408Z [INFO] [REQUEST_MIDDLEWARE] [b079fdce-204e-4eb2-818c-c77003f6aee0] ::ffff:127.0.0.1 [GET] /metrics Incoming request {"userAgent":"Prometheus/3.7.3"}
2025-12-01 12:08:29.408 [INFO] [API_REQUEST] [b079fdce-204e-4eb2-818c-c77003f6aee0] ::ffff:127.0.0.1 [GET] /metrics Incoming Request: GET /metrics {"payload":{}}
2025-12-01 12:08:29.410 [INFO] [API_RESPONSE] [b079fdce-204e-4eb2-818c-c77003f6aee0] ::ffff:127.0.0.1 [GET] /metrics 2ms 200 Response: GET /metrics 200 2ms {"payload":{}}
2025-12-01T05:08:34.408Z [INFO] [REQUEST_MIDDLEWARE] [e8029469-d92b-430b-bcbd-f1ab748a0bac] ::ffff:127.0.0.1 [GET] /metrics Incoming request {"userAgent":"Prometheus/3.7.3"}
2025-12-01 12:08:34.408 [INFO] [API_REQUEST] [e8029469-d92b-430b-bcbd-f1ab748a0bac] ::ffff:127.0.0.1 [GET] /metrics Incoming Request: GET /metrics {"payload":{}}
2025-12-01 12:08:34.410 [INFO] [API_RESPONSE] [e8029469-d92b-430b-bcbd-f1ab748a0bac] ::ffff:127.0.0.1 [GET] /metrics 2ms 200 Response: GET /metrics 200 2ms {"payload":{}}
2025-12-01T05:08:39.408Z [INFO] [REQUEST_MIDDLEWARE] [93fddac3-9245-4c3a-8e03-c4ba6dfd112a] ::ffff:127.0.0.1 [GET] /metrics Incoming request {"userAgent":"Prometheus/3.7.3"}
2025-12-01 12:08:39.409 [INFO] [API_REQUEST] [93fddac3-9245-4c3a-8e03-c4ba6dfd112a] ::ffff:127.0.0.1 [GET] /metrics Incoming Request: GET /metrics {"payload":{}}
2025-12-01 12:08:39.410 [INFO] [API_RESPONSE] [93fddac3-9245-4c3a-8e03-c4ba6dfd112a] ::ffff:127.0.0.1 [GET] /metrics 1ms 200 Response: GET /metrics 200 1ms {"payload":{}}
2025-12-01T05:08:44.409Z [INFO] [REQUEST_MIDDLEWARE] [95e6e1f4-6105-4aef-b039-fad5746a61a0] ::ffff:127.0.0.1 [GET] /metrics Incoming request {"userAgent":"Prometheus/3.7.3"}
2025-12-01 12:08:44.409 [INFO] [API_REQUEST] [95e6e1f4-6105-4aef-b039-fad5746a61a0] ::ffff:127.0.0.1 [GET] /metrics Incoming Request: GET /metrics {"payload":{}}
2025-12-01 12:08:44.410 [INFO] [API_RESPONSE] [95e6e1f4-6105-4aef-b039-fad5746a61a0] ::ffff:127.0.0.1 [GET] /metrics 1ms 200 Response: GET /metrics 200 1ms {"payload":{}}
2025-12-01T05:08:49.408Z [INFO] [REQUEST_MIDDLEWARE] [f825d79b-c683-4918-8c7c-74bfcaa36f15] ::ffff:127.0.0.1 [GET] /metrics Incoming request {"userAgent":"Prometheus/3.7.3"}
2025-12-01 12:08:49.408 [INFO] [API_REQUEST] [f825d79b-c683-4918-8c7c-74bfcaa36f15] ::ffff:127.0.0.1 [GET] /metrics Incoming Request: GET /metrics {"payload":{}}
2025-12-01 12:08:49.409 [INFO] [API_RESPONSE] [f825d79b-c683-4918-8c7c-74bfcaa36f15] ::ffff:127.0.0.1 [GET] /metrics 1ms 200 Response: GET /metrics 200 1ms {"payload":{}}
2025-12-01T05:08:54.408Z [INFO] [REQUEST_MIDDLEWARE] [2d8a9823-c2d9-4322-9580-d315586c70d4] ::ffff:127.0.0.1 [GET] /metrics Incoming request {"userAgent":"Prometheus/3.7.3"}
2025-12-01 12:08:54.408 [INFO] [API_REQUEST] [2d8a9823-c2d9-4322-9580-d315586c70d4] ::ffff:127.0.0.1 [GET] /metrics Incoming Request: GET /metrics {"payload":{}}
2025-12-01 12:08:54.410 [INFO] [API_RESPONSE] [2d8a9823-c2d9-4322-9580-d315586c70d4] ::ffff:127.0.0.1 [GET] /metrics 2ms 200 Response: GET /metrics 200 2ms {"payload":{}}
2025-12-01T05:08:59.407Z [INFO] [REQUEST_MIDDLEWARE] [deac9951-719d-4b1d-9936-325dad051318] ::ffff:127.0.0.1 [GET] /metrics Incoming request {"userAgent":"Prometheus/3.7.3"}
2025-12-01 12:08:59.407 [INFO] [API_REQUEST] [deac9951-719d-4b1d-9936-325dad051318] ::ffff:127.0.0.1 [GET] /metrics Incoming Request: GET /metrics {"payload":{}}
2025-12-01 12:08:59.409 [INFO] [API_RESPONSE] [deac9951-719d-4b1d-9936-325dad051318] ::ffff:127.0.0.1 [GET] /metrics 2ms 200 Response: GET /metrics 200 2ms {"payload":{}}
2025-12-01T05:09:04.407Z [INFO] [REQUEST_MIDDLEWARE] [1a382a90-2093-49e9-86d8-a6949c443a74] ::ffff:127.0.0.1 [GET] /metrics Incoming request {"userAgent":"Prometheus/3.7.3"}
2025-12-01 12:09:04.408 [INFO] [API_REQUEST] [1a382a90-2093-49e9-86d8-a6949c443a74] ::ffff:127.0.0.1 [GET] /metrics Incoming Request: GET /metrics {"payload":{}}
2025-12-01 12:09:04.409 [INFO] [API_RESPONSE] [1a382a90-2093-49e9-86d8-a6949c443a74] ::ffff:127.0.0.1 [GET] /metrics 1ms 200 Response: GET /metrics 200 1ms {"payload":{}}
2025-12-01T05:09:09.408Z [INFO] [REQUEST_MIDDLEWARE] [9d32a64e-5cdc-4c70-a78f-dbd7780cbaf0] ::ffff:127.0.0.1 [GET] /metrics Incoming request {"userAgent":"Prometheus/3.7.3"}
2025-12-01 12:09:09.409 [INFO] [API_REQUEST] [9d32a64e-5cdc-4c70-a78f-dbd7780cbaf0] ::ffff:127.0.0.1 [GET] /metrics Incoming Request: GET /metrics {"payload":{}}
2025-12-01 12:09:09.410 [INFO] [API_RESPONSE] [9d32a64e-5cdc-4c70-a78f-dbd7780cbaf0] ::ffff:127.0.0.1 [GET] /metrics 1ms 200 Response: GET /metrics 200 1ms {"payload":{}}
2025-12-01T05:09:14.407Z [INFO] [REQUEST_MIDDLEWARE] [240eda0a-923b-49fb-9468-1f854cf2c1c7] ::ffff:127.0.0.1 [GET] /metrics Incoming request {"userAgent":"Prometheus/3.7.3"}
2025-12-01 12:09:14.408 [INFO] [API_REQUEST] [240eda0a-923b-49fb-9468-1f854cf2c1c7] ::ffff:127.0.0.1 [GET] /metrics Incoming Request: GET /metrics {"payload":{}}
2025-12-01 12:09:14.410 [INFO] [API_RESPONSE] [240eda0a-923b-49fb-9468-1f854cf2c1c7] ::ffff:127.0.0.1 [GET] /metrics 2ms 200 Response: GET /metrics 200 2ms {"payload":{}}
2025-12-01T05:09:19.408Z [INFO] [REQUEST_MIDDLEWARE] [cf49bd93-ea6f-4029-a137-9f2b43943303] ::ffff:127.0.0.1 [GET] /metrics Incoming request {"userAgent":"Prometheus/3.7.3"}
2025-12-01 12:09:19.408 [INFO] [API_REQUEST] [cf49bd93-ea6f-4029-a137-9f2b43943303] ::ffff:127.0.0.1 [GET] /metrics Incoming Request: GET /metrics {"payload":{}}
2025-12-01 12:09:19.410 [INFO] [API_RESPONSE] [cf49bd93-ea6f-4029-a137-9f2b43943303] ::ffff:127.0.0.1 [GET] /metrics 2ms 200 Response: GET /metrics 200 2ms {"payload":{}}
2025-12-01T05:09:24.408Z [INFO] [REQUEST_MIDDLEWARE] [10d3373d-8428-4732-a808-c6dcaf72ecc9] ::ffff:127.0.0.1 [GET] /metrics Incoming request {"userAgent":"Prometheus/3.7.3"}
2025-12-01 12:09:24.408 [INFO] [API_REQUEST] [10d3373d-8428-4732-a808-c6dcaf72ecc9] ::ffff:127.0.0.1 [GET] /metrics Incoming Request: GET /metrics {"payload":{}}
2025-12-01 12:09:24.410 [INFO] [API_RESPONSE] [10d3373d-8428-4732-a808-c6dcaf72ecc9] ::ffff:127.0.0.1 [GET] /metrics 2ms 200 Response: GET /metrics 200 2ms {"payload":{}}
2025-12-01T05:09:29.408Z [INFO] [REQUEST_MIDDLEWARE] [53899de9-15ef-4f2f-8d4f-b76eac42c01f] ::ffff:127.0.0.1 [GET] /metrics Incoming request {"userAgent":"Prometheus/3.7.3"}
2025-12-01 12:09:29.409 [INFO] [API_REQUEST] [53899de9-15ef-4f2f-8d4f-b76eac42c01f] ::ffff:127.0.0.1 [GET] /metrics Incoming Request: GET /metrics {"payload":{}}
2025-12-01 12:09:29.410 [INFO] [API_RESPONSE] [53899de9-15ef-4f2f-8d4f-b76eac42c01f] ::ffff:127.0.0.1 [GET] /metrics 1ms 200 Response: GET /metrics 200 1ms {"payload":{}}
2025-12-01T05:09:34.408Z [INFO] [REQUEST_MIDDLEWARE] [014b460c-d587-49e1-af85-2bca471372a5] ::ffff:127.0.0.1 [GET] /metrics Incoming request {"userAgent":"Prometheus/3.7.3"}
2025-12-01 12:09:34.408 [INFO] [API_REQUEST] [014b460c-d587-49e1-af85-2bca471372a5] ::ffff:127.0.0.1 [GET] /metrics Incoming Request: GET /metrics {"payload":{}}
2025-12-01 12:09:34.410 [INFO] [API_RESPONSE] [014b460c-d587-49e1-af85-2bca471372a5] ::ffff:127.0.0.1 [GET] /metrics 2ms 200 Response: GET /metrics 200 2ms {"payload":{}}
2025-12-01T05:09:39.407Z [INFO] [REQUEST_MIDDLEWARE] [3f9dc24d-3b87-4ef3-bd39-45db3b65775c] ::ffff:127.0.0.1 [GET] /metrics Incoming request {"userAgent":"Prometheus/3.7.3"}
2025-12-01 12:09:39.407 [INFO] [API_REQUEST] [3f9dc24d-3b87-4ef3-bd39-45db3b65775c] ::ffff:127.0.0.1 [GET] /metrics Incoming Request: GET /metrics {"payload":{}}
2025-12-01 12:09:39.409 [INFO] [API_RESPONSE] [3f9dc24d-3b87-4ef3-bd39-45db3b65775c] ::ffff:127.0.0.1 [GET] /metrics 2ms 200 Response: GET /metrics 200 2ms {"payload":{}}
2025-12-01T05:09:44.407Z [INFO] [REQUEST_MIDDLEWARE] [067da269-56af-4eec-89e7-595b54ba6133] ::ffff:127.0.0.1 [GET] /metrics Incoming request {"userAgent":"Prometheus/3.7.3"}
2025-12-01 12:09:44.407 [INFO] [API_REQUEST] [067da269-56af-4eec-89e7-595b54ba6133] ::ffff:127.0.0.1 [GET] /metrics Incoming Request: GET /metrics {"payload":{}}
2025-12-01 12:09:44.408 [INFO] [API_RESPONSE] [067da269-56af-4eec-89e7-595b54ba6133] ::ffff:127.0.0.1 [GET] /metrics 1ms 200 Response: GET /metrics 200 1ms {"payload":{}}
2025-12-01T05:09:49.410Z [INFO] [REQUEST_MIDDLEWARE] [e3d50027-1a65-4b52-9ace-cae2577fcb09] ::ffff:127.0.0.1 [GET] /metrics Incoming request {"userAgent":"Prometheus/3.7.3"}
2025-12-01 12:09:49.411 [INFO] [API_REQUEST] [e3d50027-1a65-4b52-9ace-cae2577fcb09] ::ffff:127.0.0.1 [GET] /metrics Incoming Request: GET /metrics {"payload":{}}
2025-12-01 12:09:49.417 [INFO] [API_RESPONSE] [e3d50027-1a65-4b52-9ace-cae2577fcb09] ::ffff:127.0.0.1 [GET] /metrics 6ms 200 Response: GET /metrics 200 6ms {"payload":{}}
2025-12-01T05:09:54.407Z [INFO] [REQUEST_MIDDLEWARE] [a51b33a7-bf5d-454c-b892-5655adf0be73] ::ffff:127.0.0.1 [GET] /metrics Incoming request {"userAgent":"Prometheus/3.7.3"}
2025-12-01 12:09:54.407 [INFO] [API_REQUEST] [a51b33a7-bf5d-454c-b892-5655adf0be73] ::ffff:127.0.0.1 [GET] /metrics Incoming Request: GET /metrics {"payload":{}}
2025-12-01 12:09:54.409 [INFO] [API_RESPONSE] [a51b33a7-bf5d-454c-b892-5655adf0be73] ::ffff:127.0.0.1 [GET] /metrics 2ms 200 Response: GET /metrics 200 2ms {"payload":{}}
2025-12-01T05:09:59.408Z [INFO] [REQUEST_MIDDLEWARE] [a71189d2-36c7-4704-ab0f-7c831fd97943] ::ffff:127.0.0.1 [GET] /metrics Incoming request {"userAgent":"Prometheus/3.7.3"}
2025-12-01 12:09:59.408 [INFO] [API_REQUEST] [a71189d2-36c7-4704-ab0f-7c831fd97943] ::ffff:127.0.0.1 [GET] /metrics Incoming Request: GET /metrics {"payload":{}}
2025-12-01 12:09:59.410 [INFO] [API_RESPONSE] [a71189d2-36c7-4704-ab0f-7c831fd97943] ::ffff:127.0.0.1 [GET] /metrics 2ms 200 Response: GET /metrics 200 2ms {"payload":{}}
2025-12-01T05:10:04.407Z [INFO] [REQUEST_MIDDLEWARE] [6a5697c5-867f-4194-a657-106f9de23687] ::ffff:127.0.0.1 [GET] /metrics Incoming request {"userAgent":"Prometheus/3.7.3"}
2025-12-01 12:10:04.408 [INFO] [API_REQUEST] [6a5697c5-867f-4194-a657-106f9de23687] ::ffff:127.0.0.1 [GET] /metrics Incoming Request: GET /metrics {"payload":{}}
2025-12-01 12:10:04.410 [INFO] [API_RESPONSE] [6a5697c5-867f-4194-a657-106f9de23687] ::ffff:127.0.0.1 [GET] /metrics 1ms 200 Response: GET /metrics 200 1ms {"payload":{}}
2025-12-01T05:10:09.410Z [INFO] [REQUEST_MIDDLEWARE] [156b1ad2-4d93-4955-add7-8b3282023764] ::ffff:127.0.0.1 [GET] /metrics Incoming request {"userAgent":"Prometheus/3.7.3"}
2025-12-01 12:10:09.411 [INFO] [API_REQUEST] [156b1ad2-4d93-4955-add7-8b3282023764] ::ffff:127.0.0.1 [GET] /metrics Incoming Request: GET /metrics {"payload":{}}
2025-12-01 12:10:09.412 [INFO] [API_RESPONSE] [156b1ad2-4d93-4955-add7-8b3282023764] ::ffff:127.0.0.1 [GET] /metrics 1ms 200 Response: GET /metrics 200 1ms {"payload":{}}
2025-12-01T05:10:14.408Z [INFO] [REQUEST_MIDDLEWARE] [fa229741-d9e3-40a0-9c64-445c02a59bfa] ::ffff:127.0.0.1 [GET] /metrics Incoming request {"userAgent":"Prometheus/3.7.3"}
2025-12-01 12:10:14.408 [INFO] [API_REQUEST] [fa229741-d9e3-40a0-9c64-445c02a59bfa] ::ffff:127.0.0.1 [GET] /metrics Incoming Request: GET /metrics {"payload":{}}
2025-12-01 12:10:14.410 [INFO] [API_RESPONSE] [fa229741-d9e3-40a0-9c64-445c02a59bfa] ::ffff:127.0.0.1 [GET] /metrics 2ms 200 Response: GET /metrics 200 2ms {"payload":{}}
2025-12-01T05:10:19.408Z [INFO] [REQUEST_MIDDLEWARE] [9192a1cc-78d8-4440-983f-0383a3a29d29] ::ffff:127.0.0.1 [GET] /metrics Incoming request {"userAgent":"Prometheus/3.7.3"}
2025-12-01 12:10:19.409 [INFO] [API_REQUEST] [9192a1cc-78d8-4440-983f-0383a3a29d29] ::ffff:127.0.0.1 [GET] /metrics Incoming Request: GET /metrics {"payload":{}}
2025-12-01 12:10:19.410 [INFO] [API_RESPONSE] [9192a1cc-78d8-4440-983f-0383a3a29d29] ::ffff:127.0.0.1 [GET] /metrics 1ms 200 Response: GET /metrics 200 1ms {"payload":{}}
2025-12-01T05:10:24.408Z [INFO] [REQUEST_MIDDLEWARE] [5a207795-312e-4688-a7bb-9dcd5150e041] ::ffff:127.0.0.1 [GET] /metrics Incoming request {"userAgent":"Prometheus/3.7.3"}
2025-12-01 12:10:24.408 [INFO] [API_REQUEST] [5a207795-312e-4688-a7bb-9dcd5150e041] ::ffff:127.0.0.1 [GET] /metrics Incoming Request: GET /metrics {"payload":{}}
2025-12-01 12:10:24.410 [INFO] [API_RESPONSE] [5a207795-312e-4688-a7bb-9dcd5150e041] ::ffff:127.0.0.1 [GET] /metrics 2ms 200 Response: GET /metrics 200 2ms {"payload":{}}
2025-12-01T05:10:29.408Z [INFO] [REQUEST_MIDDLEWARE] [97e069c1-f6a0-4a7f-a7c6-5d84a59f974e] ::ffff:127.0.0.1 [GET] /metrics Incoming request {"userAgent":"Prometheus/3.7.3"}
2025-12-01 12:10:29.408 [INFO] [API_REQUEST] [97e069c1-f6a0-4a7f-a7c6-5d84a59f974e] ::ffff:127.0.0.1 [GET] /metrics Incoming Request: GET /metrics {"payload":{}}
2025-12-01 12:10:29.410 [INFO] [API_RESPONSE] [97e069c1-f6a0-4a7f-a7c6-5d84a59f974e] ::ffff:127.0.0.1 [GET] /metrics 2ms 200 Response: GET /metrics 200 2ms {"payload":{}}
2025-12-01T05:10:34.408Z [INFO] [REQUEST_MIDDLEWARE] [70053fb6-c20d-4b44-ad99-6351c570eb78] ::ffff:127.0.0.1 [GET] /metrics Incoming request {"userAgent":"Prometheus/3.7.3"}
2025-12-01 12:10:34.408 [INFO] [API_REQUEST] [70053fb6-c20d-4b44-ad99-6351c570eb78] ::ffff:127.0.0.1 [GET] /metrics Incoming Request: GET /metrics {"payload":{}}
2025-12-01 12:10:34.410 [INFO] [API_RESPONSE] [70053fb6-c20d-4b44-ad99-6351c570eb78] ::ffff:127.0.0.1 [GET] /metrics 2ms 200 Response: GET /metrics 200 2ms {"payload":{}}
2025-12-01T05:10:39.407Z [INFO] [REQUEST_MIDDLEWARE] [f94cf2e9-07a2-48cc-9214-0ff29ab73fc8] ::ffff:127.0.0.1 [GET] /metrics Incoming request {"userAgent":"Prometheus/3.7.3"}
2025-12-01 12:10:39.408 [INFO] [API_REQUEST] [f94cf2e9-07a2-48cc-9214-0ff29ab73fc8] ::ffff:127.0.0.1 [GET] /metrics Incoming Request: GET /metrics {"payload":{}}
2025-12-01 12:10:39.409 [INFO] [API_RESPONSE] [f94cf2e9-07a2-48cc-9214-0ff29ab73fc8] ::ffff:127.0.0.1 [GET] /metrics 1ms 200 Response: GET /metrics 200 1ms {"payload":{}}
2025-12-01T05:10:44.408Z [INFO] [REQUEST_MIDDLEWARE] [e74c89f5-9cbf-440f-a034-ed86cacd0048] ::ffff:127.0.0.1 [GET] /metrics Incoming request {"userAgent":"Prometheus/3.7.3"}
2025-12-01 12:10:44.408 [INFO] [API_REQUEST] [e74c89f5-9cbf-440f-a034-ed86cacd0048] ::ffff:127.0.0.1 [GET] /metrics Incoming Request: GET /metrics {"payload":{}}
2025-12-01 12:10:44.410 [INFO] [API_RESPONSE] [e74c89f5-9cbf-440f-a034-ed86cacd0048] ::ffff:127.0.0.1 [GET] /metrics 2ms 200 Response: GET /metrics 200 2ms {"payload":{}}
2025-12-01T05:10:49.408Z [INFO] [REQUEST_MIDDLEWARE] [9eb668fc-c241-41be-9eef-d0722319d729] ::ffff:127.0.0.1 [GET] /metrics Incoming request {"userAgent":"Prometheus/3.7.3"}
2025-12-01 12:10:49.408 [INFO] [API_REQUEST] [9eb668fc-c241-41be-9eef-d0722319d729] ::ffff:127.0.0.1 [GET] /metrics Incoming Request: GET /metrics {"payload":{}}
2025-12-01 12:10:49.410 [INFO] [API_RESPONSE] [9eb668fc-c241-41be-9eef-d0722319d729] ::ffff:127.0.0.1 [GET] /metrics 2ms 200 Response: GET /metrics 200 2ms {"payload":{}}
2025-12-01T05:10:54.408Z [INFO] [REQUEST_MIDDLEWARE] [5b145d31-f512-4bd8-bb31-6479e1a750df] ::ffff:127.0.0.1 [GET] /metrics Incoming request {"userAgent":"Prometheus/3.7.3"}
2025-12-01 12:10:54.408 [INFO] [API_REQUEST] [5b145d31-f512-4bd8-bb31-6479e1a750df] ::ffff:127.0.0.1 [GET] /metrics Incoming Request: GET /metrics {"payload":{}}
2025-12-01 12:10:54.410 [INFO] [API_RESPONSE] [5b145d31-f512-4bd8-bb31-6479e1a750df] ::ffff:127.0.0.1 [GET] /metrics 2ms 200 Response: GET /metrics 200 2ms {"payload":{}}
2025-12-01T05:10:59.408Z [INFO] [REQUEST_MIDDLEWARE] [80de80ef-824b-47df-82c2-46888345c709] ::ffff:127.0.0.1 [GET] /metrics Incoming request {"userAgent":"Prometheus/3.7.3"}
2025-12-01 12:10:59.409 [INFO] [API_REQUEST] [80de80ef-824b-47df-82c2-46888345c709] ::ffff:127.0.0.1 [GET] /metrics Incoming Request: GET /metrics {"payload":{}}
2025-12-01 12:10:59.411 [INFO] [API_RESPONSE] [80de80ef-824b-47df-82c2-46888345c709] ::ffff:127.0.0.1 [GET] /metrics 2ms 200 Response: GET /metrics 200 2ms {"payload":{}}
2025-12-01T05:11:04.408Z [INFO] [REQUEST_MIDDLEWARE] [06d720c8-2313-4ad7-9256-3b7919b770fc] ::ffff:127.0.0.1 [GET] /metrics Incoming request {"userAgent":"Prometheus/3.7.3"}
2025-12-01 12:11:04.409 [INFO] [API_REQUEST] [06d720c8-2313-4ad7-9256-3b7919b770fc] ::ffff:127.0.0.1 [GET] /metrics Incoming Request: GET /metrics {"payload":{}}
2025-12-01 12:11:04.410 [INFO] [API_RESPONSE] [06d720c8-2313-4ad7-9256-3b7919b770fc] ::ffff:127.0.0.1 [GET] /metrics 1ms 200 Response: GET /metrics 200 1ms {"payload":{}}
2025-12-01T05:11:09.408Z [INFO] [REQUEST_MIDDLEWARE] [6df008c4-0a93-4dbc-aeaf-46a45dd1569d] ::ffff:127.0.0.1 [GET] /metrics Incoming request {"userAgent":"Prometheus/3.7.3"}
2025-12-01 12:11:09.409 [INFO] [API_REQUEST] [6df008c4-0a93-4dbc-aeaf-46a45dd1569d] ::ffff:127.0.0.1 [GET] /metrics Incoming Request: GET /metrics {"payload":{}}
2025-12-01 12:11:09.410 [INFO] [API_RESPONSE] [6df008c4-0a93-4dbc-aeaf-46a45dd1569d] ::ffff:127.0.0.1 [GET] /metrics 1ms 200 Response: GET /metrics 200 1ms {"payload":{}}
2025-12-01T05:11:14.408Z [INFO] [REQUEST_MIDDLEWARE] [633788be-a1c3-440d-aa6b-f88a5c63e27d] ::ffff:127.0.0.1 [GET] /metrics Incoming request {"userAgent":"Prometheus/3.7.3"}
2025-12-01 12:11:14.408 [INFO] [API_REQUEST] [633788be-a1c3-440d-aa6b-f88a5c63e27d] ::ffff:127.0.0.1 [GET] /metrics Incoming Request: GET /metrics {"payload":{}}
2025-12-01 12:11:14.410 [INFO] [API_RESPONSE] [633788be-a1c3-440d-aa6b-f88a5c63e27d] ::ffff:127.0.0.1 [GET] /metrics 2ms 200 Response: GET /metrics 200 2ms {"payload":{}}
2025-12-01T05:11:19.407Z [INFO] [REQUEST_MIDDLEWARE] [a82e966f-f422-4535-b48e-a173e1b92267] ::ffff:127.0.0.1 [GET] /metrics Incoming request {"userAgent":"Prometheus/3.7.3"}
2025-12-01 12:11:19.408 [INFO] [API_REQUEST] [a82e966f-f422-4535-b48e-a173e1b92267] ::ffff:127.0.0.1 [GET] /metrics Incoming Request: GET /metrics {"payload":{}}
2025-12-01 12:11:19.410 [INFO] [API_RESPONSE] [a82e966f-f422-4535-b48e-a173e1b92267] ::ffff:127.0.0.1 [GET] /metrics 2ms 200 Response: GET /metrics 200 2ms {"payload":{}}
2025-12-01T05:11:24.408Z [INFO] [REQUEST_MIDDLEWARE] [9c64b7fe-720a-4242-8a69-83eedb7544a1] ::ffff:127.0.0.1 [GET] /metrics Incoming request {"userAgent":"Prometheus/3.7.3"}
2025-12-01 12:11:24.409 [INFO] [API_REQUEST] [9c64b7fe-720a-4242-8a69-83eedb7544a1] ::ffff:127.0.0.1 [GET] /metrics Incoming Request: GET /metrics {"payload":{}}
2025-12-01 12:11:24.410 [INFO] [API_RESPONSE] [9c64b7fe-720a-4242-8a69-83eedb7544a1] ::ffff:127.0.0.1 [GET] /metrics 1ms 200 Response: GET /metrics 200 1ms {"payload":{}}
2025-12-01T05:11:29.410Z [INFO] [REQUEST_MIDDLEWARE] [6d717fdc-bcb9-40c5-ad76-f4db12ea3fea] ::ffff:127.0.0.1 [GET] /metrics Incoming request {"userAgent":"Prometheus/3.7.3"}
2025-12-01 12:11:29.412 [INFO] [API_REQUEST] [6d717fdc-bcb9-40c5-ad76-f4db12ea3fea] ::ffff:127.0.0.1 [GET] /metrics Incoming Request: GET /metrics {"payload":{}}
2025-12-01 12:11:29.419 [INFO] [API_RESPONSE] [6d717fdc-bcb9-40c5-ad76-f4db12ea3fea] ::ffff:127.0.0.1 [GET] /metrics 8ms 200 Response: GET /metrics 200 8ms {"payload":{}}
2025-12-01T05:11:34.409Z [INFO] [REQUEST_MIDDLEWARE] [b54a3ced-a7c6-4e48-99f8-ca47c3ed7a81] ::ffff:127.0.0.1 [GET] /metrics Incoming request {"userAgent":"Prometheus/3.7.3"}
2025-12-01 12:11:34.409 [INFO] [API_REQUEST] [b54a3ced-a7c6-4e48-99f8-ca47c3ed7a81] ::ffff:127.0.0.1 [GET] /metrics Incoming Request: GET /metrics {"payload":{}}
2025-12-01 12:11:34.411 [INFO] [API_RESPONSE] [b54a3ced-a7c6-4e48-99f8-ca47c3ed7a81] ::ffff:127.0.0.1 [GET] /metrics 2ms 200 Response: GET /metrics 200 2ms {"payload":{}}
2025-12-01T05:11:39.407Z [INFO] [REQUEST_MIDDLEWARE] [c814772a-eaa8-4266-8e19-91b05ae7602f] ::ffff:127.0.0.1 [GET] /metrics Incoming request {"userAgent":"Prometheus/3.7.3"}
2025-12-01 12:11:39.407 [INFO] [API_REQUEST] [c814772a-eaa8-4266-8e19-91b05ae7602f] ::ffff:127.0.0.1 [GET] /metrics Incoming Request: GET /metrics {"payload":{}}
2025-12-01 12:11:39.409 [INFO] [API_RESPONSE] [c814772a-eaa8-4266-8e19-91b05ae7602f] ::ffff:127.0.0.1 [GET] /metrics 2ms 200 Response: GET /metrics 200 2ms {"payload":{}}
2025-12-01T05:11:44.408Z [INFO] [REQUEST_MIDDLEWARE] [7863b09e-4ef7-4d13-a4f4-a59ab5368129] ::ffff:127.0.0.1 [GET] /metrics Incoming request {"userAgent":"Prometheus/3.7.3"}
2025-12-01 12:11:44.409 [INFO] [API_REQUEST] [7863b09e-4ef7-4d13-a4f4-a59ab5368129] ::ffff:127.0.0.1 [GET] /metrics Incoming Request: GET /metrics {"payload":{}}
2025-12-01 12:11:44.410 [INFO] [API_RESPONSE] [7863b09e-4ef7-4d13-a4f4-a59ab5368129] ::ffff:127.0.0.1 [GET] /metrics 1ms 200 Response: GET /metrics 200 1ms {"payload":{}}
2025-12-01T05:11:49.407Z [INFO] [REQUEST_MIDDLEWARE] [59dcc74b-4393-418c-994f-d990215f97b9] ::ffff:127.0.0.1 [GET] /metrics Incoming request {"userAgent":"Prometheus/3.7.3"}
2025-12-01 12:11:49.408 [INFO] [API_REQUEST] [59dcc74b-4393-418c-994f-d990215f97b9] ::ffff:127.0.0.1 [GET] /metrics Incoming Request: GET /metrics {"payload":{}}
2025-12-01 12:11:49.409 [INFO] [API_RESPONSE] [59dcc74b-4393-418c-994f-d990215f97b9] ::ffff:127.0.0.1 [GET] /metrics 2ms 200 Response: GET /metrics 200 2ms {"payload":{}}
2025-12-01T05:11:54.408Z [INFO] [REQUEST_MIDDLEWARE] [0ca946c1-a5d6-4696-9c52-8cde771fa627] ::ffff:127.0.0.1 [GET] /metrics Incoming request {"userAgent":"Prometheus/3.7.3"}
2025-12-01 12:11:54.409 [INFO] [API_REQUEST] [0ca946c1-a5d6-4696-9c52-8cde771fa627] ::ffff:127.0.0.1 [GET] /metrics Incoming Request: GET /metrics {"payload":{}}
2025-12-01 12:11:54.410 [INFO] [API_RESPONSE] [0ca946c1-a5d6-4696-9c52-8cde771fa627] ::ffff:127.0.0.1 [GET] /metrics 1ms 200 Response: GET /metrics 200 1ms {"payload":{}}
2025-12-01T05:11:59.408Z [INFO] [REQUEST_MIDDLEWARE] [9f1c9479-3f04-4043-a44a-ec325fbf56e0] ::ffff:127.0.0.1 [GET] /metrics Incoming request {"userAgent":"Prometheus/3.7.3"}
2025-12-01 12:11:59.408 [INFO] [API_REQUEST] [9f1c9479-3f04-4043-a44a-ec325fbf56e0] ::ffff:127.0.0.1 [GET] /metrics Incoming Request: GET /metrics {"payload":{}}
2025-12-01 12:11:59.409 [INFO] [API_RESPONSE] [9f1c9479-3f04-4043-a44a-ec325fbf56e0] ::ffff:127.0.0.1 [GET] /metrics 1ms 200 Response: GET /metrics 200 1ms {"payload":{}}
2025-12-01T05:12:04.408Z [INFO] [REQUEST_MIDDLEWARE] [1ca23e9c-036b-4c0f-9686-fb934d5bd0ba] ::ffff:127.0.0.1 [GET] /metrics Incoming request {"userAgent":"Prometheus/3.7.3"}
2025-12-01 12:12:04.408 [INFO] [API_REQUEST] [1ca23e9c-036b-4c0f-9686-fb934d5bd0ba] ::ffff:127.0.0.1 [GET] /metrics Incoming Request: GET /metrics {"payload":{}}
2025-12-01 12:12:04.410 [INFO] [API_RESPONSE] [1ca23e9c-036b-4c0f-9686-fb934d5bd0ba] ::ffff:127.0.0.1 [GET] /metrics 2ms 200 Response: GET /metrics 200 2ms {"payload":{}}
2025-12-01T05:12:09.407Z [INFO] [REQUEST_MIDDLEWARE] [741e4d7f-0fca-4daf-b05e-fd041c3a3b2b] ::ffff:127.0.0.1 [GET] /metrics Incoming request {"userAgent":"Prometheus/3.7.3"}
2025-12-01 12:12:09.408 [INFO] [API_REQUEST] [741e4d7f-0fca-4daf-b05e-fd041c3a3b2b] ::ffff:127.0.0.1 [GET] /metrics Incoming Request: GET /metrics {"payload":{}}
2025-12-01 12:12:09.409 [INFO] [API_RESPONSE] [741e4d7f-0fca-4daf-b05e-fd041c3a3b2b] ::ffff:127.0.0.1 [GET] /metrics 1ms 200 Response: GET /metrics 200 1ms {"payload":{}}
2025-12-01T05:12:14.408Z [INFO] [REQUEST_MIDDLEWARE] [98f2e4af-197f-4607-a80a-5ed1bd4916c7] ::ffff:127.0.0.1 [GET] /metrics Incoming request {"userAgent":"Prometheus/3.7.3"}
2025-12-01 12:12:14.408 [INFO] [API_REQUEST] [98f2e4af-197f-4607-a80a-5ed1bd4916c7] ::ffff:127.0.0.1 [GET] /metrics Incoming Request: GET /metrics {"payload":{}}
2025-12-01 12:12:14.410 [INFO] [API_RESPONSE] [98f2e4af-197f-4607-a80a-5ed1bd4916c7] ::ffff:127.0.0.1 [GET] /metrics 2ms 200 Response: GET /metrics 200 2ms {"payload":{}}
2025-12-01T05:12:19.408Z [INFO] [REQUEST_MIDDLEWARE] [6e40babe-73c6-4788-8851-92dd9d012bb0] ::ffff:127.0.0.1 [GET] /metrics Incoming request {"userAgent":"Prometheus/3.7.3"}
2025-12-01 12:12:19.408 [INFO] [API_REQUEST] [6e40babe-73c6-4788-8851-92dd9d012bb0] ::ffff:127.0.0.1 [GET] /metrics Incoming Request: GET /metrics {"payload":{}}
2025-12-01 12:12:19.409 [INFO] [API_RESPONSE] [6e40babe-73c6-4788-8851-92dd9d012bb0] ::ffff:127.0.0.1 [GET] /metrics 1ms 200 Response: GET /metrics 200 1ms {"payload":{}}
2025-12-01T05:12:24.408Z [INFO] [REQUEST_MIDDLEWARE] [6257d978-d31b-47a4-8fde-a8601b28f253] ::ffff:127.0.0.1 [GET] /metrics Incoming request {"userAgent":"Prometheus/3.7.3"}
2025-12-01 12:12:24.408 [INFO] [API_REQUEST] [6257d978-d31b-47a4-8fde-a8601b28f253] ::ffff:127.0.0.1 [GET] /metrics Incoming Request: GET /metrics {"payload":{}}
2025-12-01 12:12:24.410 [INFO] [API_RESPONSE] [6257d978-d31b-47a4-8fde-a8601b28f253] ::ffff:127.0.0.1 [GET] /metrics 2ms 200 Response: GET /metrics 200 2ms {"payload":{}}
2025-12-01T05:12:29.408Z [INFO] [REQUEST_MIDDLEWARE] [cda4a7b5-cf34-4001-8df9-170c36df6c52] ::ffff:127.0.0.1 [GET] /metrics Incoming request {"userAgent":"Prometheus/3.7.3"}
2025-12-01 12:12:29.408 [INFO] [API_REQUEST] [cda4a7b5-cf34-4001-8df9-170c36df6c52] ::ffff:127.0.0.1 [GET] /metrics Incoming Request: GET /metrics {"payload":{}}
2025-12-01 12:12:29.410 [INFO] [API_RESPONSE] [cda4a7b5-cf34-4001-8df9-170c36df6c52] ::ffff:127.0.0.1 [GET] /metrics 2ms 200 Response: GET /metrics 200 2ms {"payload":{}}
2025-12-01T05:12:34.407Z [INFO] [REQUEST_MIDDLEWARE] [2d375bf9-eaf4-4b17-8a99-fdc3496c211c] ::ffff:127.0.0.1 [GET] /metrics Incoming request {"userAgent":"Prometheus/3.7.3"}
2025-12-01 12:12:34.408 [INFO] [API_REQUEST] [2d375bf9-eaf4-4b17-8a99-fdc3496c211c] ::ffff:127.0.0.1 [GET] /metrics Incoming Request: GET /metrics {"payload":{}}
2025-12-01 12:12:34.410 [INFO] [API_RESPONSE] [2d375bf9-eaf4-4b17-8a99-fdc3496c211c] ::ffff:127.0.0.1 [GET] /metrics 2ms 200 Response: GET /metrics 200 2ms {"payload":{}}
2025-12-01T05:12:39.407Z [INFO] [REQUEST_MIDDLEWARE] [29888552-d1d2-45ce-90f0-a018293ef3a5] ::ffff:127.0.0.1 [GET] /metrics Incoming request {"userAgent":"Prometheus/3.7.3"}
2025-12-01 12:12:39.407 [INFO] [API_REQUEST] [29888552-d1d2-45ce-90f0-a018293ef3a5] ::ffff:127.0.0.1 [GET] /metrics Incoming Request: GET /metrics {"payload":{}}
2025-12-01 12:12:39.409 [INFO] [API_RESPONSE] [29888552-d1d2-45ce-90f0-a018293ef3a5] ::ffff:127.0.0.1 [GET] /metrics 2ms 200 Response: GET /metrics 200 2ms {"payload":{}}
2025-12-01T05:12:44.408Z [INFO] [REQUEST_MIDDLEWARE] [d62216c3-d3b8-4356-9d70-d3e69e46720c] ::ffff:127.0.0.1 [GET] /metrics Incoming request {"userAgent":"Prometheus/3.7.3"}
2025-12-01 12:12:44.409 [INFO] [API_REQUEST] [d62216c3-d3b8-4356-9d70-d3e69e46720c] ::ffff:127.0.0.1 [GET] /metrics Incoming Request: GET /metrics {"payload":{}}
2025-12-01 12:12:44.411 [INFO] [API_RESPONSE] [d62216c3-d3b8-4356-9d70-d3e69e46720c] ::ffff:127.0.0.1 [GET] /metrics 2ms 200 Response: GET /metrics 200 2ms {"payload":{}}
2025-12-01T05:12:49.408Z [INFO] [REQUEST_MIDDLEWARE] [994abd31-d34f-4902-a915-f2a39a33844d] ::ffff:127.0.0.1 [GET] /metrics Incoming request {"userAgent":"Prometheus/3.7.3"}
2025-12-01 12:12:49.408 [INFO] [API_REQUEST] [994abd31-d34f-4902-a915-f2a39a33844d] ::ffff:127.0.0.1 [GET] /metrics Incoming Request: GET /metrics {"payload":{}}
2025-12-01 12:12:49.409 [INFO] [API_RESPONSE] [994abd31-d34f-4902-a915-f2a39a33844d] ::ffff:127.0.0.1 [GET] /metrics 1ms 200 Response: GET /metrics 200 1ms {"payload":{}}
2025-12-01T05:12:54.408Z [INFO] [REQUEST_MIDDLEWARE] [1f0527a6-8ac1-47dc-a802-e97bfbc4dbdc] ::ffff:127.0.0.1 [GET] /metrics Incoming request {"userAgent":"Prometheus/3.7.3"}
2025-12-01 12:12:54.408 [INFO] [API_REQUEST] [1f0527a6-8ac1-47dc-a802-e97bfbc4dbdc] ::ffff:127.0.0.1 [GET] /metrics Incoming Request: GET /metrics {"payload":{}}
2025-12-01 12:12:54.410 [INFO] [API_RESPONSE] [1f0527a6-8ac1-47dc-a802-e97bfbc4dbdc] ::ffff:127.0.0.1 [GET] /metrics 2ms 200 Response: GET /metrics 200 2ms {"payload":{}}
2025-12-01T05:12:59.408Z [INFO] [REQUEST_MIDDLEWARE] [edd57290-f219-41ed-b391-0b8ca36c0d7a] ::ffff:127.0.0.1 [GET] /metrics Incoming request {"userAgent":"Prometheus/3.7.3"}
2025-12-01 12:12:59.408 [INFO] [API_REQUEST] [edd57290-f219-41ed-b391-0b8ca36c0d7a] ::ffff:127.0.0.1 [GET] /metrics Incoming Request: GET /metrics {"payload":{}}
2025-12-01 12:12:59.410 [INFO] [API_RESPONSE] [edd57290-f219-41ed-b391-0b8ca36c0d7a] ::ffff:127.0.0.1 [GET] /metrics 2ms 200 Response: GET /metrics 200 2ms {"payload":{}}
2025-12-01T05:13:04.408Z [INFO] [REQUEST_MIDDLEWARE] [9976e3c5-344d-48b3-a972-c2a844f2d031] ::ffff:127.0.0.1 [GET] /metrics Incoming request {"userAgent":"Prometheus/3.7.3"}
2025-12-01 12:13:04.409 [INFO] [API_REQUEST] [9976e3c5-344d-48b3-a972-c2a844f2d031] ::ffff:127.0.0.1 [GET] /metrics Incoming Request: GET /metrics {"payload":{}}
2025-12-01 12:13:04.411 [INFO] [API_RESPONSE] [9976e3c5-344d-48b3-a972-c2a844f2d031] ::ffff:127.0.0.1 [GET] /metrics 2ms 200 Response: GET /metrics 200 2ms {"payload":{}}
2025-12-01T05:13:09.408Z [INFO] [REQUEST_MIDDLEWARE] [0dcae63f-e740-4fa5-ba60-d538ac7d9dad] ::ffff:127.0.0.1 [GET] /metrics Incoming request {"userAgent":"Prometheus/3.7.3"}
2025-12-01 12:13:09.409 [INFO] [API_REQUEST] [0dcae63f-e740-4fa5-ba60-d538ac7d9dad] ::ffff:127.0.0.1 [GET] /metrics Incoming Request: GET /metrics {"payload":{}}
2025-12-01 12:13:09.411 [INFO] [API_RESPONSE] [0dcae63f-e740-4fa5-ba60-d538ac7d9dad] ::ffff:127.0.0.1 [GET] /metrics 2ms 200 Response: GET /metrics 200 2ms {"payload":{}}
2025-12-01T05:13:14.408Z [INFO] [REQUEST_MIDDLEWARE] [d82a800b-e794-470e-bb15-33bd7359b24e] ::ffff:127.0.0.1 [GET] /metrics Incoming request {"userAgent":"Prometheus/3.7.3"}
2025-12-01 12:13:14.409 [INFO] [API_REQUEST] [d82a800b-e794-470e-bb15-33bd7359b24e] ::ffff:127.0.0.1 [GET] /metrics Incoming Request: GET /metrics {"payload":{}}
2025-12-01 12:13:14.410 [INFO] [API_RESPONSE] [d82a800b-e794-470e-bb15-33bd7359b24e] ::ffff:127.0.0.1 [GET] /metrics 1ms 200 Response: GET /metrics 200 1ms {"payload":{}}
2025-12-01T05:13:19.409Z [INFO] [REQUEST_MIDDLEWARE] [712d799a-e6e3-41fe-8f05-33598980e4ac] ::ffff:127.0.0.1 [GET] /metrics Incoming request {"userAgent":"Prometheus/3.7.3"}
2025-12-01 12:13:19.410 [INFO] [API_REQUEST] [712d799a-e6e3-41fe-8f05-33598980e4ac] ::ffff:127.0.0.1 [GET] /metrics Incoming Request: GET /metrics {"payload":{}}
2025-12-01 12:13:19.413 [INFO] [API_RESPONSE] [712d799a-e6e3-41fe-8f05-33598980e4ac] ::ffff:127.0.0.1 [GET] /metrics 3ms 200 Response: GET /metrics 200 3ms {"payload":{}}
2025-12-01T05:13:24.408Z [INFO] [REQUEST_MIDDLEWARE] [75fb19ff-8546-4c79-9ea4-d88637e5686b] ::ffff:127.0.0.1 [GET] /metrics Incoming request {"userAgent":"Prometheus/3.7.3"}
2025-12-01 12:13:24.408 [INFO] [API_REQUEST] [75fb19ff-8546-4c79-9ea4-d88637e5686b] ::ffff:127.0.0.1 [GET] /metrics Incoming Request: GET /metrics {"payload":{}}
2025-12-01 12:13:24.410 [INFO] [API_RESPONSE] [75fb19ff-8546-4c79-9ea4-d88637e5686b] ::ffff:127.0.0.1 [GET] /metrics 2ms 200 Response: GET /metrics 200 2ms {"payload":{}}
2025-12-01T05:13:29.407Z [INFO] [REQUEST_MIDDLEWARE] [f2b9216f-db1e-4fbc-9978-529c49eb4d90] ::ffff:127.0.0.1 [GET] /metrics Incoming request {"userAgent":"Prometheus/3.7.3"}
2025-12-01 12:13:29.407 [INFO] [API_REQUEST] [f2b9216f-db1e-4fbc-9978-529c49eb4d90] ::ffff:127.0.0.1 [GET] /metrics Incoming Request: GET /metrics {"payload":{}}
2025-12-01 12:13:29.409 [INFO] [API_RESPONSE] [f2b9216f-db1e-4fbc-9978-529c49eb4d90] ::ffff:127.0.0.1 [GET] /metrics 2ms 200 Response: GET /metrics 200 2ms {"payload":{}}
2025-12-01T05:13:34.408Z [INFO] [REQUEST_MIDDLEWARE] [074f6a08-16f5-4d16-b8a9-fc048c563f4c] ::ffff:127.0.0.1 [GET] /metrics Incoming request {"userAgent":"Prometheus/3.7.3"}
2025-12-01 12:13:34.408 [INFO] [API_REQUEST] [074f6a08-16f5-4d16-b8a9-fc048c563f4c] ::ffff:127.0.0.1 [GET] /metrics Incoming Request: GET /metrics {"payload":{}}
2025-12-01 12:13:34.409 [INFO] [API_RESPONSE] [074f6a08-16f5-4d16-b8a9-fc048c563f4c] ::ffff:127.0.0.1 [GET] /metrics 1ms 200 Response: GET /metrics 200 1ms {"payload":{}}
2025-12-01T05:13:39.407Z [INFO] [REQUEST_MIDDLEWARE] [a8a70aac-6b59-4c1e-8b86-58da1c4fd05b] ::ffff:127.0.0.1 [GET] /metrics Incoming request {"userAgent":"Prometheus/3.7.3"}
2025-12-01 12:13:39.407 [INFO] [API_REQUEST] [a8a70aac-6b59-4c1e-8b86-58da1c4fd05b] ::ffff:127.0.0.1 [GET] /metrics Incoming Request: GET /metrics {"payload":{}}
2025-12-01 12:13:39.410 [INFO] [API_RESPONSE] [a8a70aac-6b59-4c1e-8b86-58da1c4fd05b] ::ffff:127.0.0.1 [GET] /metrics 2ms 200 Response: GET /metrics 200 2ms {"payload":{}}
2025-12-01T05:13:44.408Z [INFO] [REQUEST_MIDDLEWARE] [2bbee7e2-334f-4d52-85a6-def3d9742af1] ::ffff:127.0.0.1 [GET] /metrics Incoming request {"userAgent":"Prometheus/3.7.3"}
2025-12-01 12:13:44.409 [INFO] [API_REQUEST] [2bbee7e2-334f-4d52-85a6-def3d9742af1] ::ffff:127.0.0.1 [GET] /metrics Incoming Request: GET /metrics {"payload":{}}
2025-12-01 12:13:44.411 [INFO] [API_RESPONSE] [2bbee7e2-334f-4d52-85a6-def3d9742af1] ::ffff:127.0.0.1 [GET] /metrics 3ms 200 Response: GET /metrics 200 3ms {"payload":{}}
2025-12-01T05:13:49.408Z [INFO] [REQUEST_MIDDLEWARE] [da6cadc2-709c-4056-b8d3-0a22a87e374a] ::ffff:127.0.0.1 [GET] /metrics Incoming request {"userAgent":"Prometheus/3.7.3"}
2025-12-01 12:13:49.409 [INFO] [API_REQUEST] [da6cadc2-709c-4056-b8d3-0a22a87e374a] ::ffff:127.0.0.1 [GET] /metrics Incoming Request: GET /metrics {"payload":{}}
2025-12-01 12:13:49.410 [INFO] [API_RESPONSE] [da6cadc2-709c-4056-b8d3-0a22a87e374a] ::ffff:127.0.0.1 [GET] /metrics 1ms 200 Response: GET /metrics 200 1ms {"payload":{}}
2025-12-01T05:13:54.408Z [INFO] [REQUEST_MIDDLEWARE] [dc561242-4bdf-41dd-b936-8b94cde9ae2b] ::ffff:127.0.0.1 [GET] /metrics Incoming request {"userAgent":"Prometheus/3.7.3"}
2025-12-01 12:13:54.409 [INFO] [API_REQUEST] [dc561242-4bdf-41dd-b936-8b94cde9ae2b] ::ffff:127.0.0.1 [GET] /metrics Incoming Request: GET /metrics {"payload":{}}
2025-12-01 12:13:54.410 [INFO] [API_RESPONSE] [dc561242-4bdf-41dd-b936-8b94cde9ae2b] ::ffff:127.0.0.1 [GET] /metrics 1ms 200 Response: GET /metrics 200 1ms {"payload":{}}
2025-12-01T05:13:59.408Z [INFO] [REQUEST_MIDDLEWARE] [4076bc50-119a-4222-a13d-866de8e5f572] ::ffff:127.0.0.1 [GET] /metrics Incoming request {"userAgent":"Prometheus/3.7.3"}
2025-12-01 12:13:59.409 [INFO] [API_REQUEST] [4076bc50-119a-4222-a13d-866de8e5f572] ::ffff:127.0.0.1 [GET] /metrics Incoming Request: GET /metrics {"payload":{}}
2025-12-01 12:13:59.411 [INFO] [API_RESPONSE] [4076bc50-119a-4222-a13d-866de8e5f572] ::ffff:127.0.0.1 [GET] /metrics 2ms 200 Response: GET /metrics 200 2ms {"payload":{}}
2025-12-01T05:14:04.409Z [INFO] [REQUEST_MIDDLEWARE] [fe035fad-0b7f-4a49-ab7d-cc99058f7372] ::ffff:127.0.0.1 [GET] /metrics Incoming request {"userAgent":"Prometheus/3.7.3"}
2025-12-01 12:14:04.409 [INFO] [API_REQUEST] [fe035fad-0b7f-4a49-ab7d-cc99058f7372] ::ffff:127.0.0.1 [GET] /metrics Incoming Request: GET /metrics {"payload":{}}
2025-12-01 12:14:04.411 [INFO] [API_RESPONSE] [fe035fad-0b7f-4a49-ab7d-cc99058f7372] ::ffff:127.0.0.1 [GET] /metrics 1ms 200 Response: GET /metrics 200 1ms {"payload":{}}
2025-12-01T05:14:09.408Z [INFO] [REQUEST_MIDDLEWARE] [1ab8e5dd-afd1-44bc-af8e-6a3f568197d5] ::ffff:127.0.0.1 [GET] /metrics Incoming request {"userAgent":"Prometheus/3.7.3"}
2025-12-01 12:14:09.408 [INFO] [API_REQUEST] [1ab8e5dd-afd1-44bc-af8e-6a3f568197d5] ::ffff:127.0.0.1 [GET] /metrics Incoming Request: GET /metrics {"payload":{}}
2025-12-01 12:14:09.410 [INFO] [API_RESPONSE] [1ab8e5dd-afd1-44bc-af8e-6a3f568197d5] ::ffff:127.0.0.1 [GET] /metrics 2ms 200 Response: GET /metrics 200 2ms {"payload":{}}
2025-12-01T05:14:14.407Z [INFO] [REQUEST_MIDDLEWARE] [8037199c-a051-42dd-870f-0065236018cc] ::ffff:127.0.0.1 [GET] /metrics Incoming request {"userAgent":"Prometheus/3.7.3"}
2025-12-01 12:14:14.408 [INFO] [API_REQUEST] [8037199c-a051-42dd-870f-0065236018cc] ::ffff:127.0.0.1 [GET] /metrics Incoming Request: GET /metrics {"payload":{}}
2025-12-01 12:14:14.409 [INFO] [API_RESPONSE] [8037199c-a051-42dd-870f-0065236018cc] ::ffff:127.0.0.1 [GET] /metrics 1ms 200 Response: GET /metrics 200 1ms {"payload":{}}
2025-12-01T05:14:19.408Z [INFO] [REQUEST_MIDDLEWARE] [010bbd12-ba84-4be7-be9f-c207275f035c] ::ffff:127.0.0.1 [GET] /metrics Incoming request {"userAgent":"Prometheus/3.7.3"}
2025-12-01 12:14:19.409 [INFO] [API_REQUEST] [010bbd12-ba84-4be7-be9f-c207275f035c] ::ffff:127.0.0.1 [GET] /metrics Incoming Request: GET /metrics {"payload":{}}
2025-12-01 12:14:19.410 [INFO] [API_RESPONSE] [010bbd12-ba84-4be7-be9f-c207275f035c] ::ffff:127.0.0.1 [GET] /metrics 1ms 200 Response: GET /metrics 200 1ms {"payload":{}}
2025-12-01T05:14:24.409Z [INFO] [REQUEST_MIDDLEWARE] [cbd81334-42c5-4768-9558-1484014b4319] ::ffff:127.0.0.1 [GET] /metrics Incoming request {"userAgent":"Prometheus/3.7.3"}
2025-12-01 12:14:24.410 [INFO] [API_REQUEST] [cbd81334-42c5-4768-9558-1484014b4319] ::ffff:127.0.0.1 [GET] /metrics Incoming Request: GET /metrics {"payload":{}}
2025-12-01 12:14:24.412 [INFO] [API_RESPONSE] [cbd81334-42c5-4768-9558-1484014b4319] ::ffff:127.0.0.1 [GET] /metrics 3ms 200 Response: GET /metrics 200 3ms {"payload":{}}
2025-12-01T05:14:29.408Z [INFO] [REQUEST_MIDDLEWARE] [9e50e2a8-4baa-4e29-b220-54b4e8bf39e0] ::ffff:127.0.0.1 [GET] /metrics Incoming request {"userAgent":"Prometheus/3.7.3"}
2025-12-01 12:14:29.408 [INFO] [API_REQUEST] [9e50e2a8-4baa-4e29-b220-54b4e8bf39e0] ::ffff:127.0.0.1 [GET] /metrics Incoming Request: GET /metrics {"payload":{}}
2025-12-01 12:14:29.410 [INFO] [API_RESPONSE] [9e50e2a8-4baa-4e29-b220-54b4e8bf39e0] ::ffff:127.0.0.1 [GET] /metrics 2ms 200 Response: GET /metrics 200 2ms {"payload":{}}
2025-12-01T05:14:34.409Z [INFO] [REQUEST_MIDDLEWARE] [75353d9f-d8c3-4a44-8c17-0ca06e3efb20] ::ffff:127.0.0.1 [GET] /metrics Incoming request {"userAgent":"Prometheus/3.7.3"}
2025-12-01 12:14:34.409 [INFO] [API_REQUEST] [75353d9f-d8c3-4a44-8c17-0ca06e3efb20] ::ffff:127.0.0.1 [GET] /metrics Incoming Request: GET /metrics {"payload":{}}
2025-12-01 12:14:34.410 [INFO] [API_RESPONSE] [75353d9f-d8c3-4a44-8c17-0ca06e3efb20] ::ffff:127.0.0.1 [GET] /metrics 1ms 200 Response: GET /metrics 200 1ms {"payload":{}}
2025-12-01T05:14:39.408Z [INFO] [REQUEST_MIDDLEWARE] [b6be900d-9c78-46fd-9874-011bbd6bd3d0] ::ffff:127.0.0.1 [GET] /metrics Incoming request {"userAgent":"Prometheus/3.7.3"}
2025-12-01 12:14:39.408 [INFO] [API_REQUEST] [b6be900d-9c78-46fd-9874-011bbd6bd3d0] ::ffff:127.0.0.1 [GET] /metrics Incoming Request: GET /metrics {"payload":{}}
2025-12-01 12:14:39.410 [INFO] [API_RESPONSE] [b6be900d-9c78-46fd-9874-011bbd6bd3d0] ::ffff:127.0.0.1 [GET] /metrics 2ms 200 Response: GET /metrics 200 2ms {"payload":{}}
2025-12-01T05:14:44.408Z [INFO] [REQUEST_MIDDLEWARE] [e1a0abb1-9279-44b5-9008-f731ed53dffb] ::ffff:127.0.0.1 [GET] /metrics Incoming request {"userAgent":"Prometheus/3.7.3"}
2025-12-01 12:14:44.408 [INFO] [API_REQUEST] [e1a0abb1-9279-44b5-9008-f731ed53dffb] ::ffff:127.0.0.1 [GET] /metrics Incoming Request: GET /metrics {"payload":{}}
2025-12-01 12:14:44.410 [INFO] [API_RESPONSE] [e1a0abb1-9279-44b5-9008-f731ed53dffb] ::ffff:127.0.0.1 [GET] /metrics 2ms 200 Response: GET /metrics 200 2ms {"payload":{}}
2025-12-01T05:14:49.408Z [INFO] [REQUEST_MIDDLEWARE] [43cb1e8a-e693-42d8-9c0f-2f7a200c32da] ::ffff:127.0.0.1 [GET] /metrics Incoming request {"userAgent":"Prometheus/3.7.3"}
2025-12-01 12:14:49.409 [INFO] [API_REQUEST] [43cb1e8a-e693-42d8-9c0f-2f7a200c32da] ::ffff:127.0.0.1 [GET] /metrics Incoming Request: GET /metrics {"payload":{}}
2025-12-01 12:14:49.410 [INFO] [API_RESPONSE] [43cb1e8a-e693-42d8-9c0f-2f7a200c32da] ::ffff:127.0.0.1 [GET] /metrics 1ms 200 Response: GET /metrics 200 1ms {"payload":{}}
2025-12-01T05:14:54.409Z [INFO] [REQUEST_MIDDLEWARE] [0375bc3d-cc45-4a1e-b2da-9776ddf0c189] ::ffff:127.0.0.1 [GET] /metrics Incoming request {"userAgent":"Prometheus/3.7.3"}
2025-12-01 12:14:54.410 [INFO] [API_REQUEST] [0375bc3d-cc45-4a1e-b2da-9776ddf0c189] ::ffff:127.0.0.1 [GET] /metrics Incoming Request: GET /metrics {"payload":{}}
2025-12-01 12:14:54.412 [INFO] [API_RESPONSE] [0375bc3d-cc45-4a1e-b2da-9776ddf0c189] ::ffff:127.0.0.1 [GET] /metrics 2ms 200 Response: GET /metrics 200 2ms {"payload":{}}
2025-12-01T05:14:59.408Z [INFO] [REQUEST_MIDDLEWARE] [a8fc2328-4a98-4d5e-9493-b14bc8573f27] ::ffff:127.0.0.1 [GET] /metrics Incoming request {"userAgent":"Prometheus/3.7.3"}
2025-12-01 12:14:59.409 [INFO] [API_REQUEST] [a8fc2328-4a98-4d5e-9493-b14bc8573f27] ::ffff:127.0.0.1 [GET] /metrics Incoming Request: GET /metrics {"payload":{}}
2025-12-01 12:14:59.410 [INFO] [API_RESPONSE] [a8fc2328-4a98-4d5e-9493-b14bc8573f27] ::ffff:127.0.0.1 [GET] /metrics 1ms 200 Response: GET /metrics 200 1ms {"payload":{}}
2025-12-01T05:15:04.408Z [INFO] [REQUEST_MIDDLEWARE] [f08ed913-6ac0-4b07-b661-c9408f616c49] ::ffff:127.0.0.1 [GET] /metrics Incoming request {"userAgent":"Prometheus/3.7.3"}
2025-12-01 12:15:04.408 [INFO] [API_REQUEST] [f08ed913-6ac0-4b07-b661-c9408f616c49] ::ffff:127.0.0.1 [GET] /metrics Incoming Request: GET /metrics {"payload":{}}
2025-12-01 12:15:04.410 [INFO] [API_RESPONSE] [f08ed913-6ac0-4b07-b661-c9408f616c49] ::ffff:127.0.0.1 [GET] /metrics 2ms 200 Response: GET /metrics 200 2ms {"payload":{}}
2025-12-01T05:15:09.410Z [INFO] [REQUEST_MIDDLEWARE] [07f5fc7c-88c8-488e-a145-ce513a32a80b] ::ffff:127.0.0.1 [GET] /metrics Incoming request {"userAgent":"Prometheus/3.7.3"}
2025-12-01 12:15:09.412 [INFO] [API_REQUEST] [07f5fc7c-88c8-488e-a145-ce513a32a80b] ::ffff:127.0.0.1 [GET] /metrics Incoming Request: GET /metrics {"payload":{}}
2025-12-01 12:15:09.415 [INFO] [API_RESPONSE] [07f5fc7c-88c8-488e-a145-ce513a32a80b] ::ffff:127.0.0.1 [GET] /metrics 3ms 200 Response: GET /metrics 200 3ms {"payload":{}}
2025-12-01T05:15:14.407Z [INFO] [REQUEST_MIDDLEWARE] [fbd81b69-9a41-44a2-b43c-24f09bbd3e54] ::ffff:127.0.0.1 [GET] /metrics Incoming request {"userAgent":"Prometheus/3.7.3"}
2025-12-01 12:15:14.408 [INFO] [API_REQUEST] [fbd81b69-9a41-44a2-b43c-24f09bbd3e54] ::ffff:127.0.0.1 [GET] /metrics Incoming Request: GET /metrics {"payload":{}}
2025-12-01 12:15:14.410 [INFO] [API_RESPONSE] [fbd81b69-9a41-44a2-b43c-24f09bbd3e54] ::ffff:127.0.0.1 [GET] /metrics 2ms 200 Response: GET /metrics 200 2ms {"payload":{}}
2025-12-01T05:15:19.408Z [INFO] [REQUEST_MIDDLEWARE] [00bfe3cb-3094-4d58-9be0-399e7ae183d7] ::ffff:127.0.0.1 [GET] /metrics Incoming request {"userAgent":"Prometheus/3.7.3"}
2025-12-01 12:15:19.408 [INFO] [API_REQUEST] [00bfe3cb-3094-4d58-9be0-399e7ae183d7] ::ffff:127.0.0.1 [GET] /metrics Incoming Request: GET /metrics {"payload":{}}
2025-12-01 12:15:19.410 [INFO] [API_RESPONSE] [00bfe3cb-3094-4d58-9be0-399e7ae183d7] ::ffff:127.0.0.1 [GET] /metrics 2ms 200 Response: GET /metrics 200 2ms {"payload":{}}
2025-12-01T05:15:24.409Z [INFO] [REQUEST_MIDDLEWARE] [95fd7a0a-55b2-492e-a0d9-4e2614e51907] ::ffff:127.0.0.1 [GET] /metrics Incoming request {"userAgent":"Prometheus/3.7.3"}
2025-12-01 12:15:24.409 [INFO] [API_REQUEST] [95fd7a0a-55b2-492e-a0d9-4e2614e51907] ::ffff:127.0.0.1 [GET] /metrics Incoming Request: GET /metrics {"payload":{}}
2025-12-01 12:15:24.411 [INFO] [API_RESPONSE] [95fd7a0a-55b2-492e-a0d9-4e2614e51907] ::ffff:127.0.0.1 [GET] /metrics 2ms 200 Response: GET /metrics 200 2ms {"payload":{}}
2025-12-01T05:15:29.409Z [INFO] [REQUEST_MIDDLEWARE] [444199cc-cb4f-41b4-803b-0a81de1b6199] ::ffff:127.0.0.1 [GET] /metrics Incoming request {"userAgent":"Prometheus/3.7.3"}
2025-12-01 12:15:29.409 [INFO] [API_REQUEST] [444199cc-cb4f-41b4-803b-0a81de1b6199] ::ffff:127.0.0.1 [GET] /metrics Incoming Request: GET /metrics {"payload":{}}
2025-12-01 12:15:29.411 [INFO] [API_RESPONSE] [444199cc-cb4f-41b4-803b-0a81de1b6199] ::ffff:127.0.0.1 [GET] /metrics 2ms 200 Response: GET /metrics 200 2ms {"payload":{}}
2025-12-01T05:15:34.409Z [INFO] [REQUEST_MIDDLEWARE] [fbc641c6-3a70-4bc9-90dd-d67627f7219a] ::ffff:127.0.0.1 [GET] /metrics Incoming request {"userAgent":"Prometheus/3.7.3"}
2025-12-01 12:15:34.409 [INFO] [API_REQUEST] [fbc641c6-3a70-4bc9-90dd-d67627f7219a] ::ffff:127.0.0.1 [GET] /metrics Incoming Request: GET /metrics {"payload":{}}
2025-12-01 12:15:34.411 [INFO] [API_RESPONSE] [fbc641c6-3a70-4bc9-90dd-d67627f7219a] ::ffff:127.0.0.1 [GET] /metrics 2ms 200 Response: GET /metrics 200 2ms {"payload":{}}
2025-12-01T05:15:39.407Z [INFO] [REQUEST_MIDDLEWARE] [b95e0039-7b6d-4ecb-9e28-339d22e498f5] ::ffff:127.0.0.1 [GET] /metrics Incoming request {"userAgent":"Prometheus/3.7.3"}
2025-12-01 12:15:39.408 [INFO] [API_REQUEST] [b95e0039-7b6d-4ecb-9e28-339d22e498f5] ::ffff:127.0.0.1 [GET] /metrics Incoming Request: GET /metrics {"payload":{}}
2025-12-01 12:15:39.409 [INFO] [API_RESPONSE] [b95e0039-7b6d-4ecb-9e28-339d22e498f5] ::ffff:127.0.0.1 [GET] /metrics 1ms 200 Response: GET /metrics 200 1ms {"payload":{}}
2025-12-01T05:15:44.408Z [INFO] [REQUEST_MIDDLEWARE] [10498c90-2072-46ce-8e45-30f9d58f549c] ::ffff:127.0.0.1 [GET] /metrics Incoming request {"userAgent":"Prometheus/3.7.3"}
2025-12-01 12:15:44.409 [INFO] [API_REQUEST] [10498c90-2072-46ce-8e45-30f9d58f549c] ::ffff:127.0.0.1 [GET] /metrics Incoming Request: GET /metrics {"payload":{}}
2025-12-01 12:15:44.410 [INFO] [API_RESPONSE] [10498c90-2072-46ce-8e45-30f9d58f549c] ::ffff:127.0.0.1 [GET] /metrics 1ms 200 Response: GET /metrics 200 1ms {"payload":{}}
2025-12-01T05:15:49.408Z [INFO] [REQUEST_MIDDLEWARE] [ad6b7962-8021-4f08-8897-33dde8e70355] ::ffff:127.0.0.1 [GET] /metrics Incoming request {"userAgent":"Prometheus/3.7.3"}
2025-12-01 12:15:49.408 [INFO] [API_REQUEST] [ad6b7962-8021-4f08-8897-33dde8e70355] ::ffff:127.0.0.1 [GET] /metrics Incoming Request: GET /metrics {"payload":{}}
2025-12-01 12:15:49.410 [INFO] [API_RESPONSE] [ad6b7962-8021-4f08-8897-33dde8e70355] ::ffff:127.0.0.1 [GET] /metrics 2ms 200 Response: GET /metrics 200 2ms {"payload":{}}
2025-12-01T05:15:54.408Z [INFO] [REQUEST_MIDDLEWARE] [fc54cd68-0613-4e64-9f63-e998b66beaab] ::ffff:127.0.0.1 [GET] /metrics Incoming request {"userAgent":"Prometheus/3.7.3"}
2025-12-01 12:15:54.409 [INFO] [API_REQUEST] [fc54cd68-0613-4e64-9f63-e998b66beaab] ::ffff:127.0.0.1 [GET] /metrics Incoming Request: GET /metrics {"payload":{}}
2025-12-01 12:15:54.410 [INFO] [API_RESPONSE] [fc54cd68-0613-4e64-9f63-e998b66beaab] ::ffff:127.0.0.1 [GET] /metrics 1ms 200 Response: GET /metrics 200 1ms {"payload":{}}
2025-12-01T05:15:59.408Z [INFO] [REQUEST_MIDDLEWARE] [11832c70-faa2-4a65-92a0-5706ba60fe0d] ::ffff:127.0.0.1 [GET] /metrics Incoming request {"userAgent":"Prometheus/3.7.3"}
2025-12-01 12:15:59.408 [INFO] [API_REQUEST] [11832c70-faa2-4a65-92a0-5706ba60fe0d] ::ffff:127.0.0.1 [GET] /metrics Incoming Request: GET /metrics {"payload":{}}
2025-12-01 12:15:59.410 [INFO] [API_RESPONSE] [11832c70-faa2-4a65-92a0-5706ba60fe0d] ::ffff:127.0.0.1 [GET] /metrics 2ms 200 Response: GET /metrics 200 2ms {"payload":{}}
2025-12-01T05:16:04.408Z [INFO] [REQUEST_MIDDLEWARE] [13a571a4-b4c0-4d35-b6e8-c82b31f19c03] ::ffff:127.0.0.1 [GET] /metrics Incoming request {"userAgent":"Prometheus/3.7.3"}
2025-12-01 12:16:04.409 [INFO] [API_REQUEST] [13a571a4-b4c0-4d35-b6e8-c82b31f19c03] ::ffff:127.0.0.1 [GET] /metrics Incoming Request: GET /metrics {"payload":{}}
2025-12-01 12:16:04.410 [INFO] [API_RESPONSE] [13a571a4-b4c0-4d35-b6e8-c82b31f19c03] ::ffff:127.0.0.1 [GET] /metrics 1ms 200 Response: GET /metrics 200 1ms {"payload":{}}
2025-12-01T05:16:09.412Z [INFO] [REQUEST_MIDDLEWARE] [ff2fe823-ee43-4ff0-b5c0-56766f139594] ::ffff:127.0.0.1 [GET] /metrics Incoming request {"userAgent":"Prometheus/3.7.3"}
2025-12-01 12:16:09.412 [INFO] [API_REQUEST] [ff2fe823-ee43-4ff0-b5c0-56766f139594] ::ffff:127.0.0.1 [GET] /metrics Incoming Request: GET /metrics {"payload":{}}
2025-12-01 12:16:09.414 [INFO] [API_RESPONSE] [ff2fe823-ee43-4ff0-b5c0-56766f139594] ::ffff:127.0.0.1 [GET] /metrics 2ms 200 Response: GET /metrics 200 2ms {"payload":{}}
2025-12-01T05:16:14.407Z [INFO] [REQUEST_MIDDLEWARE] [ed53043a-b818-4761-9518-85adf552cb1c] ::ffff:127.0.0.1 [GET] /metrics Incoming request {"userAgent":"Prometheus/3.7.3"}
2025-12-01 12:16:14.408 [INFO] [API_REQUEST] [ed53043a-b818-4761-9518-85adf552cb1c] ::ffff:127.0.0.1 [GET] /metrics Incoming Request: GET /metrics {"payload":{}}
2025-12-01 12:16:14.409 [INFO] [API_RESPONSE] [ed53043a-b818-4761-9518-85adf552cb1c] ::ffff:127.0.0.1 [GET] /metrics 1ms 200 Response: GET /metrics 200 1ms {"payload":{}}
2025-12-01T05:16:19.409Z [INFO] [REQUEST_MIDDLEWARE] [bb4620c7-75d3-4c56-a2eb-929e13c92847] ::ffff:127.0.0.1 [GET] /metrics Incoming request {"userAgent":"Prometheus/3.7.3"}
2025-12-01 12:16:19.409 [INFO] [API_REQUEST] [bb4620c7-75d3-4c56-a2eb-929e13c92847] ::ffff:127.0.0.1 [GET] /metrics Incoming Request: GET /metrics {"payload":{}}
2025-12-01 12:16:19.411 [INFO] [API_RESPONSE] [bb4620c7-75d3-4c56-a2eb-929e13c92847] ::ffff:127.0.0.1 [GET] /metrics 2ms 200 Response: GET /metrics 200 2ms {"payload":{}}
2025-12-01T05:16:24.410Z [INFO] [REQUEST_MIDDLEWARE] [5fe6e8ba-20d8-43dd-9704-e16cc06f6d7d] ::ffff:127.0.0.1 [GET] /metrics Incoming request {"userAgent":"Prometheus/3.7.3"}
2025-12-01 12:16:24.410 [INFO] [API_REQUEST] [5fe6e8ba-20d8-43dd-9704-e16cc06f6d7d] ::ffff:127.0.0.1 [GET] /metrics Incoming Request: GET /metrics {"payload":{}}
2025-12-01 12:16:24.411 [INFO] [API_RESPONSE] [5fe6e8ba-20d8-43dd-9704-e16cc06f6d7d] ::ffff:127.0.0.1 [GET] /metrics 1ms 200 Response: GET /metrics 200 1ms {"payload":{}}
2025-12-01T05:16:29.409Z [INFO] [REQUEST_MIDDLEWARE] [8c8d887a-72c6-4fd8-bf76-066e5fd6864e] ::ffff:127.0.0.1 [GET] /metrics Incoming request {"userAgent":"Prometheus/3.7.3"}
2025-12-01 12:16:29.409 [INFO] [API_REQUEST] [8c8d887a-72c6-4fd8-bf76-066e5fd6864e] ::ffff:127.0.0.1 [GET] /metrics Incoming Request: GET /metrics {"payload":{}}
2025-12-01 12:16:29.411 [INFO] [API_RESPONSE] [8c8d887a-72c6-4fd8-bf76-066e5fd6864e] ::ffff:127.0.0.1 [GET] /metrics 2ms 200 Response: GET /metrics 200 2ms {"payload":{}}
2025-12-01T05:16:34.409Z [INFO] [REQUEST_MIDDLEWARE] [0ebf63ad-cedd-4663-ae57-2ae7fcbc7c52] ::ffff:127.0.0.1 [GET] /metrics Incoming request {"userAgent":"Prometheus/3.7.3"}
2025-12-01 12:16:34.409 [INFO] [API_REQUEST] [0ebf63ad-cedd-4663-ae57-2ae7fcbc7c52] ::ffff:127.0.0.1 [GET] /metrics Incoming Request: GET /metrics {"payload":{}}
2025-12-01 12:16:34.411 [INFO] [API_RESPONSE] [0ebf63ad-cedd-4663-ae57-2ae7fcbc7c52] ::ffff:127.0.0.1 [GET] /metrics 2ms 200 Response: GET /metrics 200 2ms {"payload":{}}
2025-12-01T05:16:39.408Z [INFO] [REQUEST_MIDDLEWARE] [9c60e340-fd5e-4dcf-9d67-cf7db9a780b2] ::ffff:127.0.0.1 [GET] /metrics Incoming request {"userAgent":"Prometheus/3.7.3"}
2025-12-01 12:16:39.408 [INFO] [API_REQUEST] [9c60e340-fd5e-4dcf-9d67-cf7db9a780b2] ::ffff:127.0.0.1 [GET] /metrics Incoming Request: GET /metrics {"payload":{}}
2025-12-01 12:16:39.410 [INFO] [API_RESPONSE] [9c60e340-fd5e-4dcf-9d67-cf7db9a780b2] ::ffff:127.0.0.1 [GET] /metrics 2ms 200 Response: GET /metrics 200 2ms {"payload":{}}
2025-12-01T05:16:44.409Z [INFO] [REQUEST_MIDDLEWARE] [c58beb44-7f74-4dfa-af43-7d181949d29c] ::ffff:127.0.0.1 [GET] /metrics Incoming request {"userAgent":"Prometheus/3.7.3"}
2025-12-01 12:16:44.409 [INFO] [API_REQUEST] [c58beb44-7f74-4dfa-af43-7d181949d29c] ::ffff:127.0.0.1 [GET] /metrics Incoming Request: GET /metrics {"payload":{}}
2025-12-01 12:16:44.410 [INFO] [API_RESPONSE] [c58beb44-7f74-4dfa-af43-7d181949d29c] ::ffff:127.0.0.1 [GET] /metrics 1ms 200 Response: GET /metrics 200 1ms {"payload":{}}
2025-12-01T05:16:49.411Z [INFO] [REQUEST_MIDDLEWARE] [b1d2c13f-9ec0-4528-8bc4-02787811ebe3] ::ffff:127.0.0.1 [GET] /metrics Incoming request {"userAgent":"Prometheus/3.7.3"}
2025-12-01 12:16:49.412 [INFO] [API_REQUEST] [b1d2c13f-9ec0-4528-8bc4-02787811ebe3] ::ffff:127.0.0.1 [GET] /metrics Incoming Request: GET /metrics {"payload":{}}
2025-12-01 12:16:49.420 [INFO] [API_RESPONSE] [b1d2c13f-9ec0-4528-8bc4-02787811ebe3] ::ffff:127.0.0.1 [GET] /metrics 8ms 200 Response: GET /metrics 200 8ms {"payload":{}}
2025-12-01T05:16:54.409Z [INFO] [REQUEST_MIDDLEWARE] [9002edac-16ed-4bd8-809e-76c90efb157e] ::ffff:127.0.0.1 [GET] /metrics Incoming request {"userAgent":"Prometheus/3.7.3"}
2025-12-01 12:16:54.409 [INFO] [API_REQUEST] [9002edac-16ed-4bd8-809e-76c90efb157e] ::ffff:127.0.0.1 [GET] /metrics Incoming Request: GET /metrics {"payload":{}}
2025-12-01 12:16:54.410 [INFO] [API_RESPONSE] [9002edac-16ed-4bd8-809e-76c90efb157e] ::ffff:127.0.0.1 [GET] /metrics 1ms 200 Response: GET /metrics 200 1ms {"payload":{}}
2025-12-01T05:16:59.409Z [INFO] [REQUEST_MIDDLEWARE] [bdb61223-56cb-4133-849f-e6b353392c2a] ::ffff:127.0.0.1 [GET] /metrics Incoming request {"userAgent":"Prometheus/3.7.3"}
2025-12-01 12:16:59.409 [INFO] [API_REQUEST] [bdb61223-56cb-4133-849f-e6b353392c2a] ::ffff:127.0.0.1 [GET] /metrics Incoming Request: GET /metrics {"payload":{}}
2025-12-01 12:16:59.411 [INFO] [API_RESPONSE] [bdb61223-56cb-4133-849f-e6b353392c2a] ::ffff:127.0.0.1 [GET] /metrics 2ms 200 Response: GET /metrics 200 2ms {"payload":{}}
2025-12-01T05:17:04.409Z [INFO] [REQUEST_MIDDLEWARE] [7a399c66-ef52-43d3-92ab-acfe742b8822] ::ffff:127.0.0.1 [GET] /metrics Incoming request {"userAgent":"Prometheus/3.7.3"}
2025-12-01 12:17:04.409 [INFO] [API_REQUEST] [7a399c66-ef52-43d3-92ab-acfe742b8822] ::ffff:127.0.0.1 [GET] /metrics Incoming Request: GET /metrics {"payload":{}}
2025-12-01 12:17:04.410 [INFO] [API_RESPONSE] [7a399c66-ef52-43d3-92ab-acfe742b8822] ::ffff:127.0.0.1 [GET] /metrics 1ms 200 Response: GET /metrics 200 1ms {"payload":{}}
2025-12-01T05:17:09.409Z [INFO] [REQUEST_MIDDLEWARE] [d9d17005-c2ae-45a0-9f2b-663b085b15e5] ::ffff:127.0.0.1 [GET] /metrics Incoming request {"userAgent":"Prometheus/3.7.3"}
2025-12-01 12:17:09.409 [INFO] [API_REQUEST] [d9d17005-c2ae-45a0-9f2b-663b085b15e5] ::ffff:127.0.0.1 [GET] /metrics Incoming Request: GET /metrics {"payload":{}}
2025-12-01 12:17:09.410 [INFO] [API_RESPONSE] [d9d17005-c2ae-45a0-9f2b-663b085b15e5] ::ffff:127.0.0.1 [GET] /metrics 1ms 200 Response: GET /metrics 200 1ms {"payload":{}}
2025-12-01T05:17:14.410Z [INFO] [REQUEST_MIDDLEWARE] [0be2be42-d435-4296-96ff-edd1d00c9ed4] ::ffff:127.0.0.1 [GET] /metrics Incoming request {"userAgent":"Prometheus/3.7.3"}
2025-12-01 12:17:14.411 [INFO] [API_REQUEST] [0be2be42-d435-4296-96ff-edd1d00c9ed4] ::ffff:127.0.0.1 [GET] /metrics Incoming Request: GET /metrics {"payload":{}}
2025-12-01 12:17:14.413 [INFO] [API_RESPONSE] [0be2be42-d435-4296-96ff-edd1d00c9ed4] ::ffff:127.0.0.1 [GET] /metrics 2ms 200 Response: GET /metrics 200 2ms {"payload":{}}
2025-12-01T05:17:19.408Z [INFO] [REQUEST_MIDDLEWARE] [010cf6fb-9bd4-423f-a656-a00858813451] ::ffff:127.0.0.1 [GET] /metrics Incoming request {"userAgent":"Prometheus/3.7.3"}
2025-12-01 12:17:19.408 [INFO] [API_REQUEST] [010cf6fb-9bd4-423f-a656-a00858813451] ::ffff:127.0.0.1 [GET] /metrics Incoming Request: GET /metrics {"payload":{}}
2025-12-01 12:17:19.410 [INFO] [API_RESPONSE] [010cf6fb-9bd4-423f-a656-a00858813451] ::ffff:127.0.0.1 [GET] /metrics 1ms 200 Response: GET /metrics 200 1ms {"payload":{}}
2025-12-01T05:17:24.408Z [INFO] [REQUEST_MIDDLEWARE] [68b05676-a357-4a06-8145-8be1535a172a] ::ffff:127.0.0.1 [GET] /metrics Incoming request {"userAgent":"Prometheus/3.7.3"}
2025-12-01 12:17:24.409 [INFO] [API_REQUEST] [68b05676-a357-4a06-8145-8be1535a172a] ::ffff:127.0.0.1 [GET] /metrics Incoming Request: GET /metrics {"payload":{}}
2025-12-01 12:17:24.411 [INFO] [API_RESPONSE] [68b05676-a357-4a06-8145-8be1535a172a] ::ffff:127.0.0.1 [GET] /metrics 1ms 200 Response: GET /metrics 200 1ms {"payload":{}}
2025-12-01T05:17:29.408Z [INFO] [REQUEST_MIDDLEWARE] [c54dcd7b-d3a8-48ed-b139-ff40c0f2a3c3] ::ffff:127.0.0.1 [GET] /metrics Incoming request {"userAgent":"Prometheus/3.7.3"}
2025-12-01 12:17:29.408 [INFO] [API_REQUEST] [c54dcd7b-d3a8-48ed-b139-ff40c0f2a3c3] ::ffff:127.0.0.1 [GET] /metrics Incoming Request: GET /metrics {"payload":{}}
2025-12-01 12:17:29.410 [INFO] [API_RESPONSE] [c54dcd7b-d3a8-48ed-b139-ff40c0f2a3c3] ::ffff:127.0.0.1 [GET] /metrics 2ms 200 Response: GET /metrics 200 2ms {"payload":{}}
2025-12-01T05:17:34.409Z [INFO] [REQUEST_MIDDLEWARE] [ef775ef3-7246-48a0-a6c6-7af1bf0a7e85] ::ffff:127.0.0.1 [GET] /metrics Incoming request {"userAgent":"Prometheus/3.7.3"}
2025-12-01 12:17:34.409 [INFO] [API_REQUEST] [ef775ef3-7246-48a0-a6c6-7af1bf0a7e85] ::ffff:127.0.0.1 [GET] /metrics Incoming Request: GET /metrics {"payload":{}}
2025-12-01 12:17:34.412 [INFO] [API_RESPONSE] [ef775ef3-7246-48a0-a6c6-7af1bf0a7e85] ::ffff:127.0.0.1 [GET] /metrics 3ms 200 Response: GET /metrics 200 3ms {"payload":{}}
2025-12-01T05:17:39.407Z [INFO] [REQUEST_MIDDLEWARE] [87233e6d-d631-4702-b668-7465394c2b64] ::ffff:127.0.0.1 [GET] /metrics Incoming request {"userAgent":"Prometheus/3.7.3"}
2025-12-01 12:17:39.407 [INFO] [API_REQUEST] [87233e6d-d631-4702-b668-7465394c2b64] ::ffff:127.0.0.1 [GET] /metrics Incoming Request: GET /metrics {"payload":{}}
2025-12-01 12:17:39.409 [INFO] [API_RESPONSE] [87233e6d-d631-4702-b668-7465394c2b64] ::ffff:127.0.0.1 [GET] /metrics 2ms 200 Response: GET /metrics 200 2ms {"payload":{}}
2025-12-01T05:17:44.409Z [INFO] [REQUEST_MIDDLEWARE] [a1388ec1-a797-4722-89dd-d8caafc14351] ::ffff:127.0.0.1 [GET] /metrics Incoming request {"userAgent":"Prometheus/3.7.3"}
2025-12-01 12:17:44.409 [INFO] [API_REQUEST] [a1388ec1-a797-4722-89dd-d8caafc14351] ::ffff:127.0.0.1 [GET] /metrics Incoming Request: GET /metrics {"payload":{}}
2025-12-01 12:17:44.412 [INFO] [API_RESPONSE] [a1388ec1-a797-4722-89dd-d8caafc14351] ::ffff:127.0.0.1 [GET] /metrics 3ms 200 Response: GET /metrics 200 3ms {"payload":{}}
2025-12-01T05:17:49.409Z [INFO] [REQUEST_MIDDLEWARE] [85d858e8-3017-4041-9865-9b9d3fee2d35] ::ffff:127.0.0.1 [GET] /metrics Incoming request {"userAgent":"Prometheus/3.7.3"}
2025-12-01 12:17:49.409 [INFO] [API_REQUEST] [85d858e8-3017-4041-9865-9b9d3fee2d35] ::ffff:127.0.0.1 [GET] /metrics Incoming Request: GET /metrics {"payload":{}}
2025-12-01 12:17:49.410 [INFO] [API_RESPONSE] [85d858e8-3017-4041-9865-9b9d3fee2d35] ::ffff:127.0.0.1 [GET] /metrics 1ms 200 Response: GET /metrics 200 1ms {"payload":{}}
2025-12-01T05:17:54.407Z [INFO] [REQUEST_MIDDLEWARE] [2c34badf-73a0-49a7-8683-f1a3c1dc454b] ::ffff:127.0.0.1 [GET] /metrics Incoming request {"userAgent":"Prometheus/3.7.3"}
2025-12-01 12:17:54.407 [INFO] [API_REQUEST] [2c34badf-73a0-49a7-8683-f1a3c1dc454b] ::ffff:127.0.0.1 [GET] /metrics Incoming Request: GET /metrics {"payload":{}}
2025-12-01 12:17:54.409 [INFO] [API_RESPONSE] [2c34badf-73a0-49a7-8683-f1a3c1dc454b] ::ffff:127.0.0.1 [GET] /metrics 2ms 200 Response: GET /metrics 200 2ms {"payload":{}}
2025-12-01T05:17:59.409Z [INFO] [REQUEST_MIDDLEWARE] [67ce89ee-ecf3-4fdf-b9a4-9063b2ceb59e] ::ffff:127.0.0.1 [GET] /metrics Incoming request {"userAgent":"Prometheus/3.7.3"}
2025-12-01 12:17:59.409 [INFO] [API_REQUEST] [67ce89ee-ecf3-4fdf-b9a4-9063b2ceb59e] ::ffff:127.0.0.1 [GET] /metrics Incoming Request: GET /metrics {"payload":{}}
2025-12-01 12:17:59.410 [INFO] [API_RESPONSE] [67ce89ee-ecf3-4fdf-b9a4-9063b2ceb59e] ::ffff:127.0.0.1 [GET] /metrics 1ms 200 Response: GET /metrics 200 1ms {"payload":{}}
2025-12-01T05:18:04.408Z [INFO] [REQUEST_MIDDLEWARE] [ed394de2-32d8-43be-935c-bb0db7d2975c] ::ffff:127.0.0.1 [GET] /metrics Incoming request {"userAgent":"Prometheus/3.7.3"}
2025-12-01 12:18:04.409 [INFO] [API_REQUEST] [ed394de2-32d8-43be-935c-bb0db7d2975c] ::ffff:127.0.0.1 [GET] /metrics Incoming Request: GET /metrics {"payload":{}}
2025-12-01 12:18:04.410 [INFO] [API_RESPONSE] [ed394de2-32d8-43be-935c-bb0db7d2975c] ::ffff:127.0.0.1 [GET] /metrics 1ms 200 Response: GET /metrics 200 1ms {"payload":{}}
2025-12-01T05:18:09.408Z [INFO] [REQUEST_MIDDLEWARE] [82a2762e-23b6-4bb7-a8a3-99b6046649e0] ::ffff:127.0.0.1 [GET] /metrics Incoming request {"userAgent":"Prometheus/3.7.3"}
2025-12-01 12:18:09.408 [INFO] [API_REQUEST] [82a2762e-23b6-4bb7-a8a3-99b6046649e0] ::ffff:127.0.0.1 [GET] /metrics Incoming Request: GET /metrics {"payload":{}}
2025-12-01 12:18:09.410 [INFO] [API_RESPONSE] [82a2762e-23b6-4bb7-a8a3-99b6046649e0] ::ffff:127.0.0.1 [GET] /metrics 2ms 200 Response: GET /metrics 200 2ms {"payload":{}}
2025-12-01T05:18:14.407Z [INFO] [REQUEST_MIDDLEWARE] [3cae330d-c9da-4bb2-9b95-a7e9dc1150c0] ::ffff:127.0.0.1 [GET] /metrics Incoming request {"userAgent":"Prometheus/3.7.3"}
2025-12-01 12:18:14.408 [INFO] [API_REQUEST] [3cae330d-c9da-4bb2-9b95-a7e9dc1150c0] ::ffff:127.0.0.1 [GET] /metrics Incoming Request: GET /metrics {"payload":{}}
2025-12-01 12:18:14.409 [INFO] [API_RESPONSE] [3cae330d-c9da-4bb2-9b95-a7e9dc1150c0] ::ffff:127.0.0.1 [GET] /metrics 1ms 200 Response: GET /metrics 200 1ms {"payload":{}}
2025-12-01T05:18:19.409Z [INFO] [REQUEST_MIDDLEWARE] [27b92430-a5f0-49ac-8caa-8b0dd5b4808a] ::ffff:127.0.0.1 [GET] /metrics Incoming request {"userAgent":"Prometheus/3.7.3"}
2025-12-01 12:18:19.409 [INFO] [API_REQUEST] [27b92430-a5f0-49ac-8caa-8b0dd5b4808a] ::ffff:127.0.0.1 [GET] /metrics Incoming Request: GET /metrics {"payload":{}}
2025-12-01 12:18:19.411 [INFO] [API_RESPONSE] [27b92430-a5f0-49ac-8caa-8b0dd5b4808a] ::ffff:127.0.0.1 [GET] /metrics 2ms 200 Response: GET /metrics 200 2ms {"payload":{}}
2025-12-01T05:18:24.409Z [INFO] [REQUEST_MIDDLEWARE] [1ef6d356-9fe1-4f08-a538-fb6caeaffc78] ::ffff:127.0.0.1 [GET] /metrics Incoming request {"userAgent":"Prometheus/3.7.3"}
2025-12-01 12:18:24.409 [INFO] [API_REQUEST] [1ef6d356-9fe1-4f08-a538-fb6caeaffc78] ::ffff:127.0.0.1 [GET] /metrics Incoming Request: GET /metrics {"payload":{}}
2025-12-01 12:18:24.410 [INFO] [API_RESPONSE] [1ef6d356-9fe1-4f08-a538-fb6caeaffc78] ::ffff:127.0.0.1 [GET] /metrics 1ms 200 Response: GET /metrics 200 1ms {"payload":{}}
2025-12-01T05:18:29.407Z [INFO] [REQUEST_MIDDLEWARE] [f82606a4-ab48-456c-bcd8-7d14605339fd] ::ffff:127.0.0.1 [GET] /metrics Incoming request {"userAgent":"Prometheus/3.7.3"}
2025-12-01 12:18:29.407 [INFO] [API_REQUEST] [f82606a4-ab48-456c-bcd8-7d14605339fd] ::ffff:127.0.0.1 [GET] /metrics Incoming Request: GET /metrics {"payload":{}}
2025-12-01 12:18:29.409 [INFO] [API_RESPONSE] [f82606a4-ab48-456c-bcd8-7d14605339fd] ::ffff:127.0.0.1 [GET] /metrics 2ms 200 Response: GET /metrics 200 2ms {"payload":{}}
2025-12-01T05:18:34.408Z [INFO] [REQUEST_MIDDLEWARE] [52045bc8-c1fc-46b4-ab97-d4ddb3aee2b7] ::ffff:127.0.0.1 [GET] /metrics Incoming request {"userAgent":"Prometheus/3.7.3"}
2025-12-01 12:18:34.409 [INFO] [API_REQUEST] [52045bc8-c1fc-46b4-ab97-d4ddb3aee2b7] ::ffff:127.0.0.1 [GET] /metrics Incoming Request: GET /metrics {"payload":{}}
2025-12-01 12:18:34.410 [INFO] [API_RESPONSE] [52045bc8-c1fc-46b4-ab97-d4ddb3aee2b7] ::ffff:127.0.0.1 [GET] /metrics 1ms 200 Response: GET /metrics 200 1ms {"payload":{}}
2025-12-01T05:18:39.407Z [INFO] [REQUEST_MIDDLEWARE] [8dc29687-380e-414f-88bf-d7100490e056] ::ffff:127.0.0.1 [GET] /metrics Incoming request {"userAgent":"Prometheus/3.7.3"}
2025-12-01 12:18:39.407 [INFO] [API_REQUEST] [8dc29687-380e-414f-88bf-d7100490e056] ::ffff:127.0.0.1 [GET] /metrics Incoming Request: GET /metrics {"payload":{}}
2025-12-01 12:18:39.409 [INFO] [API_RESPONSE] [8dc29687-380e-414f-88bf-d7100490e056] ::ffff:127.0.0.1 [GET] /metrics 2ms 200 Response: GET /metrics 200 2ms {"payload":{}}
2025-12-01T05:18:44.408Z [INFO] [REQUEST_MIDDLEWARE] [9f4f3b06-71f0-4a4a-b23c-f756eb10f23f] ::ffff:127.0.0.1 [GET] /metrics Incoming request {"userAgent":"Prometheus/3.7.3"}
2025-12-01 12:18:44.408 [INFO] [API_REQUEST] [9f4f3b06-71f0-4a4a-b23c-f756eb10f23f] ::ffff:127.0.0.1 [GET] /metrics Incoming Request: GET /metrics {"payload":{}}
2025-12-01 12:18:44.410 [INFO] [API_RESPONSE] [9f4f3b06-71f0-4a4a-b23c-f756eb10f23f] ::ffff:127.0.0.1 [GET] /metrics 2ms 200 Response: GET /metrics 200 2ms {"payload":{}}
2025-12-01T05:18:49.408Z [INFO] [REQUEST_MIDDLEWARE] [57146c17-ce88-495e-8c88-1fa3e5042117] ::ffff:127.0.0.1 [GET] /metrics Incoming request {"userAgent":"Prometheus/3.7.3"}
2025-12-01 12:18:49.409 [INFO] [API_REQUEST] [57146c17-ce88-495e-8c88-1fa3e5042117] ::ffff:127.0.0.1 [GET] /metrics Incoming Request: GET /metrics {"payload":{}}
2025-12-01 12:18:49.410 [INFO] [API_RESPONSE] [57146c17-ce88-495e-8c88-1fa3e5042117] ::ffff:127.0.0.1 [GET] /metrics 1ms 200 Response: GET /metrics 200 1ms {"payload":{}}
2025-12-01T05:18:54.408Z [INFO] [REQUEST_MIDDLEWARE] [afa9f2a2-780d-4b76-9b7d-b48f94820f4f] ::ffff:127.0.0.1 [GET] /metrics Incoming request {"userAgent":"Prometheus/3.7.3"}
2025-12-01 12:18:54.409 [INFO] [API_REQUEST] [afa9f2a2-780d-4b76-9b7d-b48f94820f4f] ::ffff:127.0.0.1 [GET] /metrics Incoming Request: GET /metrics {"payload":{}}
2025-12-01 12:18:54.410 [INFO] [API_RESPONSE] [afa9f2a2-780d-4b76-9b7d-b48f94820f4f] ::ffff:127.0.0.1 [GET] /metrics 1ms 200 Response: GET /metrics 200 1ms {"payload":{}}
2025-12-01T05:18:59.408Z [INFO] [REQUEST_MIDDLEWARE] [b78c5458-930a-42d5-b32e-1572f44ef0d3] ::ffff:127.0.0.1 [GET] /metrics Incoming request {"userAgent":"Prometheus/3.7.3"}
2025-12-01 12:18:59.408 [INFO] [API_REQUEST] [b78c5458-930a-42d5-b32e-1572f44ef0d3] ::ffff:127.0.0.1 [GET] /metrics Incoming Request: GET /metrics {"payload":{}}
2025-12-01 12:18:59.410 [INFO] [API_RESPONSE] [b78c5458-930a-42d5-b32e-1572f44ef0d3] ::ffff:127.0.0.1 [GET] /metrics 2ms 200 Response: GET /metrics 200 2ms {"payload":{}}
2025-12-01T05:19:04.408Z [INFO] [REQUEST_MIDDLEWARE] [0982075f-2b44-4815-8a61-f5bbc55543f8] ::ffff:127.0.0.1 [GET] /metrics Incoming request {"userAgent":"Prometheus/3.7.3"}
2025-12-01 12:19:04.409 [INFO] [API_REQUEST] [0982075f-2b44-4815-8a61-f5bbc55543f8] ::ffff:127.0.0.1 [GET] /metrics Incoming Request: GET /metrics {"payload":{}}
2025-12-01 12:19:04.410 [INFO] [API_RESPONSE] [0982075f-2b44-4815-8a61-f5bbc55543f8] ::ffff:127.0.0.1 [GET] /metrics 1ms 200 Response: GET /metrics 200 1ms {"payload":{}}
2025-12-01T05:19:09.409Z [INFO] [REQUEST_MIDDLEWARE] [ef6e77bc-3b9c-410a-82df-78b40102971e] ::ffff:127.0.0.1 [GET] /metrics Incoming request {"userAgent":"Prometheus/3.7.3"}
2025-12-01 12:19:09.409 [INFO] [API_REQUEST] [ef6e77bc-3b9c-410a-82df-78b40102971e] ::ffff:127.0.0.1 [GET] /metrics Incoming Request: GET /metrics {"payload":{}}
2025-12-01 12:19:09.411 [INFO] [API_RESPONSE] [ef6e77bc-3b9c-410a-82df-78b40102971e] ::ffff:127.0.0.1 [GET] /metrics 2ms 200 Response: GET /metrics 200 2ms {"payload":{}}
2025-12-01T05:19:14.408Z [INFO] [REQUEST_MIDDLEWARE] [af1052de-81b9-4e45-a206-15d1a7bbd18a] ::ffff:127.0.0.1 [GET] /metrics Incoming request {"userAgent":"Prometheus/3.7.3"}
2025-12-01 12:19:14.409 [INFO] [API_REQUEST] [af1052de-81b9-4e45-a206-15d1a7bbd18a] ::ffff:127.0.0.1 [GET] /metrics Incoming Request: GET /metrics {"payload":{}}
2025-12-01 12:19:14.410 [INFO] [API_RESPONSE] [af1052de-81b9-4e45-a206-15d1a7bbd18a] ::ffff:127.0.0.1 [GET] /metrics 1ms 200 Response: GET /metrics 200 1ms {"payload":{}}
2025-12-01T05:19:19.408Z [INFO] [REQUEST_MIDDLEWARE] [76449f0d-be91-4515-8dbe-fab5118f774e] ::ffff:127.0.0.1 [GET] /metrics Incoming request {"userAgent":"Prometheus/3.7.3"}
2025-12-01 12:19:19.409 [INFO] [API_REQUEST] [76449f0d-be91-4515-8dbe-fab5118f774e] ::ffff:127.0.0.1 [GET] /metrics Incoming Request: GET /metrics {"payload":{}}
2025-12-01 12:19:19.411 [INFO] [API_RESPONSE] [76449f0d-be91-4515-8dbe-fab5118f774e] ::ffff:127.0.0.1 [GET] /metrics 2ms 200 Response: GET /metrics 200 2ms {"payload":{}}
2025-12-01 12:20:29.963 [INFO] Booking System Server Started
2025-12-01 12:20:29.966 [INFO] API Server: http://localhost:5000
2025-12-01 12:20:29.966 [INFO] Health Check: http://localhost:5000/health
2025-12-01 12:20:29.966 [INFO] Deep Health Check: http://localhost:5000/health/deep
2025-12-01 12:20:29.966 [INFO] Circuit Breaker Status: http://localhost:5000/health/circuits

2025-12-01 12:20:29.975 [INFO] [REDIS] Connecting to Redis...
2025-12-01 12:20:29.996 [INFO] [REDIS] Redis client ready. Host: 127.0.0.1:6379
2025-12-01 12:20:30.018 [INFO] Database connection established successfully. Host: localhost:3307. Database: meetingroombooking
2025-12-01T05:20:33.574Z [INFO] [REQUEST_MIDDLEWARE] [d5502986-2abd-43a7-81ed-c4f2b378d081] ::1 [GET] /api-docs/ Incoming request {"userAgent":"Mozilla/5.0 (Windows NT 10.0; Win64; x64) AppleWebKit/537.36 (KHTML, like Gecko) Chrome/142.0.0.0 Safari/537.36 Edg/142.0.0.0"}
2025-12-01 12:20:33.576 [INFO] [API_REQUEST] [d5502986-2abd-43a7-81ed-c4f2b378d081] ::1 [GET] /api-docs/ Incoming Request: GET /api-docs/ {"payload":{}}
2025-12-01 12:20:33.582 [INFO] [API_RESPONSE] [d5502986-2abd-43a7-81ed-c4f2b378d081] ::1 [GET] /api-docs/ 7ms 304 Response: GET /api-docs/ 304 7ms {"payload":{}}
2025-12-01T05:20:33.629Z [INFO] [REQUEST_MIDDLEWARE] [834d9071-ebb3-4f5f-bdad-c9df56ed4f77] ::1 [GET] /api-docs/swagger-ui.css Incoming request {"userAgent":"Mozilla/5.0 (Windows NT 10.0; Win64; x64) AppleWebKit/537.36 (KHTML, like Gecko) Chrome/142.0.0.0 Safari/537.36 Edg/142.0.0.0"}
2025-12-01 12:20:33.630 [INFO] [API_REQUEST] [834d9071-ebb3-4f5f-bdad-c9df56ed4f77] ::1 [GET] /api-docs/swagger-ui.css Incoming Request: GET /api-docs/swagger-ui.css {"payload":{}}
2025-12-01 12:20:33.633 [INFO] [API_RESPONSE] [834d9071-ebb3-4f5f-bdad-c9df56ed4f77] ::1 [GET] /api-docs/swagger-ui.css 3ms 304 Response: GET /api-docs/swagger-ui.css 304 3ms {"payload":{}}
2025-12-01T05:20:33.634Z [INFO] [REQUEST_MIDDLEWARE] [a65541d0-46cc-4352-bacc-4aa92591e919] ::1 [GET] /api-docs/swagger-ui-bundle.js Incoming request {"userAgent":"Mozilla/5.0 (Windows NT 10.0; Win64; x64) AppleWebKit/537.36 (KHTML, like Gecko) Chrome/142.0.0.0 Safari/537.36 Edg/142.0.0.0"}
2025-12-01 12:20:33.634 [INFO] [API_REQUEST] [a65541d0-46cc-4352-bacc-4aa92591e919] ::1 [GET] /api-docs/swagger-ui-bundle.js Incoming Request: GET /api-docs/swagger-ui-bundle.js {"payload":{}}
2025-12-01 12:20:33.636 [INFO] [API_RESPONSE] [a65541d0-46cc-4352-bacc-4aa92591e919] ::1 [GET] /api-docs/swagger-ui-bundle.js 2ms 304 Response: GET /api-docs/swagger-ui-bundle.js 304 2ms {"payload":{}}
2025-12-01T05:20:33.638Z [INFO] [REQUEST_MIDDLEWARE] [6fbe69b9-96f2-46df-b338-14c6ae627970] ::1 [GET] /api-docs/swagger-ui-standalone-preset.js Incoming request {"userAgent":"Mozilla/5.0 (Windows NT 10.0; Win64; x64) AppleWebKit/537.36 (KHTML, like Gecko) Chrome/142.0.0.0 Safari/537.36 Edg/142.0.0.0"}
2025-12-01 12:20:33.639 [INFO] [API_REQUEST] [6fbe69b9-96f2-46df-b338-14c6ae627970] ::1 [GET] /api-docs/swagger-ui-standalone-preset.js Incoming Request: GET /api-docs/swagger-ui-standalone-preset.js {"payload":{}}
2025-12-01T05:20:33.640Z [INFO] [REQUEST_MIDDLEWARE] [30cbb83c-1696-4b6f-bf8a-fa4cc8061405] ::1 [GET] /api-docs/swagger-ui-init.js Incoming request {"userAgent":"Mozilla/5.0 (Windows NT 10.0; Win64; x64) AppleWebKit/537.36 (KHTML, like Gecko) Chrome/142.0.0.0 Safari/537.36 Edg/142.0.0.0"}
2025-12-01 12:20:33.640 [INFO] [API_REQUEST] [30cbb83c-1696-4b6f-bf8a-fa4cc8061405] ::1 [GET] /api-docs/swagger-ui-init.js Incoming Request: GET /api-docs/swagger-ui-init.js {"payload":{}}
2025-12-01 12:20:33.642 [INFO] [API_RESPONSE] [30cbb83c-1696-4b6f-bf8a-fa4cc8061405] ::1 [GET] /api-docs/swagger-ui-init.js 1ms 304 Response: GET /api-docs/swagger-ui-init.js 304 1ms {"payload":{}}
2025-12-01 12:20:33.643 [INFO] [API_RESPONSE] [6fbe69b9-96f2-46df-b338-14c6ae627970] ::1 [GET] /api-docs/swagger-ui-standalone-preset.js 5ms 304 Response: GET /api-docs/swagger-ui-standalone-preset.js 304 5ms {"payload":{}}
2025-12-01T05:20:34.442Z [INFO] [REQUEST_MIDDLEWARE] [5de3641a-3d0c-45d6-8340-8d396d12c6ee] ::ffff:127.0.0.1 [GET] /metrics Incoming request {"userAgent":"Prometheus/3.7.3"}
2025-12-01 12:20:34.442 [INFO] [API_REQUEST] [5de3641a-3d0c-45d6-8340-8d396d12c6ee] ::ffff:127.0.0.1 [GET] /metrics Incoming Request: GET /metrics {"payload":{}}
2025-12-01 12:20:34.447 [INFO] [API_RESPONSE] [5de3641a-3d0c-45d6-8340-8d396d12c6ee] ::ffff:127.0.0.1 [GET] /metrics 5ms 200 Response: GET /metrics 200 5ms {"payload":{}}
2025-12-01T05:20:39.476Z [INFO] [REQUEST_MIDDLEWARE] [f12ea716-8a01-4517-809a-553c985db64a] ::ffff:127.0.0.1 [GET] /metrics Incoming request {"userAgent":"Prometheus/3.7.3"}
2025-12-01 12:20:39.477 [INFO] [API_REQUEST] [f12ea716-8a01-4517-809a-553c985db64a] ::ffff:127.0.0.1 [GET] /metrics Incoming Request: GET /metrics {"payload":{}}
2025-12-01 12:20:39.480 [INFO] [API_RESPONSE] [f12ea716-8a01-4517-809a-553c985db64a] ::ffff:127.0.0.1 [GET] /metrics 2ms 200 Response: GET /metrics 200 2ms {"payload":{}}
2025-12-01T05:20:43.974Z [INFO] [REQUEST_MIDDLEWARE] [2b1ce411-014b-44ef-ad44-2ccce9989baf] ::1 [POST] /api/auth/login Incoming request {"userAgent":"Mozilla/5.0 (Windows NT 10.0; Win64; x64) AppleWebKit/537.36 (KHTML, like Gecko) Chrome/142.0.0.0 Safari/537.36 Edg/142.0.0.0"}
2025-12-01 12:20:43.975 [INFO] [API_REQUEST] [2b1ce411-014b-44ef-ad44-2ccce9989baf] ::1 [POST] /api/auth/login Incoming Request: POST /api/auth/login {"payload":{}}
2025-12-01 12:20:44.011 [INFO] [API_RESPONSE] [2b1ce411-014b-44ef-ad44-2ccce9989baf] ::1 [POST] /api/auth/login 36ms 200 Response: POST /api/auth/login 200 36ms {"payload":{}}
2025-12-01T05:20:44.166Z [INFO] [REQUEST_MIDDLEWARE] [053e4cb4-ce2e-4adf-87bc-f3dc60f9767a] ::ffff:127.0.0.1 [GET] /metrics Incoming request {"userAgent":"Prometheus/3.7.3"}
2025-12-01 12:20:44.166 [INFO] [API_REQUEST] [053e4cb4-ce2e-4adf-87bc-f3dc60f9767a] ::ffff:127.0.0.1 [GET] /metrics Incoming Request: GET /metrics {"payload":{}}
2025-12-01 12:20:44.168 [INFO] [API_RESPONSE] [053e4cb4-ce2e-4adf-87bc-f3dc60f9767a] ::ffff:127.0.0.1 [GET] /metrics 2ms 200 Response: GET /metrics 200 2ms {"payload":{}}
2025-12-01T05:20:48.831Z [INFO] [REQUEST_MIDDLEWARE] [674670a5-7161-4b1d-8d22-82e6fb04519d] ::ffff:127.0.0.1 [GET] /metrics Incoming request {"userAgent":"Prometheus/3.7.3"}
2025-12-01 12:20:48.831 [INFO] [API_REQUEST] [674670a5-7161-4b1d-8d22-82e6fb04519d] ::ffff:127.0.0.1 [GET] /metrics Incoming Request: GET /metrics {"payload":{}}
2025-12-01 12:20:48.833 [INFO] [API_RESPONSE] [674670a5-7161-4b1d-8d22-82e6fb04519d] ::ffff:127.0.0.1 [GET] /metrics 2ms 200 Response: GET /metrics 200 2ms {"payload":{}}
2025-12-01T05:20:54.101Z [INFO] [REQUEST_MIDDLEWARE] [d796324b-6b8e-4241-a7e0-c69b9bc778a9] ::ffff:127.0.0.1 [GET] /metrics Incoming request {"userAgent":"Prometheus/3.7.3"}
2025-12-01 12:20:54.102 [INFO] [API_REQUEST] [d796324b-6b8e-4241-a7e0-c69b9bc778a9] ::ffff:127.0.0.1 [GET] /metrics Incoming Request: GET /metrics {"payload":{}}
2025-12-01 12:20:54.104 [INFO] [API_RESPONSE] [d796324b-6b8e-4241-a7e0-c69b9bc778a9] ::ffff:127.0.0.1 [GET] /metrics 2ms 200 Response: GET /metrics 200 2ms {"payload":{}}
2025-12-01T05:20:59.556Z [INFO] [REQUEST_MIDDLEWARE] [321675bc-2549-4c04-94d2-c238e7159b77] ::ffff:127.0.0.1 [GET] /metrics Incoming request {"userAgent":"Prometheus/3.7.3"}
2025-12-01 12:20:59.556 [INFO] [API_REQUEST] [321675bc-2549-4c04-94d2-c238e7159b77] ::ffff:127.0.0.1 [GET] /metrics Incoming Request: GET /metrics {"payload":{}}
2025-12-01 12:20:59.559 [INFO] [API_RESPONSE] [321675bc-2549-4c04-94d2-c238e7159b77] ::ffff:127.0.0.1 [GET] /metrics 2ms 200 Response: GET /metrics 200 2ms {"payload":{}}
2025-12-01T05:21:05.003Z [INFO] [REQUEST_MIDDLEWARE] [4ba1aaf9-1a65-4f43-a442-928e5b1ce904] ::ffff:127.0.0.1 [GET] /metrics Incoming request {"userAgent":"Prometheus/3.7.3"}
2025-12-01 12:21:05.005 [INFO] [API_REQUEST] [4ba1aaf9-1a65-4f43-a442-928e5b1ce904] ::ffff:127.0.0.1 [GET] /metrics Incoming Request: GET /metrics {"payload":{}}
2025-12-01 12:21:05.008 [INFO] [API_RESPONSE] [4ba1aaf9-1a65-4f43-a442-928e5b1ce904] ::ffff:127.0.0.1 [GET] /metrics 4ms 200 Response: GET /metrics 200 4ms {"payload":{}}
2025-12-01T05:21:09.618Z [INFO] [REQUEST_MIDDLEWARE] [68607f42-5439-4693-854e-4cd6988f11a2] ::ffff:127.0.0.1 [GET] /metrics Incoming request {"userAgent":"Prometheus/3.7.3"}
2025-12-01 12:21:09.618 [INFO] [API_REQUEST] [68607f42-5439-4693-854e-4cd6988f11a2] ::ffff:127.0.0.1 [GET] /metrics Incoming Request: GET /metrics {"payload":{}}
2025-12-01 12:21:09.620 [INFO] [API_RESPONSE] [68607f42-5439-4693-854e-4cd6988f11a2] ::ffff:127.0.0.1 [GET] /metrics 2ms 200 Response: GET /metrics 200 2ms {"payload":{}}
2025-12-01T05:21:14.230Z [INFO] [REQUEST_MIDDLEWARE] [b755291c-9ee2-426d-9ee3-4e72bd006b40] ::ffff:127.0.0.1 [GET] /metrics Incoming request {"userAgent":"Prometheus/3.7.3"}
2025-12-01 12:21:14.230 [INFO] [API_REQUEST] [b755291c-9ee2-426d-9ee3-4e72bd006b40] ::ffff:127.0.0.1 [GET] /metrics Incoming Request: GET /metrics {"payload":{}}
2025-12-01 12:21:14.232 [INFO] [API_RESPONSE] [b755291c-9ee2-426d-9ee3-4e72bd006b40] ::ffff:127.0.0.1 [GET] /metrics 2ms 200 Response: GET /metrics 200 2ms {"payload":{}}
2025-12-01T05:21:19.192Z [INFO] [REQUEST_MIDDLEWARE] [8e7835a0-26cd-4f57-82d0-6356cc2b78b3] ::ffff:127.0.0.1 [GET] /metrics Incoming request {"userAgent":"Prometheus/3.7.3"}
2025-12-01 12:21:19.193 [INFO] [API_REQUEST] [8e7835a0-26cd-4f57-82d0-6356cc2b78b3] ::ffff:127.0.0.1 [GET] /metrics Incoming Request: GET /metrics {"payload":{}}
2025-12-01 12:21:19.195 [INFO] [API_RESPONSE] [8e7835a0-26cd-4f57-82d0-6356cc2b78b3] ::ffff:127.0.0.1 [GET] /metrics 2ms 200 Response: GET /metrics 200 2ms {"payload":{}}
2025-12-01T05:21:24.199Z [INFO] [REQUEST_MIDDLEWARE] [b907a25f-eb85-47ae-ac81-7717856b4f12] ::ffff:127.0.0.1 [GET] /metrics Incoming request {"userAgent":"Prometheus/3.7.3"}
2025-12-01 12:21:24.199 [INFO] [API_REQUEST] [b907a25f-eb85-47ae-ac81-7717856b4f12] ::ffff:127.0.0.1 [GET] /metrics Incoming Request: GET /metrics {"payload":{}}
2025-12-01 12:21:24.201 [INFO] [API_RESPONSE] [b907a25f-eb85-47ae-ac81-7717856b4f12] ::ffff:127.0.0.1 [GET] /metrics 2ms 200 Response: GET /metrics 200 2ms {"payload":{}}
2025-12-01T05:21:29.201Z [INFO] [REQUEST_MIDDLEWARE] [774becd8-32b5-48e4-9a16-ce06d0ab2547] ::ffff:127.0.0.1 [GET] /metrics Incoming request {"userAgent":"Prometheus/3.7.3"}
2025-12-01 12:21:29.202 [INFO] [API_REQUEST] [774becd8-32b5-48e4-9a16-ce06d0ab2547] ::ffff:127.0.0.1 [GET] /metrics Incoming Request: GET /metrics {"payload":{}}
2025-12-01 12:21:29.203 [INFO] [API_RESPONSE] [774becd8-32b5-48e4-9a16-ce06d0ab2547] ::ffff:127.0.0.1 [GET] /metrics 1ms 200 Response: GET /metrics 200 1ms {"payload":{}}
2025-12-01T05:21:30.617Z [INFO] [REQUEST_MIDDLEWARE] [d78e2dc0-385f-4ee1-a331-9bd5b4c1d798] ::1 [POST] /api/rooms/search Incoming request {"userAgent":"Mozilla/5.0 (Windows NT 10.0; Win64; x64) AppleWebKit/537.36 (KHTML, like Gecko) Chrome/142.0.0.0 Safari/537.36 Edg/142.0.0.0"}
2025-12-01 12:21:30.618 [INFO] [API_REQUEST] [d78e2dc0-385f-4ee1-a331-9bd5b4c1d798] ::1 [POST] /api/rooms/search Incoming Request: POST /api/rooms/search {"payload":{}}
2025-12-01 12:21:30.637 [INFO] [API_RESPONSE] [d78e2dc0-385f-4ee1-a331-9bd5b4c1d798] ::1 [POST] /api/rooms/search 19ms 200 Response: POST /api/rooms/search 200 19ms {"payload":{}}
2025-12-01T05:21:34.201Z [INFO] [REQUEST_MIDDLEWARE] [cc477536-2070-486f-afe9-008d04ed451a] ::ffff:127.0.0.1 [GET] /metrics Incoming request {"userAgent":"Prometheus/3.7.3"}
2025-12-01 12:21:34.201 [INFO] [API_REQUEST] [cc477536-2070-486f-afe9-008d04ed451a] ::ffff:127.0.0.1 [GET] /metrics Incoming Request: GET /metrics {"payload":{}}
2025-12-01 12:21:34.203 [INFO] [API_RESPONSE] [cc477536-2070-486f-afe9-008d04ed451a] ::ffff:127.0.0.1 [GET] /metrics 2ms 200 Response: GET /metrics 200 2ms {"payload":{}}
2025-12-01T05:21:39.050Z [INFO] [REQUEST_MIDDLEWARE] [7ecfddad-fdd7-4632-8096-faf231429f84] ::1 [POST] /api/rooms/search Incoming request {"userAgent":"Mozilla/5.0 (Windows NT 10.0; Win64; x64) AppleWebKit/537.36 (KHTML, like Gecko) Chrome/142.0.0.0 Safari/537.36 Edg/142.0.0.0"}
2025-12-01 12:21:39.051 [INFO] [API_REQUEST] [7ecfddad-fdd7-4632-8096-faf231429f84] ::1 [POST] /api/rooms/search Incoming Request: POST /api/rooms/search {"payload":{}}
2025-12-01 12:21:39.059 [INFO] [API_RESPONSE] [7ecfddad-fdd7-4632-8096-faf231429f84] ::1 [POST] /api/rooms/search 9ms 200 Response: POST /api/rooms/search 200 9ms {"payload":{}}
2025-12-01T05:21:39.200Z [INFO] [REQUEST_MIDDLEWARE] [20f55740-f17b-41f7-90f4-3a3b815df7cf] ::ffff:127.0.0.1 [GET] /metrics Incoming request {"userAgent":"Prometheus/3.7.3"}
2025-12-01 12:21:39.200 [INFO] [API_REQUEST] [20f55740-f17b-41f7-90f4-3a3b815df7cf] ::ffff:127.0.0.1 [GET] /metrics Incoming Request: GET /metrics {"payload":{}}
2025-12-01 12:21:39.202 [INFO] [API_RESPONSE] [20f55740-f17b-41f7-90f4-3a3b815df7cf] ::ffff:127.0.0.1 [GET] /metrics 2ms 200 Response: GET /metrics 200 2ms {"payload":{}}
2025-12-01T05:21:44.201Z [INFO] [REQUEST_MIDDLEWARE] [9749b3db-89f9-4d74-8f3d-29d65565621f] ::ffff:127.0.0.1 [GET] /metrics Incoming request {"userAgent":"Prometheus/3.7.3"}
2025-12-01 12:21:44.201 [INFO] [API_REQUEST] [9749b3db-89f9-4d74-8f3d-29d65565621f] ::ffff:127.0.0.1 [GET] /metrics Incoming Request: GET /metrics {"payload":{}}
2025-12-01 12:21:44.203 [INFO] [API_RESPONSE] [9749b3db-89f9-4d74-8f3d-29d65565621f] ::ffff:127.0.0.1 [GET] /metrics 2ms 200 Response: GET /metrics 200 2ms {"payload":{}}
2025-12-01T05:21:49.200Z [INFO] [REQUEST_MIDDLEWARE] [6afc28b0-3b33-4de1-9638-0031acb7055e] ::ffff:127.0.0.1 [GET] /metrics Incoming request {"userAgent":"Prometheus/3.7.3"}
2025-12-01 12:21:49.201 [INFO] [API_REQUEST] [6afc28b0-3b33-4de1-9638-0031acb7055e] ::ffff:127.0.0.1 [GET] /metrics Incoming Request: GET /metrics {"payload":{}}
2025-12-01 12:21:49.202 [INFO] [API_RESPONSE] [6afc28b0-3b33-4de1-9638-0031acb7055e] ::ffff:127.0.0.1 [GET] /metrics 1ms 200 Response: GET /metrics 200 1ms {"payload":{}}
2025-12-01T05:21:54.201Z [INFO] [REQUEST_MIDDLEWARE] [c9536d74-ab10-4c24-9ad7-36f8b7cf31aa] ::ffff:127.0.0.1 [GET] /metrics Incoming request {"userAgent":"Prometheus/3.7.3"}
2025-12-01 12:21:54.202 [INFO] [API_REQUEST] [c9536d74-ab10-4c24-9ad7-36f8b7cf31aa] ::ffff:127.0.0.1 [GET] /metrics Incoming Request: GET /metrics {"payload":{}}
2025-12-01 12:21:54.203 [INFO] [API_RESPONSE] [c9536d74-ab10-4c24-9ad7-36f8b7cf31aa] ::ffff:127.0.0.1 [GET] /metrics 1ms 200 Response: GET /metrics 200 1ms {"payload":{}}
2025-12-01T05:21:59.204Z [INFO] [REQUEST_MIDDLEWARE] [52fa1657-23ea-48f0-b180-7e340fb1edd8] ::ffff:127.0.0.1 [GET] /metrics Incoming request {"userAgent":"Prometheus/3.7.3"}
2025-12-01 12:21:59.205 [INFO] [API_REQUEST] [52fa1657-23ea-48f0-b180-7e340fb1edd8] ::ffff:127.0.0.1 [GET] /metrics Incoming Request: GET /metrics {"payload":{}}
2025-12-01 12:21:59.211 [INFO] [API_RESPONSE] [52fa1657-23ea-48f0-b180-7e340fb1edd8] ::ffff:127.0.0.1 [GET] /metrics 6ms 200 Response: GET /metrics 200 6ms {"payload":{}}
2025-12-01T05:22:04.201Z [INFO] [REQUEST_MIDDLEWARE] [a64d17ff-79e4-4e5d-9926-b791589a9c06] ::ffff:127.0.0.1 [GET] /metrics Incoming request {"userAgent":"Prometheus/3.7.3"}
2025-12-01 12:22:04.202 [INFO] [API_REQUEST] [a64d17ff-79e4-4e5d-9926-b791589a9c06] ::ffff:127.0.0.1 [GET] /metrics Incoming Request: GET /metrics {"payload":{}}
2025-12-01 12:22:04.203 [INFO] [API_RESPONSE] [a64d17ff-79e4-4e5d-9926-b791589a9c06] ::ffff:127.0.0.1 [GET] /metrics 2ms 200 Response: GET /metrics 200 2ms {"payload":{}}
2025-12-01T05:22:09.130Z [INFO] [REQUEST_MIDDLEWARE] [c114ffee-dd66-4ab1-8791-42261288319f] ::1 [GET] /api/rooms Incoming request {"userAgent":"Mozilla/5.0 (Windows NT 10.0; Win64; x64) AppleWebKit/537.36 (KHTML, like Gecko) Chrome/142.0.0.0 Safari/537.36 Edg/142.0.0.0"}
2025-12-01 12:22:09.130 [INFO] [API_REQUEST] [c114ffee-dd66-4ab1-8791-42261288319f] ::1 [GET] /api/rooms Incoming Request: GET /api/rooms {"payload":{}}
2025-12-01 12:22:09.139 [INFO] [API_RESPONSE] [c114ffee-dd66-4ab1-8791-42261288319f] ::1 [GET] /api/rooms 9ms 304 Response: GET /api/rooms 304 9ms {"payload":{}}
2025-12-01T05:22:09.201Z [INFO] [REQUEST_MIDDLEWARE] [dbb0ba1c-51f3-45d7-8f55-7d49fba79e10] ::ffff:127.0.0.1 [GET] /metrics Incoming request {"userAgent":"Prometheus/3.7.3"}
2025-12-01 12:22:09.202 [INFO] [API_REQUEST] [dbb0ba1c-51f3-45d7-8f55-7d49fba79e10] ::ffff:127.0.0.1 [GET] /metrics Incoming Request: GET /metrics {"payload":{}}
2025-12-01 12:22:09.203 [INFO] [API_RESPONSE] [dbb0ba1c-51f3-45d7-8f55-7d49fba79e10] ::ffff:127.0.0.1 [GET] /metrics 1ms 200 Response: GET /metrics 200 1ms {"payload":{}}
2025-12-01T05:22:14.201Z [INFO] [REQUEST_MIDDLEWARE] [5f7f5ec8-5a71-4475-838f-19e15ceb5cfb] ::ffff:127.0.0.1 [GET] /metrics Incoming request {"userAgent":"Prometheus/3.7.3"}
2025-12-01 12:22:14.202 [INFO] [API_REQUEST] [5f7f5ec8-5a71-4475-838f-19e15ceb5cfb] ::ffff:127.0.0.1 [GET] /metrics Incoming Request: GET /metrics {"payload":{}}
2025-12-01 12:22:14.203 [INFO] [API_RESPONSE] [5f7f5ec8-5a71-4475-838f-19e15ceb5cfb] ::ffff:127.0.0.1 [GET] /metrics 1ms 200 Response: GET /metrics 200 1ms {"payload":{}}
2025-12-01T05:22:19.202Z [INFO] [REQUEST_MIDDLEWARE] [e49add30-4aff-43d8-ac98-83f23c0214d7] ::ffff:127.0.0.1 [GET] /metrics Incoming request {"userAgent":"Prometheus/3.7.3"}
2025-12-01 12:22:19.202 [INFO] [API_REQUEST] [e49add30-4aff-43d8-ac98-83f23c0214d7] ::ffff:127.0.0.1 [GET] /metrics Incoming Request: GET /metrics {"payload":{}}
2025-12-01 12:22:19.204 [INFO] [API_RESPONSE] [e49add30-4aff-43d8-ac98-83f23c0214d7] ::ffff:127.0.0.1 [GET] /metrics 2ms 200 Response: GET /metrics 200 2ms {"payload":{}}
2025-12-01T05:22:24.202Z [INFO] [REQUEST_MIDDLEWARE] [32bbe831-4a9b-4543-ba3c-7149bcd5abcb] ::ffff:127.0.0.1 [GET] /metrics Incoming request {"userAgent":"Prometheus/3.7.3"}
2025-12-01 12:22:24.202 [INFO] [API_REQUEST] [32bbe831-4a9b-4543-ba3c-7149bcd5abcb] ::ffff:127.0.0.1 [GET] /metrics Incoming Request: GET /metrics {"payload":{}}
2025-12-01 12:22:24.204 [INFO] [API_RESPONSE] [32bbe831-4a9b-4543-ba3c-7149bcd5abcb] ::ffff:127.0.0.1 [GET] /metrics 2ms 200 Response: GET /metrics 200 2ms {"payload":{}}
2025-12-01T05:22:25.406Z [INFO] [REQUEST_MIDDLEWARE] [57fda446-7f33-4890-91d2-230f7a733a56] ::1 [POST] /api/rooms/search Incoming request {"userAgent":"Mozilla/5.0 (Windows NT 10.0; Win64; x64) AppleWebKit/537.36 (KHTML, like Gecko) Chrome/142.0.0.0 Safari/537.36 Edg/142.0.0.0"}
2025-12-01 12:22:25.407 [INFO] [API_REQUEST] [57fda446-7f33-4890-91d2-230f7a733a56] ::1 [POST] /api/rooms/search Incoming Request: POST /api/rooms/search {"payload":{}}
2025-12-01 12:22:25.421 [INFO] [API_RESPONSE] [57fda446-7f33-4890-91d2-230f7a733a56] ::1 [POST] /api/rooms/search 14ms 200 Response: POST /api/rooms/search 200 14ms {"payload":{}}
2025-12-01T05:22:29.201Z [INFO] [REQUEST_MIDDLEWARE] [f882b8cb-f4bb-47fb-a3e5-893a7f1a3af7] ::ffff:127.0.0.1 [GET] /metrics Incoming request {"userAgent":"Prometheus/3.7.3"}
2025-12-01 12:22:29.202 [INFO] [API_REQUEST] [f882b8cb-f4bb-47fb-a3e5-893a7f1a3af7] ::ffff:127.0.0.1 [GET] /metrics Incoming Request: GET /metrics {"payload":{}}
2025-12-01 12:22:29.204 [INFO] [API_RESPONSE] [f882b8cb-f4bb-47fb-a3e5-893a7f1a3af7] ::ffff:127.0.0.1 [GET] /metrics 2ms 200 Response: GET /metrics 200 2ms {"payload":{}}
2025-12-01T05:22:34.202Z [INFO] [REQUEST_MIDDLEWARE] [645c3aef-fb32-4c4d-bf83-bbe0dcbc83d6] ::ffff:127.0.0.1 [GET] /metrics Incoming request {"userAgent":"Prometheus/3.7.3"}
2025-12-01 12:22:34.202 [INFO] [API_REQUEST] [645c3aef-fb32-4c4d-bf83-bbe0dcbc83d6] ::ffff:127.0.0.1 [GET] /metrics Incoming Request: GET /metrics {"payload":{}}
2025-12-01 12:22:34.204 [INFO] [API_RESPONSE] [645c3aef-fb32-4c4d-bf83-bbe0dcbc83d6] ::ffff:127.0.0.1 [GET] /metrics 2ms 200 Response: GET /metrics 200 2ms {"payload":{}}
2025-12-01T05:22:39.201Z [INFO] [REQUEST_MIDDLEWARE] [c066bdee-e234-486d-aaca-bcd87b83b11f] ::ffff:127.0.0.1 [GET] /metrics Incoming request {"userAgent":"Prometheus/3.7.3"}
2025-12-01 12:22:39.202 [INFO] [API_REQUEST] [c066bdee-e234-486d-aaca-bcd87b83b11f] ::ffff:127.0.0.1 [GET] /metrics Incoming Request: GET /metrics {"payload":{}}
2025-12-01 12:22:39.203 [INFO] [API_RESPONSE] [c066bdee-e234-486d-aaca-bcd87b83b11f] ::ffff:127.0.0.1 [GET] /metrics 1ms 200 Response: GET /metrics 200 1ms {"payload":{}}
2025-12-01T05:22:44.201Z [INFO] [REQUEST_MIDDLEWARE] [3444192d-b7a2-4c1b-b683-d5e86cfaf24d] ::ffff:127.0.0.1 [GET] /metrics Incoming request {"userAgent":"Prometheus/3.7.3"}
2025-12-01 12:22:44.202 [INFO] [API_REQUEST] [3444192d-b7a2-4c1b-b683-d5e86cfaf24d] ::ffff:127.0.0.1 [GET] /metrics Incoming Request: GET /metrics {"payload":{}}
2025-12-01 12:22:44.204 [INFO] [API_RESPONSE] [3444192d-b7a2-4c1b-b683-d5e86cfaf24d] ::ffff:127.0.0.1 [GET] /metrics 2ms 200 Response: GET /metrics 200 2ms {"payload":{}}
2025-12-01T05:22:49.202Z [INFO] [REQUEST_MIDDLEWARE] [f6a1272d-6d85-4a3a-9bd1-78441fe34f11] ::ffff:127.0.0.1 [GET] /metrics Incoming request {"userAgent":"Prometheus/3.7.3"}
2025-12-01 12:22:49.202 [INFO] [API_REQUEST] [f6a1272d-6d85-4a3a-9bd1-78441fe34f11] ::ffff:127.0.0.1 [GET] /metrics Incoming Request: GET /metrics {"payload":{}}
2025-12-01 12:22:49.204 [INFO] [API_RESPONSE] [f6a1272d-6d85-4a3a-9bd1-78441fe34f11] ::ffff:127.0.0.1 [GET] /metrics 2ms 200 Response: GET /metrics 200 2ms {"payload":{}}
2025-12-01T05:22:54.204Z [INFO] [REQUEST_MIDDLEWARE] [341e413f-b873-4188-8456-9ae36bca8f84] ::ffff:127.0.0.1 [GET] /metrics Incoming request {"userAgent":"Prometheus/3.7.3"}
2025-12-01 12:22:54.205 [INFO] [API_REQUEST] [341e413f-b873-4188-8456-9ae36bca8f84] ::ffff:127.0.0.1 [GET] /metrics Incoming Request: GET /metrics {"payload":{}}
2025-12-01 12:22:54.213 [INFO] [API_RESPONSE] [341e413f-b873-4188-8456-9ae36bca8f84] ::ffff:127.0.0.1 [GET] /metrics 8ms 200 Response: GET /metrics 200 8ms {"payload":{}}
2025-12-01T05:22:59.202Z [INFO] [REQUEST_MIDDLEWARE] [a905a490-7f23-4256-ae94-31a2def87492] ::ffff:127.0.0.1 [GET] /metrics Incoming request {"userAgent":"Prometheus/3.7.3"}
2025-12-01 12:22:59.202 [INFO] [API_REQUEST] [a905a490-7f23-4256-ae94-31a2def87492] ::ffff:127.0.0.1 [GET] /metrics Incoming Request: GET /metrics {"payload":{}}
2025-12-01 12:22:59.203 [INFO] [API_RESPONSE] [a905a490-7f23-4256-ae94-31a2def87492] ::ffff:127.0.0.1 [GET] /metrics 1ms 200 Response: GET /metrics 200 1ms {"payload":{}}
2025-12-01T05:23:04.201Z [INFO] [REQUEST_MIDDLEWARE] [7684672c-23d7-417c-a072-cdb0d280ba58] ::ffff:127.0.0.1 [GET] /metrics Incoming request {"userAgent":"Prometheus/3.7.3"}
2025-12-01 12:23:04.202 [INFO] [API_REQUEST] [7684672c-23d7-417c-a072-cdb0d280ba58] ::ffff:127.0.0.1 [GET] /metrics Incoming Request: GET /metrics {"payload":{}}
2025-12-01 12:23:04.203 [INFO] [API_RESPONSE] [7684672c-23d7-417c-a072-cdb0d280ba58] ::ffff:127.0.0.1 [GET] /metrics 1ms 200 Response: GET /metrics 200 1ms {"payload":{}}
2025-12-01T05:23:09.201Z [INFO] [REQUEST_MIDDLEWARE] [abc0ecf1-d27e-4752-a0a0-3b8a9638d244] ::ffff:127.0.0.1 [GET] /metrics Incoming request {"userAgent":"Prometheus/3.7.3"}
2025-12-01 12:23:09.202 [INFO] [API_REQUEST] [abc0ecf1-d27e-4752-a0a0-3b8a9638d244] ::ffff:127.0.0.1 [GET] /metrics Incoming Request: GET /metrics {"payload":{}}
2025-12-01 12:23:09.204 [INFO] [API_RESPONSE] [abc0ecf1-d27e-4752-a0a0-3b8a9638d244] ::ffff:127.0.0.1 [GET] /metrics 2ms 200 Response: GET /metrics 200 2ms {"payload":{}}
2025-12-01T05:23:14.202Z [INFO] [REQUEST_MIDDLEWARE] [3a4caae8-e9be-4c0b-9016-7c82ca8d6e95] ::ffff:127.0.0.1 [GET] /metrics Incoming request {"userAgent":"Prometheus/3.7.3"}
2025-12-01 12:23:14.202 [INFO] [API_REQUEST] [3a4caae8-e9be-4c0b-9016-7c82ca8d6e95] ::ffff:127.0.0.1 [GET] /metrics Incoming Request: GET /metrics {"payload":{}}
2025-12-01 12:23:14.205 [INFO] [API_RESPONSE] [3a4caae8-e9be-4c0b-9016-7c82ca8d6e95] ::ffff:127.0.0.1 [GET] /metrics 2ms 200 Response: GET /metrics 200 2ms {"payload":{}}
2025-12-01T05:23:19.201Z [INFO] [REQUEST_MIDDLEWARE] [b3dc651a-1a20-440b-b80a-0dee5903035c] ::ffff:127.0.0.1 [GET] /metrics Incoming request {"userAgent":"Prometheus/3.7.3"}
2025-12-01 12:23:19.201 [INFO] [API_REQUEST] [b3dc651a-1a20-440b-b80a-0dee5903035c] ::ffff:127.0.0.1 [GET] /metrics Incoming Request: GET /metrics {"payload":{}}
2025-12-01 12:23:19.203 [INFO] [API_RESPONSE] [b3dc651a-1a20-440b-b80a-0dee5903035c] ::ffff:127.0.0.1 [GET] /metrics 2ms 200 Response: GET /metrics 200 2ms {"payload":{}}
2025-12-01T05:23:24.201Z [INFO] [REQUEST_MIDDLEWARE] [748ea8ce-f7dd-41d1-94cd-fafe5d447352] ::ffff:127.0.0.1 [GET] /metrics Incoming request {"userAgent":"Prometheus/3.7.3"}
2025-12-01 12:23:24.202 [INFO] [API_REQUEST] [748ea8ce-f7dd-41d1-94cd-fafe5d447352] ::ffff:127.0.0.1 [GET] /metrics Incoming Request: GET /metrics {"payload":{}}
2025-12-01 12:23:24.204 [INFO] [API_RESPONSE] [748ea8ce-f7dd-41d1-94cd-fafe5d447352] ::ffff:127.0.0.1 [GET] /metrics 1ms 200 Response: GET /metrics 200 1ms {"payload":{}}
2025-12-01T05:23:29.201Z [INFO] [REQUEST_MIDDLEWARE] [4bf6be4d-6ad4-49fe-887e-f66dca479e6a] ::ffff:127.0.0.1 [GET] /metrics Incoming request {"userAgent":"Prometheus/3.7.3"}
2025-12-01 12:23:29.201 [INFO] [API_REQUEST] [4bf6be4d-6ad4-49fe-887e-f66dca479e6a] ::ffff:127.0.0.1 [GET] /metrics Incoming Request: GET /metrics {"payload":{}}
2025-12-01 12:23:29.203 [INFO] [API_RESPONSE] [4bf6be4d-6ad4-49fe-887e-f66dca479e6a] ::ffff:127.0.0.1 [GET] /metrics 2ms 200 Response: GET /metrics 200 2ms {"payload":{}}
2025-12-01T05:23:34.200Z [INFO] [REQUEST_MIDDLEWARE] [9dc26649-1eb2-4f53-bfae-a521132e2e5b] ::ffff:127.0.0.1 [GET] /metrics Incoming request {"userAgent":"Prometheus/3.7.3"}
2025-12-01 12:23:34.201 [INFO] [API_REQUEST] [9dc26649-1eb2-4f53-bfae-a521132e2e5b] ::ffff:127.0.0.1 [GET] /metrics Incoming Request: GET /metrics {"payload":{}}
2025-12-01 12:23:34.202 [INFO] [API_RESPONSE] [9dc26649-1eb2-4f53-bfae-a521132e2e5b] ::ffff:127.0.0.1 [GET] /metrics 1ms 200 Response: GET /metrics 200 1ms {"payload":{}}
2025-12-01T05:23:39.202Z [INFO] [REQUEST_MIDDLEWARE] [e9043bee-7ee7-4e30-a7a5-a0b61deb3585] ::ffff:127.0.0.1 [GET] /metrics Incoming request {"userAgent":"Prometheus/3.7.3"}
2025-12-01 12:23:39.203 [INFO] [API_REQUEST] [e9043bee-7ee7-4e30-a7a5-a0b61deb3585] ::ffff:127.0.0.1 [GET] /metrics Incoming Request: GET /metrics {"payload":{}}
2025-12-01 12:23:39.204 [INFO] [API_RESPONSE] [e9043bee-7ee7-4e30-a7a5-a0b61deb3585] ::ffff:127.0.0.1 [GET] /metrics 2ms 200 Response: GET /metrics 200 2ms {"payload":{}}
2025-12-01T05:23:44.202Z [INFO] [REQUEST_MIDDLEWARE] [5aa0e767-c2dd-4fc8-9498-fc39aba476b3] ::ffff:127.0.0.1 [GET] /metrics Incoming request {"userAgent":"Prometheus/3.7.3"}
2025-12-01 12:23:44.202 [INFO] [API_REQUEST] [5aa0e767-c2dd-4fc8-9498-fc39aba476b3] ::ffff:127.0.0.1 [GET] /metrics Incoming Request: GET /metrics {"payload":{}}
2025-12-01 12:23:44.204 [INFO] [API_RESPONSE] [5aa0e767-c2dd-4fc8-9498-fc39aba476b3] ::ffff:127.0.0.1 [GET] /metrics 2ms 200 Response: GET /metrics 200 2ms {"payload":{}}
2025-12-01T05:23:49.202Z [INFO] [REQUEST_MIDDLEWARE] [b45734c9-ea4f-4edb-83c0-7beecd22a609] ::ffff:127.0.0.1 [GET] /metrics Incoming request {"userAgent":"Prometheus/3.7.3"}
2025-12-01 12:23:49.202 [INFO] [API_REQUEST] [b45734c9-ea4f-4edb-83c0-7beecd22a609] ::ffff:127.0.0.1 [GET] /metrics Incoming Request: GET /metrics {"payload":{}}
2025-12-01 12:23:49.204 [INFO] [API_RESPONSE] [b45734c9-ea4f-4edb-83c0-7beecd22a609] ::ffff:127.0.0.1 [GET] /metrics 2ms 200 Response: GET /metrics 200 2ms {"payload":{}}
2025-12-01T05:23:54.200Z [INFO] [REQUEST_MIDDLEWARE] [92b595c1-6664-4462-b7fa-b057639cbb02] ::ffff:127.0.0.1 [GET] /metrics Incoming request {"userAgent":"Prometheus/3.7.3"}
2025-12-01 12:23:54.201 [INFO] [API_REQUEST] [92b595c1-6664-4462-b7fa-b057639cbb02] ::ffff:127.0.0.1 [GET] /metrics Incoming Request: GET /metrics {"payload":{}}
2025-12-01 12:23:54.203 [INFO] [API_RESPONSE] [92b595c1-6664-4462-b7fa-b057639cbb02] ::ffff:127.0.0.1 [GET] /metrics 1ms 200 Response: GET /metrics 200 1ms {"payload":{}}
2025-12-01T05:23:59.202Z [INFO] [REQUEST_MIDDLEWARE] [c6f582ef-4c63-43cf-88f2-3d381663e2a5] ::ffff:127.0.0.1 [GET] /metrics Incoming request {"userAgent":"Prometheus/3.7.3"}
2025-12-01 12:23:59.202 [INFO] [API_REQUEST] [c6f582ef-4c63-43cf-88f2-3d381663e2a5] ::ffff:127.0.0.1 [GET] /metrics Incoming Request: GET /metrics {"payload":{}}
2025-12-01 12:23:59.204 [INFO] [API_RESPONSE] [c6f582ef-4c63-43cf-88f2-3d381663e2a5] ::ffff:127.0.0.1 [GET] /metrics 2ms 200 Response: GET /metrics 200 2ms {"payload":{}}
2025-12-01T05:24:04.201Z [INFO] [REQUEST_MIDDLEWARE] [6a25b557-2275-4c4f-9ccd-ee848b74e291] ::ffff:127.0.0.1 [GET] /metrics Incoming request {"userAgent":"Prometheus/3.7.3"}
2025-12-01 12:24:04.201 [INFO] [API_REQUEST] [6a25b557-2275-4c4f-9ccd-ee848b74e291] ::ffff:127.0.0.1 [GET] /metrics Incoming Request: GET /metrics {"payload":{}}
2025-12-01 12:24:04.204 [INFO] [API_RESPONSE] [6a25b557-2275-4c4f-9ccd-ee848b74e291] ::ffff:127.0.0.1 [GET] /metrics 3ms 200 Response: GET /metrics 200 3ms {"payload":{}}
2025-12-01T05:24:09.202Z [INFO] [REQUEST_MIDDLEWARE] [9afc22bc-c9ca-4fa9-a97d-db9d97e11a65] ::ffff:127.0.0.1 [GET] /metrics Incoming request {"userAgent":"Prometheus/3.7.3"}
2025-12-01 12:24:09.202 [INFO] [API_REQUEST] [9afc22bc-c9ca-4fa9-a97d-db9d97e11a65] ::ffff:127.0.0.1 [GET] /metrics Incoming Request: GET /metrics {"payload":{}}
2025-12-01 12:24:09.204 [INFO] [API_RESPONSE] [9afc22bc-c9ca-4fa9-a97d-db9d97e11a65] ::ffff:127.0.0.1 [GET] /metrics 2ms 200 Response: GET /metrics 200 2ms {"payload":{}}
2025-12-01T05:24:14.200Z [INFO] [REQUEST_MIDDLEWARE] [8b475289-4b2d-4bd4-aa8d-9fff7ef522cb] ::ffff:127.0.0.1 [GET] /metrics Incoming request {"userAgent":"Prometheus/3.7.3"}
2025-12-01 12:24:14.201 [INFO] [API_REQUEST] [8b475289-4b2d-4bd4-aa8d-9fff7ef522cb] ::ffff:127.0.0.1 [GET] /metrics Incoming Request: GET /metrics {"payload":{}}
2025-12-01 12:24:14.202 [INFO] [API_RESPONSE] [8b475289-4b2d-4bd4-aa8d-9fff7ef522cb] ::ffff:127.0.0.1 [GET] /metrics 1ms 200 Response: GET /metrics 200 1ms {"payload":{}}
2025-12-01T05:24:19.202Z [INFO] [REQUEST_MIDDLEWARE] [f6576491-644a-4599-9eaa-2bb6a7b3f051] ::ffff:127.0.0.1 [GET] /metrics Incoming request {"userAgent":"Prometheus/3.7.3"}
2025-12-01 12:24:19.202 [INFO] [API_REQUEST] [f6576491-644a-4599-9eaa-2bb6a7b3f051] ::ffff:127.0.0.1 [GET] /metrics Incoming Request: GET /metrics {"payload":{}}
2025-12-01 12:24:19.203 [INFO] [API_RESPONSE] [f6576491-644a-4599-9eaa-2bb6a7b3f051] ::ffff:127.0.0.1 [GET] /metrics 1ms 200 Response: GET /metrics 200 1ms {"payload":{}}
2025-12-01T05:24:24.201Z [INFO] [REQUEST_MIDDLEWARE] [8cb05ec2-b93e-4129-a683-12c1794e4e56] ::ffff:127.0.0.1 [GET] /metrics Incoming request {"userAgent":"Prometheus/3.7.3"}
2025-12-01 12:24:24.201 [INFO] [API_REQUEST] [8cb05ec2-b93e-4129-a683-12c1794e4e56] ::ffff:127.0.0.1 [GET] /metrics Incoming Request: GET /metrics {"payload":{}}
2025-12-01 12:24:24.203 [INFO] [API_RESPONSE] [8cb05ec2-b93e-4129-a683-12c1794e4e56] ::ffff:127.0.0.1 [GET] /metrics 2ms 200 Response: GET /metrics 200 2ms {"payload":{}}
2025-12-01T05:24:29.201Z [INFO] [REQUEST_MIDDLEWARE] [313eaaa7-08c3-4ef9-a1b0-45b4bd293e02] ::ffff:127.0.0.1 [GET] /metrics Incoming request {"userAgent":"Prometheus/3.7.3"}
2025-12-01 12:24:29.202 [INFO] [API_REQUEST] [313eaaa7-08c3-4ef9-a1b0-45b4bd293e02] ::ffff:127.0.0.1 [GET] /metrics Incoming Request: GET /metrics {"payload":{}}
2025-12-01 12:24:29.204 [INFO] [API_RESPONSE] [313eaaa7-08c3-4ef9-a1b0-45b4bd293e02] ::ffff:127.0.0.1 [GET] /metrics 2ms 200 Response: GET /metrics 200 2ms {"payload":{}}
2025-12-01T05:24:34.201Z [INFO] [REQUEST_MIDDLEWARE] [1e6a7ac0-26da-4663-8a1f-cd3dc03d2b22] ::ffff:127.0.0.1 [GET] /metrics Incoming request {"userAgent":"Prometheus/3.7.3"}
2025-12-01 12:24:34.201 [INFO] [API_REQUEST] [1e6a7ac0-26da-4663-8a1f-cd3dc03d2b22] ::ffff:127.0.0.1 [GET] /metrics Incoming Request: GET /metrics {"payload":{}}
2025-12-01 12:24:34.203 [INFO] [API_RESPONSE] [1e6a7ac0-26da-4663-8a1f-cd3dc03d2b22] ::ffff:127.0.0.1 [GET] /metrics 2ms 200 Response: GET /metrics 200 2ms {"payload":{}}
2025-12-01T05:24:39.202Z [INFO] [REQUEST_MIDDLEWARE] [a3d67dc2-facd-4452-88e4-bf1b89bb9f65] ::ffff:127.0.0.1 [GET] /metrics Incoming request {"userAgent":"Prometheus/3.7.3"}
2025-12-01 12:24:39.202 [INFO] [API_REQUEST] [a3d67dc2-facd-4452-88e4-bf1b89bb9f65] ::ffff:127.0.0.1 [GET] /metrics Incoming Request: GET /metrics {"payload":{}}
2025-12-01 12:24:39.204 [INFO] [API_RESPONSE] [a3d67dc2-facd-4452-88e4-bf1b89bb9f65] ::ffff:127.0.0.1 [GET] /metrics 2ms 200 Response: GET /metrics 200 2ms {"payload":{}}
2025-12-01T05:24:44.201Z [INFO] [REQUEST_MIDDLEWARE] [659036a7-c5bf-43c0-92f3-90bc61f55627] ::ffff:127.0.0.1 [GET] /metrics Incoming request {"userAgent":"Prometheus/3.7.3"}
2025-12-01 12:24:44.201 [INFO] [API_REQUEST] [659036a7-c5bf-43c0-92f3-90bc61f55627] ::ffff:127.0.0.1 [GET] /metrics Incoming Request: GET /metrics {"payload":{}}
2025-12-01 12:24:44.203 [INFO] [API_RESPONSE] [659036a7-c5bf-43c0-92f3-90bc61f55627] ::ffff:127.0.0.1 [GET] /metrics 2ms 200 Response: GET /metrics 200 2ms {"payload":{}}
2025-12-01T05:24:49.202Z [INFO] [REQUEST_MIDDLEWARE] [53e6dbb0-49b4-477b-8095-7584cf33f053] ::ffff:127.0.0.1 [GET] /metrics Incoming request {"userAgent":"Prometheus/3.7.3"}
2025-12-01 12:24:49.202 [INFO] [API_REQUEST] [53e6dbb0-49b4-477b-8095-7584cf33f053] ::ffff:127.0.0.1 [GET] /metrics Incoming Request: GET /metrics {"payload":{}}
2025-12-01 12:24:49.204 [INFO] [API_RESPONSE] [53e6dbb0-49b4-477b-8095-7584cf33f053] ::ffff:127.0.0.1 [GET] /metrics 2ms 200 Response: GET /metrics 200 2ms {"payload":{}}
2025-12-01T05:24:54.200Z [INFO] [REQUEST_MIDDLEWARE] [91b6ba0c-3f6c-4ef7-a9d5-a607dc36fddf] ::ffff:127.0.0.1 [GET] /metrics Incoming request {"userAgent":"Prometheus/3.7.3"}
2025-12-01 12:24:54.201 [INFO] [API_REQUEST] [91b6ba0c-3f6c-4ef7-a9d5-a607dc36fddf] ::ffff:127.0.0.1 [GET] /metrics Incoming Request: GET /metrics {"payload":{}}
2025-12-01 12:24:54.203 [INFO] [API_RESPONSE] [91b6ba0c-3f6c-4ef7-a9d5-a607dc36fddf] ::ffff:127.0.0.1 [GET] /metrics 2ms 200 Response: GET /metrics 200 2ms {"payload":{}}
2025-12-01T05:24:59.201Z [INFO] [REQUEST_MIDDLEWARE] [d5ee6ea3-8fc5-446b-a797-da378ecd8ef1] ::ffff:127.0.0.1 [GET] /metrics Incoming request {"userAgent":"Prometheus/3.7.3"}
2025-12-01 12:24:59.202 [INFO] [API_REQUEST] [d5ee6ea3-8fc5-446b-a797-da378ecd8ef1] ::ffff:127.0.0.1 [GET] /metrics Incoming Request: GET /metrics {"payload":{}}
2025-12-01 12:24:59.203 [INFO] [API_RESPONSE] [d5ee6ea3-8fc5-446b-a797-da378ecd8ef1] ::ffff:127.0.0.1 [GET] /metrics 1ms 200 Response: GET /metrics 200 1ms {"payload":{}}
2025-12-01T05:25:04.201Z [INFO] [REQUEST_MIDDLEWARE] [09a5d974-c73c-499b-9382-f87beb25dc38] ::ffff:127.0.0.1 [GET] /metrics Incoming request {"userAgent":"Prometheus/3.7.3"}
2025-12-01 12:25:04.202 [INFO] [API_REQUEST] [09a5d974-c73c-499b-9382-f87beb25dc38] ::ffff:127.0.0.1 [GET] /metrics Incoming Request: GET /metrics {"payload":{}}
2025-12-01 12:25:04.203 [INFO] [API_RESPONSE] [09a5d974-c73c-499b-9382-f87beb25dc38] ::ffff:127.0.0.1 [GET] /metrics 2ms 200 Response: GET /metrics 200 2ms {"payload":{}}
2025-12-01T05:25:09.202Z [INFO] [REQUEST_MIDDLEWARE] [da77c2cb-7919-4ada-9474-213ab58bee4f] ::ffff:127.0.0.1 [GET] /metrics Incoming request {"userAgent":"Prometheus/3.7.3"}
2025-12-01 12:25:09.203 [INFO] [API_REQUEST] [da77c2cb-7919-4ada-9474-213ab58bee4f] ::ffff:127.0.0.1 [GET] /metrics Incoming Request: GET /metrics {"payload":{}}
2025-12-01 12:25:09.205 [INFO] [API_RESPONSE] [da77c2cb-7919-4ada-9474-213ab58bee4f] ::ffff:127.0.0.1 [GET] /metrics 2ms 200 Response: GET /metrics 200 2ms {"payload":{}}
2025-12-01T05:25:14.200Z [INFO] [REQUEST_MIDDLEWARE] [4bb61a1f-5244-40f2-a77d-c1ed73272761] ::ffff:127.0.0.1 [GET] /metrics Incoming request {"userAgent":"Prometheus/3.7.3"}
2025-12-01 12:25:14.201 [INFO] [API_REQUEST] [4bb61a1f-5244-40f2-a77d-c1ed73272761] ::ffff:127.0.0.1 [GET] /metrics Incoming Request: GET /metrics {"payload":{}}
2025-12-01 12:25:14.202 [INFO] [API_RESPONSE] [4bb61a1f-5244-40f2-a77d-c1ed73272761] ::ffff:127.0.0.1 [GET] /metrics 1ms 200 Response: GET /metrics 200 1ms {"payload":{}}
2025-12-01T05:25:19.201Z [INFO] [REQUEST_MIDDLEWARE] [49f6ce16-a7cc-4382-8d2b-b308aab98e4a] ::ffff:127.0.0.1 [GET] /metrics Incoming request {"userAgent":"Prometheus/3.7.3"}
2025-12-01 12:25:19.202 [INFO] [API_REQUEST] [49f6ce16-a7cc-4382-8d2b-b308aab98e4a] ::ffff:127.0.0.1 [GET] /metrics Incoming Request: GET /metrics {"payload":{}}
2025-12-01 12:25:19.203 [INFO] [API_RESPONSE] [49f6ce16-a7cc-4382-8d2b-b308aab98e4a] ::ffff:127.0.0.1 [GET] /metrics 1ms 200 Response: GET /metrics 200 1ms {"payload":{}}
2025-12-01T05:25:24.200Z [INFO] [REQUEST_MIDDLEWARE] [287ced95-8e63-4717-8da2-e0e1bc33b26f] ::ffff:127.0.0.1 [GET] /metrics Incoming request {"userAgent":"Prometheus/3.7.3"}
2025-12-01 12:25:24.201 [INFO] [API_REQUEST] [287ced95-8e63-4717-8da2-e0e1bc33b26f] ::ffff:127.0.0.1 [GET] /metrics Incoming Request: GET /metrics {"payload":{}}
2025-12-01 12:25:24.203 [INFO] [API_RESPONSE] [287ced95-8e63-4717-8da2-e0e1bc33b26f] ::ffff:127.0.0.1 [GET] /metrics 2ms 200 Response: GET /metrics 200 2ms {"payload":{}}
2025-12-01T05:25:29.201Z [INFO] [REQUEST_MIDDLEWARE] [bf79b11f-ae8c-489c-af58-3da66ada2cd2] ::ffff:127.0.0.1 [GET] /metrics Incoming request {"userAgent":"Prometheus/3.7.3"}
2025-12-01 12:25:29.202 [INFO] [API_REQUEST] [bf79b11f-ae8c-489c-af58-3da66ada2cd2] ::ffff:127.0.0.1 [GET] /metrics Incoming Request: GET /metrics {"payload":{}}
2025-12-01 12:25:29.204 [INFO] [API_RESPONSE] [bf79b11f-ae8c-489c-af58-3da66ada2cd2] ::ffff:127.0.0.1 [GET] /metrics 2ms 200 Response: GET /metrics 200 2ms {"payload":{}}
2025-12-01T05:25:34.202Z [INFO] [REQUEST_MIDDLEWARE] [4a0d23a4-fa8e-4ab9-9ae6-29318f22e9d6] ::ffff:127.0.0.1 [GET] /metrics Incoming request {"userAgent":"Prometheus/3.7.3"}
2025-12-01 12:25:34.202 [INFO] [API_REQUEST] [4a0d23a4-fa8e-4ab9-9ae6-29318f22e9d6] ::ffff:127.0.0.1 [GET] /metrics Incoming Request: GET /metrics {"payload":{}}
2025-12-01 12:25:34.204 [INFO] [API_RESPONSE] [4a0d23a4-fa8e-4ab9-9ae6-29318f22e9d6] ::ffff:127.0.0.1 [GET] /metrics 2ms 200 Response: GET /metrics 200 2ms {"payload":{}}
2025-12-01T05:25:39.203Z [INFO] [REQUEST_MIDDLEWARE] [78399008-0c98-4f37-9401-36024091820d] ::ffff:127.0.0.1 [GET] /metrics Incoming request {"userAgent":"Prometheus/3.7.3"}
2025-12-01 12:25:39.205 [INFO] [API_REQUEST] [78399008-0c98-4f37-9401-36024091820d] ::ffff:127.0.0.1 [GET] /metrics Incoming Request: GET /metrics {"payload":{}}
2025-12-01 12:25:39.211 [INFO] [API_RESPONSE] [78399008-0c98-4f37-9401-36024091820d] ::ffff:127.0.0.1 [GET] /metrics 7ms 200 Response: GET /metrics 200 7ms {"payload":{}}
2025-12-01T05:25:44.201Z [INFO] [REQUEST_MIDDLEWARE] [e3938856-e155-4b84-bedd-2b8962bd309e] ::ffff:127.0.0.1 [GET] /metrics Incoming request {"userAgent":"Prometheus/3.7.3"}
2025-12-01 12:25:44.201 [INFO] [API_REQUEST] [e3938856-e155-4b84-bedd-2b8962bd309e] ::ffff:127.0.0.1 [GET] /metrics Incoming Request: GET /metrics {"payload":{}}
2025-12-01 12:25:44.203 [INFO] [API_RESPONSE] [e3938856-e155-4b84-bedd-2b8962bd309e] ::ffff:127.0.0.1 [GET] /metrics 2ms 200 Response: GET /metrics 200 2ms {"payload":{}}
2025-12-01T05:25:49.205Z [INFO] [REQUEST_MIDDLEWARE] [d2e3d723-5a32-4dd9-8fea-7ee29deca2df] ::ffff:127.0.0.1 [GET] /metrics Incoming request {"userAgent":"Prometheus/3.7.3"}
2025-12-01 12:25:49.206 [INFO] [API_REQUEST] [d2e3d723-5a32-4dd9-8fea-7ee29deca2df] ::ffff:127.0.0.1 [GET] /metrics Incoming Request: GET /metrics {"payload":{}}
2025-12-01 12:25:49.214 [INFO] [API_RESPONSE] [d2e3d723-5a32-4dd9-8fea-7ee29deca2df] ::ffff:127.0.0.1 [GET] /metrics 8ms 200 Response: GET /metrics 200 8ms {"payload":{}}
2025-12-01T05:25:54.201Z [INFO] [REQUEST_MIDDLEWARE] [37bb3a85-e3c9-405d-ab7c-d87e14c15c68] ::ffff:127.0.0.1 [GET] /metrics Incoming request {"userAgent":"Prometheus/3.7.3"}
2025-12-01 12:25:54.202 [INFO] [API_REQUEST] [37bb3a85-e3c9-405d-ab7c-d87e14c15c68] ::ffff:127.0.0.1 [GET] /metrics Incoming Request: GET /metrics {"payload":{}}
2025-12-01 12:25:54.204 [INFO] [API_RESPONSE] [37bb3a85-e3c9-405d-ab7c-d87e14c15c68] ::ffff:127.0.0.1 [GET] /metrics 2ms 200 Response: GET /metrics 200 2ms {"payload":{}}
2025-12-01T05:25:59.202Z [INFO] [REQUEST_MIDDLEWARE] [5e6ec99d-7332-4f31-90c8-f9e1647a290f] ::ffff:127.0.0.1 [GET] /metrics Incoming request {"userAgent":"Prometheus/3.7.3"}
2025-12-01 12:25:59.203 [INFO] [API_REQUEST] [5e6ec99d-7332-4f31-90c8-f9e1647a290f] ::ffff:127.0.0.1 [GET] /metrics Incoming Request: GET /metrics {"payload":{}}
2025-12-01 12:25:59.205 [INFO] [API_RESPONSE] [5e6ec99d-7332-4f31-90c8-f9e1647a290f] ::ffff:127.0.0.1 [GET] /metrics 2ms 200 Response: GET /metrics 200 2ms {"payload":{}}
2025-12-01T05:26:04.201Z [INFO] [REQUEST_MIDDLEWARE] [f1100f3a-a8c8-4e57-8ace-506a3a360d91] ::ffff:127.0.0.1 [GET] /metrics Incoming request {"userAgent":"Prometheus/3.7.3"}
2025-12-01 12:26:04.201 [INFO] [API_REQUEST] [f1100f3a-a8c8-4e57-8ace-506a3a360d91] ::ffff:127.0.0.1 [GET] /metrics Incoming Request: GET /metrics {"payload":{}}
2025-12-01 12:26:04.204 [INFO] [API_RESPONSE] [f1100f3a-a8c8-4e57-8ace-506a3a360d91] ::ffff:127.0.0.1 [GET] /metrics 3ms 200 Response: GET /metrics 200 3ms {"payload":{}}
2025-12-01T05:26:09.201Z [INFO] [REQUEST_MIDDLEWARE] [938e7e9e-b5d9-4049-af4b-b6f975f14300] ::ffff:127.0.0.1 [GET] /metrics Incoming request {"userAgent":"Prometheus/3.7.3"}
2025-12-01 12:26:09.202 [INFO] [API_REQUEST] [938e7e9e-b5d9-4049-af4b-b6f975f14300] ::ffff:127.0.0.1 [GET] /metrics Incoming Request: GET /metrics {"payload":{}}
2025-12-01 12:26:09.203 [INFO] [API_RESPONSE] [938e7e9e-b5d9-4049-af4b-b6f975f14300] ::ffff:127.0.0.1 [GET] /metrics 1ms 200 Response: GET /metrics 200 1ms {"payload":{}}
2025-12-01T05:26:14.201Z [INFO] [REQUEST_MIDDLEWARE] [f06a93d9-7d89-4f28-9238-d041a817926c] ::ffff:127.0.0.1 [GET] /metrics Incoming request {"userAgent":"Prometheus/3.7.3"}
2025-12-01 12:26:14.201 [INFO] [API_REQUEST] [f06a93d9-7d89-4f28-9238-d041a817926c] ::ffff:127.0.0.1 [GET] /metrics Incoming Request: GET /metrics {"payload":{}}
2025-12-01 12:26:14.204 [INFO] [API_RESPONSE] [f06a93d9-7d89-4f28-9238-d041a817926c] ::ffff:127.0.0.1 [GET] /metrics 3ms 200 Response: GET /metrics 200 3ms {"payload":{}}
2025-12-01T05:26:19.204Z [INFO] [REQUEST_MIDDLEWARE] [d827ba7e-e26c-4623-b989-3495e2e93bf2] ::ffff:127.0.0.1 [GET] /metrics Incoming request {"userAgent":"Prometheus/3.7.3"}
2025-12-01 12:26:19.206 [INFO] [API_REQUEST] [d827ba7e-e26c-4623-b989-3495e2e93bf2] ::ffff:127.0.0.1 [GET] /metrics Incoming Request: GET /metrics {"payload":{}}
2025-12-01 12:26:19.212 [INFO] [API_RESPONSE] [d827ba7e-e26c-4623-b989-3495e2e93bf2] ::ffff:127.0.0.1 [GET] /metrics 6ms 200 Response: GET /metrics 200 6ms {"payload":{}}
2025-12-01T05:26:24.201Z [INFO] [REQUEST_MIDDLEWARE] [1333e866-e5f5-42da-8916-fe3f1143cc07] ::ffff:127.0.0.1 [GET] /metrics Incoming request {"userAgent":"Prometheus/3.7.3"}
2025-12-01 12:26:24.201 [INFO] [API_REQUEST] [1333e866-e5f5-42da-8916-fe3f1143cc07] ::ffff:127.0.0.1 [GET] /metrics Incoming Request: GET /metrics {"payload":{}}
2025-12-01 12:26:24.204 [INFO] [API_RESPONSE] [1333e866-e5f5-42da-8916-fe3f1143cc07] ::ffff:127.0.0.1 [GET] /metrics 3ms 200 Response: GET /metrics 200 3ms {"payload":{}}
2025-12-01T05:26:29.202Z [INFO] [REQUEST_MIDDLEWARE] [82b29102-fe2a-4981-a504-73e0590d27b8] ::ffff:127.0.0.1 [GET] /metrics Incoming request {"userAgent":"Prometheus/3.7.3"}
2025-12-01 12:26:29.202 [INFO] [API_REQUEST] [82b29102-fe2a-4981-a504-73e0590d27b8] ::ffff:127.0.0.1 [GET] /metrics Incoming Request: GET /metrics {"payload":{}}
2025-12-01 12:26:29.203 [INFO] [API_RESPONSE] [82b29102-fe2a-4981-a504-73e0590d27b8] ::ffff:127.0.0.1 [GET] /metrics 1ms 200 Response: GET /metrics 200 1ms {"payload":{}}
2025-12-01T05:26:34.201Z [INFO] [REQUEST_MIDDLEWARE] [c427e6b0-66a6-4b1b-8cb0-3704b56c47ec] ::ffff:127.0.0.1 [GET] /metrics Incoming request {"userAgent":"Prometheus/3.7.3"}
2025-12-01 12:26:34.201 [INFO] [API_REQUEST] [c427e6b0-66a6-4b1b-8cb0-3704b56c47ec] ::ffff:127.0.0.1 [GET] /metrics Incoming Request: GET /metrics {"payload":{}}
2025-12-01 12:26:34.203 [INFO] [API_RESPONSE] [c427e6b0-66a6-4b1b-8cb0-3704b56c47ec] ::ffff:127.0.0.1 [GET] /metrics 2ms 200 Response: GET /metrics 200 2ms {"payload":{}}
2025-12-01T05:26:39.201Z [INFO] [REQUEST_MIDDLEWARE] [a3824756-493b-4712-9cf6-fe4cd7656e3e] ::ffff:127.0.0.1 [GET] /metrics Incoming request {"userAgent":"Prometheus/3.7.3"}
2025-12-01 12:26:39.201 [INFO] [API_REQUEST] [a3824756-493b-4712-9cf6-fe4cd7656e3e] ::ffff:127.0.0.1 [GET] /metrics Incoming Request: GET /metrics {"payload":{}}
2025-12-01 12:26:39.203 [INFO] [API_RESPONSE] [a3824756-493b-4712-9cf6-fe4cd7656e3e] ::ffff:127.0.0.1 [GET] /metrics 2ms 200 Response: GET /metrics 200 2ms {"payload":{}}
2025-12-01T05:26:44.201Z [INFO] [REQUEST_MIDDLEWARE] [33f832c1-4dd8-4a52-89e7-f12f700dafd7] ::ffff:127.0.0.1 [GET] /metrics Incoming request {"userAgent":"Prometheus/3.7.3"}
2025-12-01 12:26:44.201 [INFO] [API_REQUEST] [33f832c1-4dd8-4a52-89e7-f12f700dafd7] ::ffff:127.0.0.1 [GET] /metrics Incoming Request: GET /metrics {"payload":{}}
2025-12-01 12:26:44.204 [INFO] [API_RESPONSE] [33f832c1-4dd8-4a52-89e7-f12f700dafd7] ::ffff:127.0.0.1 [GET] /metrics 3ms 200 Response: GET /metrics 200 3ms {"payload":{}}
2025-12-01T05:26:49.204Z [INFO] [REQUEST_MIDDLEWARE] [9faefc0b-047f-4537-8ff2-539113b9b638] ::ffff:127.0.0.1 [GET] /metrics Incoming request {"userAgent":"Prometheus/3.7.3"}
2025-12-01 12:26:49.206 [INFO] [API_REQUEST] [9faefc0b-047f-4537-8ff2-539113b9b638] ::ffff:127.0.0.1 [GET] /metrics Incoming Request: GET /metrics {"payload":{}}
2025-12-01 12:26:49.212 [INFO] [API_RESPONSE] [9faefc0b-047f-4537-8ff2-539113b9b638] ::ffff:127.0.0.1 [GET] /metrics 6ms 200 Response: GET /metrics 200 6ms {"payload":{}}
2025-12-01T05:26:54.201Z [INFO] [REQUEST_MIDDLEWARE] [2716d10d-27f5-4fe4-9b69-d5b538b30025] ::ffff:127.0.0.1 [GET] /metrics Incoming request {"userAgent":"Prometheus/3.7.3"}
2025-12-01 12:26:54.201 [INFO] [API_REQUEST] [2716d10d-27f5-4fe4-9b69-d5b538b30025] ::ffff:127.0.0.1 [GET] /metrics Incoming Request: GET /metrics {"payload":{}}
2025-12-01 12:26:54.203 [INFO] [API_RESPONSE] [2716d10d-27f5-4fe4-9b69-d5b538b30025] ::ffff:127.0.0.1 [GET] /metrics 2ms 200 Response: GET /metrics 200 2ms {"payload":{}}
2025-12-01T05:26:59.201Z [INFO] [REQUEST_MIDDLEWARE] [eb263323-9429-4479-b93b-1e13282aa57d] ::ffff:127.0.0.1 [GET] /metrics Incoming request {"userAgent":"Prometheus/3.7.3"}
2025-12-01 12:26:59.202 [INFO] [API_REQUEST] [eb263323-9429-4479-b93b-1e13282aa57d] ::ffff:127.0.0.1 [GET] /metrics Incoming Request: GET /metrics {"payload":{}}
2025-12-01 12:26:59.203 [INFO] [API_RESPONSE] [eb263323-9429-4479-b93b-1e13282aa57d] ::ffff:127.0.0.1 [GET] /metrics 1ms 200 Response: GET /metrics 200 1ms {"payload":{}}
2025-12-01T05:27:04.201Z [INFO] [REQUEST_MIDDLEWARE] [3a86a000-534b-4185-b6de-88944ed72cc5] ::ffff:127.0.0.1 [GET] /metrics Incoming request {"userAgent":"Prometheus/3.7.3"}
2025-12-01 12:27:04.201 [INFO] [API_REQUEST] [3a86a000-534b-4185-b6de-88944ed72cc5] ::ffff:127.0.0.1 [GET] /metrics Incoming Request: GET /metrics {"payload":{}}
2025-12-01 12:27:04.204 [INFO] [API_RESPONSE] [3a86a000-534b-4185-b6de-88944ed72cc5] ::ffff:127.0.0.1 [GET] /metrics 3ms 200 Response: GET /metrics 200 3ms {"payload":{}}
2025-12-01T05:27:09.201Z [INFO] [REQUEST_MIDDLEWARE] [1939dbf5-4926-49b9-bfba-e80bd72f1b68] ::ffff:127.0.0.1 [GET] /metrics Incoming request {"userAgent":"Prometheus/3.7.3"}
2025-12-01 12:27:09.202 [INFO] [API_REQUEST] [1939dbf5-4926-49b9-bfba-e80bd72f1b68] ::ffff:127.0.0.1 [GET] /metrics Incoming Request: GET /metrics {"payload":{}}
2025-12-01 12:27:09.204 [INFO] [API_RESPONSE] [1939dbf5-4926-49b9-bfba-e80bd72f1b68] ::ffff:127.0.0.1 [GET] /metrics 2ms 200 Response: GET /metrics 200 2ms {"payload":{}}
2025-12-01T05:27:14.201Z [INFO] [REQUEST_MIDDLEWARE] [a059f64f-a575-44a6-8bfc-296a5171d1e3] ::ffff:127.0.0.1 [GET] /metrics Incoming request {"userAgent":"Prometheus/3.7.3"}
2025-12-01 12:27:14.201 [INFO] [API_REQUEST] [a059f64f-a575-44a6-8bfc-296a5171d1e3] ::ffff:127.0.0.1 [GET] /metrics Incoming Request: GET /metrics {"payload":{}}
2025-12-01 12:27:14.203 [INFO] [API_RESPONSE] [a059f64f-a575-44a6-8bfc-296a5171d1e3] ::ffff:127.0.0.1 [GET] /metrics 2ms 200 Response: GET /metrics 200 2ms {"payload":{}}
2025-12-01T05:27:19.202Z [INFO] [REQUEST_MIDDLEWARE] [95ab51b0-5273-4a22-baee-4f39e0ec327b] ::ffff:127.0.0.1 [GET] /metrics Incoming request {"userAgent":"Prometheus/3.7.3"}
2025-12-01 12:27:19.202 [INFO] [API_REQUEST] [95ab51b0-5273-4a22-baee-4f39e0ec327b] ::ffff:127.0.0.1 [GET] /metrics Incoming Request: GET /metrics {"payload":{}}
2025-12-01 12:27:19.204 [INFO] [API_RESPONSE] [95ab51b0-5273-4a22-baee-4f39e0ec327b] ::ffff:127.0.0.1 [GET] /metrics 2ms 200 Response: GET /metrics 200 2ms {"payload":{}}
2025-12-01T05:27:24.201Z [INFO] [REQUEST_MIDDLEWARE] [4ddb8dee-caa8-41af-8373-8b731e39e0da] ::ffff:127.0.0.1 [GET] /metrics Incoming request {"userAgent":"Prometheus/3.7.3"}
2025-12-01 12:27:24.203 [INFO] [API_REQUEST] [4ddb8dee-caa8-41af-8373-8b731e39e0da] ::ffff:127.0.0.1 [GET] /metrics Incoming Request: GET /metrics {"payload":{}}
2025-12-01 12:27:24.207 [INFO] [API_RESPONSE] [4ddb8dee-caa8-41af-8373-8b731e39e0da] ::ffff:127.0.0.1 [GET] /metrics 4ms 200 Response: GET /metrics 200 4ms {"payload":{}}
2025-12-01T05:27:29.201Z [INFO] [REQUEST_MIDDLEWARE] [a4d802b8-3e61-4891-85b9-8650612ad7f5] ::ffff:127.0.0.1 [GET] /metrics Incoming request {"userAgent":"Prometheus/3.7.3"}
2025-12-01 12:27:29.202 [INFO] [API_REQUEST] [a4d802b8-3e61-4891-85b9-8650612ad7f5] ::ffff:127.0.0.1 [GET] /metrics Incoming Request: GET /metrics {"payload":{}}
2025-12-01 12:27:29.204 [INFO] [API_RESPONSE] [a4d802b8-3e61-4891-85b9-8650612ad7f5] ::ffff:127.0.0.1 [GET] /metrics 2ms 200 Response: GET /metrics 200 2ms {"payload":{}}
2025-12-01T05:27:34.201Z [INFO] [REQUEST_MIDDLEWARE] [99b7f0b3-2879-4491-af38-d6aa88c6bc34] ::ffff:127.0.0.1 [GET] /metrics Incoming request {"userAgent":"Prometheus/3.7.3"}
2025-12-01 12:27:34.201 [INFO] [API_REQUEST] [99b7f0b3-2879-4491-af38-d6aa88c6bc34] ::ffff:127.0.0.1 [GET] /metrics Incoming Request: GET /metrics {"payload":{}}
2025-12-01 12:27:34.203 [INFO] [API_RESPONSE] [99b7f0b3-2879-4491-af38-d6aa88c6bc34] ::ffff:127.0.0.1 [GET] /metrics 2ms 200 Response: GET /metrics 200 2ms {"payload":{}}
2025-12-01T05:27:39.203Z [INFO] [REQUEST_MIDDLEWARE] [d028035d-3ce1-44f7-9717-74a7911e68b6] ::ffff:127.0.0.1 [GET] /metrics Incoming request {"userAgent":"Prometheus/3.7.3"}
2025-12-01 12:27:39.203 [INFO] [API_REQUEST] [d028035d-3ce1-44f7-9717-74a7911e68b6] ::ffff:127.0.0.1 [GET] /metrics Incoming Request: GET /metrics {"payload":{}}
2025-12-01 12:27:39.205 [INFO] [API_RESPONSE] [d028035d-3ce1-44f7-9717-74a7911e68b6] ::ffff:127.0.0.1 [GET] /metrics 2ms 200 Response: GET /metrics 200 2ms {"payload":{}}
2025-12-01T05:27:44.202Z [INFO] [REQUEST_MIDDLEWARE] [8c7a5bdd-1cf9-4d21-acba-e6cbf803932e] ::ffff:127.0.0.1 [GET] /metrics Incoming request {"userAgent":"Prometheus/3.7.3"}
2025-12-01 12:27:44.202 [INFO] [API_REQUEST] [8c7a5bdd-1cf9-4d21-acba-e6cbf803932e] ::ffff:127.0.0.1 [GET] /metrics Incoming Request: GET /metrics {"payload":{}}
2025-12-01 12:27:44.204 [INFO] [API_RESPONSE] [8c7a5bdd-1cf9-4d21-acba-e6cbf803932e] ::ffff:127.0.0.1 [GET] /metrics 2ms 200 Response: GET /metrics 200 2ms {"payload":{}}
2025-12-01T05:27:49.202Z [INFO] [REQUEST_MIDDLEWARE] [b1ccfa7c-fa5e-4c96-b024-bb9cf9c5a370] ::ffff:127.0.0.1 [GET] /metrics Incoming request {"userAgent":"Prometheus/3.7.3"}
2025-12-01 12:27:49.202 [INFO] [API_REQUEST] [b1ccfa7c-fa5e-4c96-b024-bb9cf9c5a370] ::ffff:127.0.0.1 [GET] /metrics Incoming Request: GET /metrics {"payload":{}}
2025-12-01 12:27:49.204 [INFO] [API_RESPONSE] [b1ccfa7c-fa5e-4c96-b024-bb9cf9c5a370] ::ffff:127.0.0.1 [GET] /metrics 2ms 200 Response: GET /metrics 200 2ms {"payload":{}}
2025-12-01T05:27:54.202Z [INFO] [REQUEST_MIDDLEWARE] [0fd4152d-0a80-455b-b7bd-667103557eae] ::ffff:127.0.0.1 [GET] /metrics Incoming request {"userAgent":"Prometheus/3.7.3"}
2025-12-01 12:27:54.202 [INFO] [API_REQUEST] [0fd4152d-0a80-455b-b7bd-667103557eae] ::ffff:127.0.0.1 [GET] /metrics Incoming Request: GET /metrics {"payload":{}}
2025-12-01 12:27:54.204 [INFO] [API_RESPONSE] [0fd4152d-0a80-455b-b7bd-667103557eae] ::ffff:127.0.0.1 [GET] /metrics 2ms 200 Response: GET /metrics 200 2ms {"payload":{}}
2025-12-01T05:27:59.202Z [INFO] [REQUEST_MIDDLEWARE] [51196755-c332-464f-bcde-0fe077f2202c] ::ffff:127.0.0.1 [GET] /metrics Incoming request {"userAgent":"Prometheus/3.7.3"}
2025-12-01 12:27:59.202 [INFO] [API_REQUEST] [51196755-c332-464f-bcde-0fe077f2202c] ::ffff:127.0.0.1 [GET] /metrics Incoming Request: GET /metrics {"payload":{}}
2025-12-01 12:27:59.204 [INFO] [API_RESPONSE] [51196755-c332-464f-bcde-0fe077f2202c] ::ffff:127.0.0.1 [GET] /metrics 2ms 200 Response: GET /metrics 200 2ms {"payload":{}}
2025-12-01T05:28:04.202Z [INFO] [REQUEST_MIDDLEWARE] [c3b2159e-a7aa-4e35-a4c9-31f7fd0d1f83] ::ffff:127.0.0.1 [GET] /metrics Incoming request {"userAgent":"Prometheus/3.7.3"}
2025-12-01 12:28:04.202 [INFO] [API_REQUEST] [c3b2159e-a7aa-4e35-a4c9-31f7fd0d1f83] ::ffff:127.0.0.1 [GET] /metrics Incoming Request: GET /metrics {"payload":{}}
2025-12-01 12:28:04.205 [INFO] [API_RESPONSE] [c3b2159e-a7aa-4e35-a4c9-31f7fd0d1f83] ::ffff:127.0.0.1 [GET] /metrics 3ms 200 Response: GET /metrics 200 3ms {"payload":{}}
2025-12-01T05:28:09.202Z [INFO] [REQUEST_MIDDLEWARE] [296bb97d-529f-49c4-ae47-bd8fdac79dbe] ::ffff:127.0.0.1 [GET] /metrics Incoming request {"userAgent":"Prometheus/3.7.3"}
2025-12-01 12:28:09.202 [INFO] [API_REQUEST] [296bb97d-529f-49c4-ae47-bd8fdac79dbe] ::ffff:127.0.0.1 [GET] /metrics Incoming Request: GET /metrics {"payload":{}}
2025-12-01 12:28:09.204 [INFO] [API_RESPONSE] [296bb97d-529f-49c4-ae47-bd8fdac79dbe] ::ffff:127.0.0.1 [GET] /metrics 2ms 200 Response: GET /metrics 200 2ms {"payload":{}}
2025-12-01T05:28:14.202Z [INFO] [REQUEST_MIDDLEWARE] [a0c42584-f548-4055-b98c-aa7eba31f51f] ::ffff:127.0.0.1 [GET] /metrics Incoming request {"userAgent":"Prometheus/3.7.3"}
2025-12-01 12:28:14.202 [INFO] [API_REQUEST] [a0c42584-f548-4055-b98c-aa7eba31f51f] ::ffff:127.0.0.1 [GET] /metrics Incoming Request: GET /metrics {"payload":{}}
2025-12-01 12:28:14.204 [INFO] [API_RESPONSE] [a0c42584-f548-4055-b98c-aa7eba31f51f] ::ffff:127.0.0.1 [GET] /metrics 2ms 200 Response: GET /metrics 200 2ms {"payload":{}}
2025-12-01T05:28:19.205Z [INFO] [REQUEST_MIDDLEWARE] [b40cc146-a148-4a12-bb2a-c8d218657bcc] ::ffff:127.0.0.1 [GET] /metrics Incoming request {"userAgent":"Prometheus/3.7.3"}
2025-12-01 12:28:19.206 [INFO] [API_REQUEST] [b40cc146-a148-4a12-bb2a-c8d218657bcc] ::ffff:127.0.0.1 [GET] /metrics Incoming Request: GET /metrics {"payload":{}}
2025-12-01 12:28:19.213 [INFO] [API_RESPONSE] [b40cc146-a148-4a12-bb2a-c8d218657bcc] ::ffff:127.0.0.1 [GET] /metrics 7ms 200 Response: GET /metrics 200 7ms {"payload":{}}
2025-12-01T05:28:24.202Z [INFO] [REQUEST_MIDDLEWARE] [9f6abba7-5045-442c-a615-f22427842925] ::ffff:127.0.0.1 [GET] /metrics Incoming request {"userAgent":"Prometheus/3.7.3"}
2025-12-01 12:28:24.202 [INFO] [API_REQUEST] [9f6abba7-5045-442c-a615-f22427842925] ::ffff:127.0.0.1 [GET] /metrics Incoming Request: GET /metrics {"payload":{}}
2025-12-01 12:28:24.205 [INFO] [API_RESPONSE] [9f6abba7-5045-442c-a615-f22427842925] ::ffff:127.0.0.1 [GET] /metrics 3ms 200 Response: GET /metrics 200 3ms {"payload":{}}
2025-12-01T05:28:29.205Z [INFO] [REQUEST_MIDDLEWARE] [b5c96798-2435-401c-b4f2-b900908b19f1] ::ffff:127.0.0.1 [GET] /metrics Incoming request {"userAgent":"Prometheus/3.7.3"}
2025-12-01 12:28:29.206 [INFO] [API_REQUEST] [b5c96798-2435-401c-b4f2-b900908b19f1] ::ffff:127.0.0.1 [GET] /metrics Incoming Request: GET /metrics {"payload":{}}
2025-12-01 12:28:29.214 [INFO] [API_RESPONSE] [b5c96798-2435-401c-b4f2-b900908b19f1] ::ffff:127.0.0.1 [GET] /metrics 8ms 200 Response: GET /metrics 200 8ms {"payload":{}}
2025-12-01T05:28:34.201Z [INFO] [REQUEST_MIDDLEWARE] [5b561d2e-2392-48f2-9ec9-c63bc9c80dc3] ::ffff:127.0.0.1 [GET] /metrics Incoming request {"userAgent":"Prometheus/3.7.3"}
2025-12-01 12:28:34.202 [INFO] [API_REQUEST] [5b561d2e-2392-48f2-9ec9-c63bc9c80dc3] ::ffff:127.0.0.1 [GET] /metrics Incoming Request: GET /metrics {"payload":{}}
2025-12-01 12:28:34.203 [INFO] [API_RESPONSE] [5b561d2e-2392-48f2-9ec9-c63bc9c80dc3] ::ffff:127.0.0.1 [GET] /metrics 1ms 200 Response: GET /metrics 200 1ms {"payload":{}}
2025-12-01T05:28:39.202Z [INFO] [REQUEST_MIDDLEWARE] [c4083eb1-5290-4fa2-97f8-eea4a69d16a1] ::ffff:127.0.0.1 [GET] /metrics Incoming request {"userAgent":"Prometheus/3.7.3"}
2025-12-01 12:28:39.202 [INFO] [API_REQUEST] [c4083eb1-5290-4fa2-97f8-eea4a69d16a1] ::ffff:127.0.0.1 [GET] /metrics Incoming Request: GET /metrics {"payload":{}}
2025-12-01 12:28:39.204 [INFO] [API_RESPONSE] [c4083eb1-5290-4fa2-97f8-eea4a69d16a1] ::ffff:127.0.0.1 [GET] /metrics 2ms 200 Response: GET /metrics 200 2ms {"payload":{}}
2025-12-01T05:28:44.202Z [INFO] [REQUEST_MIDDLEWARE] [8954fc67-47f1-489c-be03-5253859efe40] ::ffff:127.0.0.1 [GET] /metrics Incoming request {"userAgent":"Prometheus/3.7.3"}
2025-12-01 12:28:44.202 [INFO] [API_REQUEST] [8954fc67-47f1-489c-be03-5253859efe40] ::ffff:127.0.0.1 [GET] /metrics Incoming Request: GET /metrics {"payload":{}}
2025-12-01 12:28:44.205 [INFO] [API_RESPONSE] [8954fc67-47f1-489c-be03-5253859efe40] ::ffff:127.0.0.1 [GET] /metrics 3ms 200 Response: GET /metrics 200 3ms {"payload":{}}
2025-12-01T05:28:49.202Z [INFO] [REQUEST_MIDDLEWARE] [d3a6f0a1-a72a-4190-adeb-ee1354ee4951] ::ffff:127.0.0.1 [GET] /metrics Incoming request {"userAgent":"Prometheus/3.7.3"}
2025-12-01 12:28:49.202 [INFO] [API_REQUEST] [d3a6f0a1-a72a-4190-adeb-ee1354ee4951] ::ffff:127.0.0.1 [GET] /metrics Incoming Request: GET /metrics {"payload":{}}
2025-12-01 12:28:49.204 [INFO] [API_RESPONSE] [d3a6f0a1-a72a-4190-adeb-ee1354ee4951] ::ffff:127.0.0.1 [GET] /metrics 2ms 200 Response: GET /metrics 200 2ms {"payload":{}}
2025-12-01T05:28:54.202Z [INFO] [REQUEST_MIDDLEWARE] [24773dea-52f4-4d1d-8dec-faaca139a9a7] ::ffff:127.0.0.1 [GET] /metrics Incoming request {"userAgent":"Prometheus/3.7.3"}
2025-12-01 12:28:54.202 [INFO] [API_REQUEST] [24773dea-52f4-4d1d-8dec-faaca139a9a7] ::ffff:127.0.0.1 [GET] /metrics Incoming Request: GET /metrics {"payload":{}}
2025-12-01 12:28:54.204 [INFO] [API_RESPONSE] [24773dea-52f4-4d1d-8dec-faaca139a9a7] ::ffff:127.0.0.1 [GET] /metrics 2ms 200 Response: GET /metrics 200 2ms {"payload":{}}
2025-12-01T05:28:59.202Z [INFO] [REQUEST_MIDDLEWARE] [a2dc5df9-041a-4966-8221-3abd3ca6cf66] ::ffff:127.0.0.1 [GET] /metrics Incoming request {"userAgent":"Prometheus/3.7.3"}
2025-12-01 12:28:59.202 [INFO] [API_REQUEST] [a2dc5df9-041a-4966-8221-3abd3ca6cf66] ::ffff:127.0.0.1 [GET] /metrics Incoming Request: GET /metrics {"payload":{}}
2025-12-01 12:28:59.203 [INFO] [API_RESPONSE] [a2dc5df9-041a-4966-8221-3abd3ca6cf66] ::ffff:127.0.0.1 [GET] /metrics 1ms 200 Response: GET /metrics 200 1ms {"payload":{}}
2025-12-01T05:29:04.201Z [INFO] [REQUEST_MIDDLEWARE] [0e7fdffa-6b50-442a-85d8-924cd1a3764e] ::ffff:127.0.0.1 [GET] /metrics Incoming request {"userAgent":"Prometheus/3.7.3"}
2025-12-01 12:29:04.202 [INFO] [API_REQUEST] [0e7fdffa-6b50-442a-85d8-924cd1a3764e] ::ffff:127.0.0.1 [GET] /metrics Incoming Request: GET /metrics {"payload":{}}
2025-12-01 12:29:04.203 [INFO] [API_RESPONSE] [0e7fdffa-6b50-442a-85d8-924cd1a3764e] ::ffff:127.0.0.1 [GET] /metrics 1ms 200 Response: GET /metrics 200 1ms {"payload":{}}
2025-12-01T05:29:09.202Z [INFO] [REQUEST_MIDDLEWARE] [47b1e0b2-81d7-4711-b603-8504c020e100] ::ffff:127.0.0.1 [GET] /metrics Incoming request {"userAgent":"Prometheus/3.7.3"}
2025-12-01 12:29:09.202 [INFO] [API_REQUEST] [47b1e0b2-81d7-4711-b603-8504c020e100] ::ffff:127.0.0.1 [GET] /metrics Incoming Request: GET /metrics {"payload":{}}
2025-12-01 12:29:09.204 [INFO] [API_RESPONSE] [47b1e0b2-81d7-4711-b603-8504c020e100] ::ffff:127.0.0.1 [GET] /metrics 2ms 200 Response: GET /metrics 200 2ms {"payload":{}}
2025-12-01T05:29:14.202Z [INFO] [REQUEST_MIDDLEWARE] [7184a498-b807-4747-9289-348e1ad2c36d] ::ffff:127.0.0.1 [GET] /metrics Incoming request {"userAgent":"Prometheus/3.7.3"}
2025-12-01 12:29:14.202 [INFO] [API_REQUEST] [7184a498-b807-4747-9289-348e1ad2c36d] ::ffff:127.0.0.1 [GET] /metrics Incoming Request: GET /metrics {"payload":{}}
2025-12-01 12:29:14.204 [INFO] [API_RESPONSE] [7184a498-b807-4747-9289-348e1ad2c36d] ::ffff:127.0.0.1 [GET] /metrics 2ms 200 Response: GET /metrics 200 2ms {"payload":{}}
2025-12-01T05:29:19.202Z [INFO] [REQUEST_MIDDLEWARE] [5c60a7ae-d76a-4ffe-baf7-8a0db40ca3f7] ::ffff:127.0.0.1 [GET] /metrics Incoming request {"userAgent":"Prometheus/3.7.3"}
2025-12-01 12:29:19.202 [INFO] [API_REQUEST] [5c60a7ae-d76a-4ffe-baf7-8a0db40ca3f7] ::ffff:127.0.0.1 [GET] /metrics Incoming Request: GET /metrics {"payload":{}}
2025-12-01 12:29:19.204 [INFO] [API_RESPONSE] [5c60a7ae-d76a-4ffe-baf7-8a0db40ca3f7] ::ffff:127.0.0.1 [GET] /metrics 2ms 200 Response: GET /metrics 200 2ms {"payload":{}}
2025-12-01T05:29:24.203Z [INFO] [REQUEST_MIDDLEWARE] [3ef3761e-4ce7-41ca-9b44-447513d81122] ::ffff:127.0.0.1 [GET] /metrics Incoming request {"userAgent":"Prometheus/3.7.3"}
2025-12-01 12:29:24.204 [INFO] [API_REQUEST] [3ef3761e-4ce7-41ca-9b44-447513d81122] ::ffff:127.0.0.1 [GET] /metrics Incoming Request: GET /metrics {"payload":{}}
2025-12-01 12:29:24.213 [INFO] [API_RESPONSE] [3ef3761e-4ce7-41ca-9b44-447513d81122] ::ffff:127.0.0.1 [GET] /metrics 8ms 200 Response: GET /metrics 200 8ms {"payload":{}}
2025-12-01T05:29:29.204Z [INFO] [REQUEST_MIDDLEWARE] [35b0e190-f114-40b9-8b4d-aed30b386703] ::ffff:127.0.0.1 [GET] /metrics Incoming request {"userAgent":"Prometheus/3.7.3"}
2025-12-01 12:29:29.205 [INFO] [API_REQUEST] [35b0e190-f114-40b9-8b4d-aed30b386703] ::ffff:127.0.0.1 [GET] /metrics Incoming Request: GET /metrics {"payload":{}}
2025-12-01 12:29:29.209 [INFO] [API_RESPONSE] [35b0e190-f114-40b9-8b4d-aed30b386703] ::ffff:127.0.0.1 [GET] /metrics 4ms 200 Response: GET /metrics 200 4ms {"payload":{}}
2025-12-01T05:29:34.201Z [INFO] [REQUEST_MIDDLEWARE] [f041a7f0-34c3-42ef-9ffd-41f5c0d64230] ::ffff:127.0.0.1 [GET] /metrics Incoming request {"userAgent":"Prometheus/3.7.3"}
2025-12-01 12:29:34.201 [INFO] [API_REQUEST] [f041a7f0-34c3-42ef-9ffd-41f5c0d64230] ::ffff:127.0.0.1 [GET] /metrics Incoming Request: GET /metrics {"payload":{}}
2025-12-01 12:29:34.203 [INFO] [API_RESPONSE] [f041a7f0-34c3-42ef-9ffd-41f5c0d64230] ::ffff:127.0.0.1 [GET] /metrics 2ms 200 Response: GET /metrics 200 2ms {"payload":{}}
2025-12-01T05:29:39.199Z [INFO] [REQUEST_MIDDLEWARE] [e388a0ee-18b1-413b-83b7-c5daedf0b610] ::ffff:127.0.0.1 [GET] /metrics Incoming request {"userAgent":"Prometheus/3.7.3"}
2025-12-01 12:29:39.200 [INFO] [API_REQUEST] [e388a0ee-18b1-413b-83b7-c5daedf0b610] ::ffff:127.0.0.1 [GET] /metrics Incoming Request: GET /metrics {"payload":{}}
2025-12-01 12:29:39.201 [INFO] [API_RESPONSE] [e388a0ee-18b1-413b-83b7-c5daedf0b610] ::ffff:127.0.0.1 [GET] /metrics 1ms 200 Response: GET /metrics 200 1ms {"payload":{}}
2025-12-01T05:29:44.200Z [INFO] [REQUEST_MIDDLEWARE] [2e1e95ec-68dc-437f-8692-cab9ca9c68d3] ::ffff:127.0.0.1 [GET] /metrics Incoming request {"userAgent":"Prometheus/3.7.3"}
2025-12-01 12:29:44.200 [INFO] [API_REQUEST] [2e1e95ec-68dc-437f-8692-cab9ca9c68d3] ::ffff:127.0.0.1 [GET] /metrics Incoming Request: GET /metrics {"payload":{}}
2025-12-01 12:29:44.202 [INFO] [API_RESPONSE] [2e1e95ec-68dc-437f-8692-cab9ca9c68d3] ::ffff:127.0.0.1 [GET] /metrics 2ms 200 Response: GET /metrics 200 2ms {"payload":{}}
2025-12-01T05:29:49.202Z [INFO] [REQUEST_MIDDLEWARE] [0a1c3887-8a21-4dca-bc17-a5b90ce9a1ae] ::ffff:127.0.0.1 [GET] /metrics Incoming request {"userAgent":"Prometheus/3.7.3"}
2025-12-01 12:29:49.202 [INFO] [API_REQUEST] [0a1c3887-8a21-4dca-bc17-a5b90ce9a1ae] ::ffff:127.0.0.1 [GET] /metrics Incoming Request: GET /metrics {"payload":{}}
2025-12-01 12:29:49.204 [INFO] [API_RESPONSE] [0a1c3887-8a21-4dca-bc17-a5b90ce9a1ae] ::ffff:127.0.0.1 [GET] /metrics 2ms 200 Response: GET /metrics 200 2ms {"payload":{}}
2025-12-01T05:29:54.204Z [INFO] [REQUEST_MIDDLEWARE] [a0046f10-ba0e-4f54-8702-96281328b34a] ::ffff:127.0.0.1 [GET] /metrics Incoming request {"userAgent":"Prometheus/3.7.3"}
2025-12-01 12:29:54.205 [INFO] [API_REQUEST] [a0046f10-ba0e-4f54-8702-96281328b34a] ::ffff:127.0.0.1 [GET] /metrics Incoming Request: GET /metrics {"payload":{}}
2025-12-01 12:29:54.212 [INFO] [API_RESPONSE] [a0046f10-ba0e-4f54-8702-96281328b34a] ::ffff:127.0.0.1 [GET] /metrics 7ms 200 Response: GET /metrics 200 7ms {"payload":{}}
2025-12-01T05:29:59.204Z [INFO] [REQUEST_MIDDLEWARE] [41e62339-9dce-4ccc-a66f-511f707993c2] ::ffff:127.0.0.1 [GET] /metrics Incoming request {"userAgent":"Prometheus/3.7.3"}
2025-12-01 12:29:59.206 [INFO] [API_REQUEST] [41e62339-9dce-4ccc-a66f-511f707993c2] ::ffff:127.0.0.1 [GET] /metrics Incoming Request: GET /metrics {"payload":{}}
2025-12-01 12:29:59.213 [INFO] [API_RESPONSE] [41e62339-9dce-4ccc-a66f-511f707993c2] ::ffff:127.0.0.1 [GET] /metrics 8ms 200 Response: GET /metrics 200 8ms {"payload":{}}
2025-12-01T05:30:04.205Z [INFO] [REQUEST_MIDDLEWARE] [ac8d3e69-ee2b-40f8-b5c4-cc6e881516e2] ::ffff:127.0.0.1 [GET] /metrics Incoming request {"userAgent":"Prometheus/3.7.3"}
2025-12-01 12:30:04.206 [INFO] [API_REQUEST] [ac8d3e69-ee2b-40f8-b5c4-cc6e881516e2] ::ffff:127.0.0.1 [GET] /metrics Incoming Request: GET /metrics {"payload":{}}
2025-12-01 12:30:04.214 [INFO] [API_RESPONSE] [ac8d3e69-ee2b-40f8-b5c4-cc6e881516e2] ::ffff:127.0.0.1 [GET] /metrics 8ms 200 Response: GET /metrics 200 8ms {"payload":{}}
2025-12-01T05:30:09.204Z [INFO] [REQUEST_MIDDLEWARE] [8d95e875-95af-490b-8b14-cb7006d8f1a4] ::ffff:127.0.0.1 [GET] /metrics Incoming request {"userAgent":"Prometheus/3.7.3"}
2025-12-01 12:30:09.205 [INFO] [API_REQUEST] [8d95e875-95af-490b-8b14-cb7006d8f1a4] ::ffff:127.0.0.1 [GET] /metrics Incoming Request: GET /metrics {"payload":{}}
2025-12-01 12:30:09.211 [INFO] [API_RESPONSE] [8d95e875-95af-490b-8b14-cb7006d8f1a4] ::ffff:127.0.0.1 [GET] /metrics 6ms 200 Response: GET /metrics 200 6ms {"payload":{}}
2025-12-01T05:30:14.201Z [INFO] [REQUEST_MIDDLEWARE] [e961fc00-1245-455f-aef4-e10e4dc3927e] ::ffff:127.0.0.1 [GET] /metrics Incoming request {"userAgent":"Prometheus/3.7.3"}
2025-12-01 12:30:14.201 [INFO] [API_REQUEST] [e961fc00-1245-455f-aef4-e10e4dc3927e] ::ffff:127.0.0.1 [GET] /metrics Incoming Request: GET /metrics {"payload":{}}
2025-12-01 12:30:14.203 [INFO] [API_RESPONSE] [e961fc00-1245-455f-aef4-e10e4dc3927e] ::ffff:127.0.0.1 [GET] /metrics 2ms 200 Response: GET /metrics 200 2ms {"payload":{}}
2025-12-01T05:30:19.201Z [INFO] [REQUEST_MIDDLEWARE] [78123cd3-80fd-47ba-be18-d05b1f7fb4b1] ::ffff:127.0.0.1 [GET] /metrics Incoming request {"userAgent":"Prometheus/3.7.3"}
2025-12-01 12:30:19.202 [INFO] [API_REQUEST] [78123cd3-80fd-47ba-be18-d05b1f7fb4b1] ::ffff:127.0.0.1 [GET] /metrics Incoming Request: GET /metrics {"payload":{}}
2025-12-01 12:30:19.204 [INFO] [API_RESPONSE] [78123cd3-80fd-47ba-be18-d05b1f7fb4b1] ::ffff:127.0.0.1 [GET] /metrics 1ms 200 Response: GET /metrics 200 1ms {"payload":{}}
2025-12-01T05:30:24.205Z [INFO] [REQUEST_MIDDLEWARE] [d4d233cb-1ce9-40ed-ab34-87482e151089] ::ffff:127.0.0.1 [GET] /metrics Incoming request {"userAgent":"Prometheus/3.7.3"}
2025-12-01 12:30:24.206 [INFO] [API_REQUEST] [d4d233cb-1ce9-40ed-ab34-87482e151089] ::ffff:127.0.0.1 [GET] /metrics Incoming Request: GET /metrics {"payload":{}}
2025-12-01 12:30:24.214 [INFO] [API_RESPONSE] [d4d233cb-1ce9-40ed-ab34-87482e151089] ::ffff:127.0.0.1 [GET] /metrics 8ms 200 Response: GET /metrics 200 8ms {"payload":{}}
2025-12-01T05:30:29.204Z [INFO] [REQUEST_MIDDLEWARE] [eb997514-5ffd-46e0-af8e-05fee34df1df] ::ffff:127.0.0.1 [GET] /metrics Incoming request {"userAgent":"Prometheus/3.7.3"}
2025-12-01 12:30:29.206 [INFO] [API_REQUEST] [eb997514-5ffd-46e0-af8e-05fee34df1df] ::ffff:127.0.0.1 [GET] /metrics Incoming Request: GET /metrics {"payload":{}}
2025-12-01 12:30:29.213 [INFO] [API_RESPONSE] [eb997514-5ffd-46e0-af8e-05fee34df1df] ::ffff:127.0.0.1 [GET] /metrics 8ms 200 Response: GET /metrics 200 8ms {"payload":{}}
2025-12-01T05:30:34.201Z [INFO] [REQUEST_MIDDLEWARE] [4f6e5bff-7c2f-4daa-a524-9974f3f00b65] ::ffff:127.0.0.1 [GET] /metrics Incoming request {"userAgent":"Prometheus/3.7.3"}
2025-12-01 12:30:34.201 [INFO] [API_REQUEST] [4f6e5bff-7c2f-4daa-a524-9974f3f00b65] ::ffff:127.0.0.1 [GET] /metrics Incoming Request: GET /metrics {"payload":{}}
2025-12-01 12:30:34.203 [INFO] [API_RESPONSE] [4f6e5bff-7c2f-4daa-a524-9974f3f00b65] ::ffff:127.0.0.1 [GET] /metrics 2ms 200 Response: GET /metrics 200 2ms {"payload":{}}
2025-12-01T05:30:39.200Z [INFO] [REQUEST_MIDDLEWARE] [76a4983f-0a85-4665-9e26-c76d3c2934e7] ::ffff:127.0.0.1 [GET] /metrics Incoming request {"userAgent":"Prometheus/3.7.3"}
2025-12-01 12:30:39.201 [INFO] [API_REQUEST] [76a4983f-0a85-4665-9e26-c76d3c2934e7] ::ffff:127.0.0.1 [GET] /metrics Incoming Request: GET /metrics {"payload":{}}
2025-12-01 12:30:39.202 [INFO] [API_RESPONSE] [76a4983f-0a85-4665-9e26-c76d3c2934e7] ::ffff:127.0.0.1 [GET] /metrics 2ms 200 Response: GET /metrics 200 2ms {"payload":{}}
2025-12-01T05:30:44.201Z [INFO] [REQUEST_MIDDLEWARE] [e788af41-650a-4dd5-aef8-0fcef7febcf0] ::ffff:127.0.0.1 [GET] /metrics Incoming request {"userAgent":"Prometheus/3.7.3"}
2025-12-01 12:30:44.201 [INFO] [API_REQUEST] [e788af41-650a-4dd5-aef8-0fcef7febcf0] ::ffff:127.0.0.1 [GET] /metrics Incoming Request: GET /metrics {"payload":{}}
2025-12-01 12:30:44.203 [INFO] [API_RESPONSE] [e788af41-650a-4dd5-aef8-0fcef7febcf0] ::ffff:127.0.0.1 [GET] /metrics 2ms 200 Response: GET /metrics 200 2ms {"payload":{}}
2025-12-01T05:30:49.202Z [INFO] [REQUEST_MIDDLEWARE] [59d5b213-e405-4eb5-9151-93e6b9dd42bd] ::ffff:127.0.0.1 [GET] /metrics Incoming request {"userAgent":"Prometheus/3.7.3"}
2025-12-01 12:30:49.202 [INFO] [API_REQUEST] [59d5b213-e405-4eb5-9151-93e6b9dd42bd] ::ffff:127.0.0.1 [GET] /metrics Incoming Request: GET /metrics {"payload":{}}
2025-12-01 12:30:49.204 [INFO] [API_RESPONSE] [59d5b213-e405-4eb5-9151-93e6b9dd42bd] ::ffff:127.0.0.1 [GET] /metrics 2ms 200 Response: GET /metrics 200 2ms {"payload":{}}
2025-12-01T05:30:54.203Z [INFO] [REQUEST_MIDDLEWARE] [08a69ad0-7885-457a-a425-04679c85fc18] ::ffff:127.0.0.1 [GET] /metrics Incoming request {"userAgent":"Prometheus/3.7.3"}
2025-12-01 12:30:54.204 [INFO] [API_REQUEST] [08a69ad0-7885-457a-a425-04679c85fc18] ::ffff:127.0.0.1 [GET] /metrics Incoming Request: GET /metrics {"payload":{}}
2025-12-01 12:30:54.210 [INFO] [API_RESPONSE] [08a69ad0-7885-457a-a425-04679c85fc18] ::ffff:127.0.0.1 [GET] /metrics 6ms 200 Response: GET /metrics 200 6ms {"payload":{}}
2025-12-01T05:30:59.201Z [INFO] [REQUEST_MIDDLEWARE] [8a1412fe-f708-4358-8eb5-83b492a523c0] ::ffff:127.0.0.1 [GET] /metrics Incoming request {"userAgent":"Prometheus/3.7.3"}
2025-12-01 12:30:59.201 [INFO] [API_REQUEST] [8a1412fe-f708-4358-8eb5-83b492a523c0] ::ffff:127.0.0.1 [GET] /metrics Incoming Request: GET /metrics {"payload":{}}
2025-12-01 12:30:59.203 [INFO] [API_RESPONSE] [8a1412fe-f708-4358-8eb5-83b492a523c0] ::ffff:127.0.0.1 [GET] /metrics 2ms 200 Response: GET /metrics 200 2ms {"payload":{}}
2025-12-01T05:31:04.201Z [INFO] [REQUEST_MIDDLEWARE] [113c4840-e802-42db-ae1d-8c69eeb5c523] ::ffff:127.0.0.1 [GET] /metrics Incoming request {"userAgent":"Prometheus/3.7.3"}
2025-12-01 12:31:04.201 [INFO] [API_REQUEST] [113c4840-e802-42db-ae1d-8c69eeb5c523] ::ffff:127.0.0.1 [GET] /metrics Incoming Request: GET /metrics {"payload":{}}
2025-12-01 12:31:04.203 [INFO] [API_RESPONSE] [113c4840-e802-42db-ae1d-8c69eeb5c523] ::ffff:127.0.0.1 [GET] /metrics 2ms 200 Response: GET /metrics 200 2ms {"payload":{}}
2025-12-01T05:31:09.203Z [INFO] [REQUEST_MIDDLEWARE] [c279808c-a47c-4b9d-bedb-5f2adfef0d51] ::ffff:127.0.0.1 [GET] /metrics Incoming request {"userAgent":"Prometheus/3.7.3"}
2025-12-01 12:31:09.204 [INFO] [API_REQUEST] [c279808c-a47c-4b9d-bedb-5f2adfef0d51] ::ffff:127.0.0.1 [GET] /metrics Incoming Request: GET /metrics {"payload":{}}
2025-12-01 12:31:09.210 [INFO] [API_RESPONSE] [c279808c-a47c-4b9d-bedb-5f2adfef0d51] ::ffff:127.0.0.1 [GET] /metrics 6ms 200 Response: GET /metrics 200 6ms {"payload":{}}
2025-12-01T05:31:14.200Z [INFO] [REQUEST_MIDDLEWARE] [824b491a-6ced-45f2-93e8-555bd5eb08d3] ::ffff:127.0.0.1 [GET] /metrics Incoming request {"userAgent":"Prometheus/3.7.3"}
2025-12-01 12:31:14.201 [INFO] [API_REQUEST] [824b491a-6ced-45f2-93e8-555bd5eb08d3] ::ffff:127.0.0.1 [GET] /metrics Incoming Request: GET /metrics {"payload":{}}
2025-12-01 12:31:14.202 [INFO] [API_RESPONSE] [824b491a-6ced-45f2-93e8-555bd5eb08d3] ::ffff:127.0.0.1 [GET] /metrics 1ms 200 Response: GET /metrics 200 1ms {"payload":{}}
2025-12-01T05:31:19.200Z [INFO] [REQUEST_MIDDLEWARE] [39b8b7c6-3098-4178-a623-761adf7f92eb] ::ffff:127.0.0.1 [GET] /metrics Incoming request {"userAgent":"Prometheus/3.7.3"}
2025-12-01 12:31:19.200 [INFO] [API_REQUEST] [39b8b7c6-3098-4178-a623-761adf7f92eb] ::ffff:127.0.0.1 [GET] /metrics Incoming Request: GET /metrics {"payload":{}}
2025-12-01 12:31:19.202 [INFO] [API_RESPONSE] [39b8b7c6-3098-4178-a623-761adf7f92eb] ::ffff:127.0.0.1 [GET] /metrics 2ms 200 Response: GET /metrics 200 2ms {"payload":{}}
2025-12-01T05:31:24.200Z [INFO] [REQUEST_MIDDLEWARE] [982523c8-5175-4476-9e7f-b5591ca89c3c] ::ffff:127.0.0.1 [GET] /metrics Incoming request {"userAgent":"Prometheus/3.7.3"}
2025-12-01 12:31:24.200 [INFO] [API_REQUEST] [982523c8-5175-4476-9e7f-b5591ca89c3c] ::ffff:127.0.0.1 [GET] /metrics Incoming Request: GET /metrics {"payload":{}}
2025-12-01 12:31:24.202 [INFO] [API_RESPONSE] [982523c8-5175-4476-9e7f-b5591ca89c3c] ::ffff:127.0.0.1 [GET] /metrics 2ms 200 Response: GET /metrics 200 2ms {"payload":{}}
2025-12-01T05:31:29.200Z [INFO] [REQUEST_MIDDLEWARE] [4d37b84e-1b9f-4451-915d-4d8ff322c6a9] ::ffff:127.0.0.1 [GET] /metrics Incoming request {"userAgent":"Prometheus/3.7.3"}
2025-12-01 12:31:29.200 [INFO] [API_REQUEST] [4d37b84e-1b9f-4451-915d-4d8ff322c6a9] ::ffff:127.0.0.1 [GET] /metrics Incoming Request: GET /metrics {"payload":{}}
2025-12-01 12:31:29.202 [INFO] [API_RESPONSE] [4d37b84e-1b9f-4451-915d-4d8ff322c6a9] ::ffff:127.0.0.1 [GET] /metrics 2ms 200 Response: GET /metrics 200 2ms {"payload":{}}
2025-12-01T05:31:34.200Z [INFO] [REQUEST_MIDDLEWARE] [127c6d25-09a1-4e40-bb04-e8a61c14adc4] ::ffff:127.0.0.1 [GET] /metrics Incoming request {"userAgent":"Prometheus/3.7.3"}
2025-12-01 12:31:34.200 [INFO] [API_REQUEST] [127c6d25-09a1-4e40-bb04-e8a61c14adc4] ::ffff:127.0.0.1 [GET] /metrics Incoming Request: GET /metrics {"payload":{}}
2025-12-01 12:31:34.202 [INFO] [API_RESPONSE] [127c6d25-09a1-4e40-bb04-e8a61c14adc4] ::ffff:127.0.0.1 [GET] /metrics 2ms 200 Response: GET /metrics 200 2ms {"payload":{}}
2025-12-01T05:31:39.202Z [INFO] [REQUEST_MIDDLEWARE] [56aaa1a4-b30e-4263-959f-42f1ff3b38c2] ::ffff:127.0.0.1 [GET] /metrics Incoming request {"userAgent":"Prometheus/3.7.3"}
2025-12-01 12:31:39.203 [INFO] [API_REQUEST] [56aaa1a4-b30e-4263-959f-42f1ff3b38c2] ::ffff:127.0.0.1 [GET] /metrics Incoming Request: GET /metrics {"payload":{}}
2025-12-01 12:31:39.204 [INFO] [API_RESPONSE] [56aaa1a4-b30e-4263-959f-42f1ff3b38c2] ::ffff:127.0.0.1 [GET] /metrics 1ms 200 Response: GET /metrics 200 1ms {"payload":{}}
2025-12-01T05:31:44.210Z [INFO] [REQUEST_MIDDLEWARE] [33af947a-5b52-4a7c-ad8b-bbbd28f2ce86] ::ffff:127.0.0.1 [GET] /metrics Incoming request {"userAgent":"Prometheus/3.7.3"}
2025-12-01 12:31:44.211 [INFO] [API_REQUEST] [33af947a-5b52-4a7c-ad8b-bbbd28f2ce86] ::ffff:127.0.0.1 [GET] /metrics Incoming Request: GET /metrics {"payload":{}}
2025-12-01 12:31:44.212 [INFO] [API_RESPONSE] [33af947a-5b52-4a7c-ad8b-bbbd28f2ce86] ::ffff:127.0.0.1 [GET] /metrics 2ms 200 Response: GET /metrics 200 2ms {"payload":{}}
2025-12-01T05:31:49.176Z [INFO] [REQUEST_MIDDLEWARE] [b12d8d4a-4faa-42c4-b7bd-93dc595636cd] ::ffff:127.0.0.1 [GET] /metrics Incoming request {"userAgent":"Prometheus/3.7.3"}
2025-12-01 12:31:49.176 [INFO] [API_REQUEST] [b12d8d4a-4faa-42c4-b7bd-93dc595636cd] ::ffff:127.0.0.1 [GET] /metrics Incoming Request: GET /metrics {"payload":{}}
2025-12-01 12:31:49.178 [INFO] [API_RESPONSE] [b12d8d4a-4faa-42c4-b7bd-93dc595636cd] ::ffff:127.0.0.1 [GET] /metrics 2ms 200 Response: GET /metrics 200 2ms {"payload":{}}
2025-12-01T05:31:54.120Z [INFO] [REQUEST_MIDDLEWARE] [aa30386c-50a5-4862-9ddb-353f0f2e7694] ::ffff:127.0.0.1 [GET] /metrics Incoming request {"userAgent":"Prometheus/3.7.3"}
2025-12-01 12:31:54.120 [INFO] [API_REQUEST] [aa30386c-50a5-4862-9ddb-353f0f2e7694] ::ffff:127.0.0.1 [GET] /metrics Incoming Request: GET /metrics {"payload":{}}
2025-12-01 12:31:54.122 [INFO] [API_RESPONSE] [aa30386c-50a5-4862-9ddb-353f0f2e7694] ::ffff:127.0.0.1 [GET] /metrics 2ms 200 Response: GET /metrics 200 2ms {"payload":{}}
2025-12-01T05:31:59.396Z [INFO] [REQUEST_MIDDLEWARE] [ca2ca5bc-629c-4b47-b12b-022e8fa8245c] ::ffff:127.0.0.1 [GET] /metrics Incoming request {"userAgent":"Prometheus/3.7.3"}
2025-12-01 12:31:59.396 [INFO] [API_REQUEST] [ca2ca5bc-629c-4b47-b12b-022e8fa8245c] ::ffff:127.0.0.1 [GET] /metrics Incoming Request: GET /metrics {"payload":{}}
2025-12-01 12:31:59.397 [INFO] [API_RESPONSE] [ca2ca5bc-629c-4b47-b12b-022e8fa8245c] ::ffff:127.0.0.1 [GET] /metrics 1ms 200 Response: GET /metrics 200 1ms {"payload":{}}
2025-12-01T05:32:04.852Z [INFO] [REQUEST_MIDDLEWARE] [69008298-ab24-4f65-a245-1d6a8ce51120] ::ffff:127.0.0.1 [GET] /metrics Incoming request {"userAgent":"Prometheus/3.7.3"}
2025-12-01 12:32:04.853 [INFO] [API_REQUEST] [69008298-ab24-4f65-a245-1d6a8ce51120] ::ffff:127.0.0.1 [GET] /metrics Incoming Request: GET /metrics {"payload":{}}
2025-12-01 12:32:04.855 [INFO] [API_RESPONSE] [69008298-ab24-4f65-a245-1d6a8ce51120] ::ffff:127.0.0.1 [GET] /metrics 2ms 200 Response: GET /metrics 200 2ms {"payload":{}}
2025-12-01T05:32:10.011Z [INFO] [REQUEST_MIDDLEWARE] [b96319b0-7414-4525-be1b-1099e3c13b0f] ::ffff:127.0.0.1 [GET] /metrics Incoming request {"userAgent":"Prometheus/3.7.3"}
2025-12-01 12:32:10.011 [INFO] [API_REQUEST] [b96319b0-7414-4525-be1b-1099e3c13b0f] ::ffff:127.0.0.1 [GET] /metrics Incoming Request: GET /metrics {"payload":{}}
2025-12-01 12:32:10.013 [INFO] [API_RESPONSE] [b96319b0-7414-4525-be1b-1099e3c13b0f] ::ffff:127.0.0.1 [GET] /metrics 2ms 200 Response: GET /metrics 200 2ms {"payload":{}}
2025-12-01T05:32:15.011Z [INFO] [REQUEST_MIDDLEWARE] [5c0361af-4b3c-4436-949d-7c4470f6be3a] ::ffff:127.0.0.1 [GET] /metrics Incoming request {"userAgent":"Prometheus/3.7.3"}
2025-12-01 12:32:15.011 [INFO] [API_REQUEST] [5c0361af-4b3c-4436-949d-7c4470f6be3a] ::ffff:127.0.0.1 [GET] /metrics Incoming Request: GET /metrics {"payload":{}}
2025-12-01 12:32:15.013 [INFO] [API_RESPONSE] [5c0361af-4b3c-4436-949d-7c4470f6be3a] ::ffff:127.0.0.1 [GET] /metrics 2ms 200 Response: GET /metrics 200 2ms {"payload":{}}
2025-12-01T05:32:20.011Z [INFO] [REQUEST_MIDDLEWARE] [9e2e1f76-ea45-436e-a2da-3b2b59b0a771] ::ffff:127.0.0.1 [GET] /metrics Incoming request {"userAgent":"Prometheus/3.7.3"}
2025-12-01 12:32:20.012 [INFO] [API_REQUEST] [9e2e1f76-ea45-436e-a2da-3b2b59b0a771] ::ffff:127.0.0.1 [GET] /metrics Incoming Request: GET /metrics {"payload":{}}
2025-12-01 12:32:20.013 [INFO] [API_RESPONSE] [9e2e1f76-ea45-436e-a2da-3b2b59b0a771] ::ffff:127.0.0.1 [GET] /metrics 2ms 200 Response: GET /metrics 200 2ms {"payload":{}}
2025-12-01T05:32:25.010Z [INFO] [REQUEST_MIDDLEWARE] [c217b7bc-7ee4-43b4-a7ab-5a5f6d094384] ::ffff:127.0.0.1 [GET] /metrics Incoming request {"userAgent":"Prometheus/3.7.3"}
2025-12-01 12:32:25.010 [INFO] [API_REQUEST] [c217b7bc-7ee4-43b4-a7ab-5a5f6d094384] ::ffff:127.0.0.1 [GET] /metrics Incoming Request: GET /metrics {"payload":{}}
2025-12-01 12:32:25.012 [INFO] [API_RESPONSE] [c217b7bc-7ee4-43b4-a7ab-5a5f6d094384] ::ffff:127.0.0.1 [GET] /metrics 2ms 200 Response: GET /metrics 200 2ms {"payload":{}}
2025-12-01T05:32:30.013Z [INFO] [REQUEST_MIDDLEWARE] [f6f4adac-e807-4bb3-8152-533751a7e89b] ::ffff:127.0.0.1 [GET] /metrics Incoming request {"userAgent":"Prometheus/3.7.3"}
2025-12-01 12:32:30.015 [INFO] [API_REQUEST] [f6f4adac-e807-4bb3-8152-533751a7e89b] ::ffff:127.0.0.1 [GET] /metrics Incoming Request: GET /metrics {"payload":{}}
2025-12-01 12:32:30.022 [INFO] [API_RESPONSE] [f6f4adac-e807-4bb3-8152-533751a7e89b] ::ffff:127.0.0.1 [GET] /metrics 7ms 200 Response: GET /metrics 200 7ms {"payload":{}}
2025-12-01T05:32:35.010Z [INFO] [REQUEST_MIDDLEWARE] [8cddea84-8518-45d2-aeff-597e1195f0b6] ::ffff:127.0.0.1 [GET] /metrics Incoming request {"userAgent":"Prometheus/3.7.3"}
2025-12-01 12:32:35.010 [INFO] [API_REQUEST] [8cddea84-8518-45d2-aeff-597e1195f0b6] ::ffff:127.0.0.1 [GET] /metrics Incoming Request: GET /metrics {"payload":{}}
2025-12-01 12:32:35.012 [INFO] [API_RESPONSE] [8cddea84-8518-45d2-aeff-597e1195f0b6] ::ffff:127.0.0.1 [GET] /metrics 2ms 200 Response: GET /metrics 200 2ms {"payload":{}}
2025-12-01T05:32:40.010Z [INFO] [REQUEST_MIDDLEWARE] [c0cb3435-7003-4864-ba91-26bf92a4d13f] ::ffff:127.0.0.1 [GET] /metrics Incoming request {"userAgent":"Prometheus/3.7.3"}
2025-12-01 12:32:40.010 [INFO] [API_REQUEST] [c0cb3435-7003-4864-ba91-26bf92a4d13f] ::ffff:127.0.0.1 [GET] /metrics Incoming Request: GET /metrics {"payload":{}}
2025-12-01 12:32:40.011 [INFO] [API_RESPONSE] [c0cb3435-7003-4864-ba91-26bf92a4d13f] ::ffff:127.0.0.1 [GET] /metrics 1ms 200 Response: GET /metrics 200 1ms {"payload":{}}
2025-12-01T05:32:45.010Z [INFO] [REQUEST_MIDDLEWARE] [2ecf89cb-71a6-4c15-8aff-a609fec17ea6] ::ffff:127.0.0.1 [GET] /metrics Incoming request {"userAgent":"Prometheus/3.7.3"}
2025-12-01 12:32:45.011 [INFO] [API_REQUEST] [2ecf89cb-71a6-4c15-8aff-a609fec17ea6] ::ffff:127.0.0.1 [GET] /metrics Incoming Request: GET /metrics {"payload":{}}
2025-12-01 12:32:45.012 [INFO] [API_RESPONSE] [2ecf89cb-71a6-4c15-8aff-a609fec17ea6] ::ffff:127.0.0.1 [GET] /metrics 1ms 200 Response: GET /metrics 200 1ms {"payload":{}}
2025-12-01T05:32:50.011Z [INFO] [REQUEST_MIDDLEWARE] [38ca3e4b-2116-4509-a135-85e10a410308] ::ffff:127.0.0.1 [GET] /metrics Incoming request {"userAgent":"Prometheus/3.7.3"}
2025-12-01 12:32:50.011 [INFO] [API_REQUEST] [38ca3e4b-2116-4509-a135-85e10a410308] ::ffff:127.0.0.1 [GET] /metrics Incoming Request: GET /metrics {"payload":{}}
2025-12-01 12:32:50.013 [INFO] [API_RESPONSE] [38ca3e4b-2116-4509-a135-85e10a410308] ::ffff:127.0.0.1 [GET] /metrics 2ms 200 Response: GET /metrics 200 2ms {"payload":{}}
2025-12-01T05:32:55.010Z [INFO] [REQUEST_MIDDLEWARE] [822fae92-ae65-4b28-b3a8-ed8d7ca3d0b1] ::ffff:127.0.0.1 [GET] /metrics Incoming request {"userAgent":"Prometheus/3.7.3"}
2025-12-01 12:32:55.010 [INFO] [API_REQUEST] [822fae92-ae65-4b28-b3a8-ed8d7ca3d0b1] ::ffff:127.0.0.1 [GET] /metrics Incoming Request: GET /metrics {"payload":{}}
2025-12-01 12:32:55.012 [INFO] [API_RESPONSE] [822fae92-ae65-4b28-b3a8-ed8d7ca3d0b1] ::ffff:127.0.0.1 [GET] /metrics 2ms 200 Response: GET /metrics 200 2ms {"payload":{}}
2025-12-01T05:33:00.011Z [INFO] [REQUEST_MIDDLEWARE] [85d80da5-2bf0-400f-8651-a54c0e2ecdb5] ::ffff:127.0.0.1 [GET] /metrics Incoming request {"userAgent":"Prometheus/3.7.3"}
2025-12-01 12:33:00.011 [INFO] [API_REQUEST] [85d80da5-2bf0-400f-8651-a54c0e2ecdb5] ::ffff:127.0.0.1 [GET] /metrics Incoming Request: GET /metrics {"payload":{}}
2025-12-01 12:33:00.014 [INFO] [API_RESPONSE] [85d80da5-2bf0-400f-8651-a54c0e2ecdb5] ::ffff:127.0.0.1 [GET] /metrics 3ms 200 Response: GET /metrics 200 3ms {"payload":{}}
2025-12-01T05:33:05.010Z [INFO] [REQUEST_MIDDLEWARE] [07bc5f93-54de-4262-9d57-464cba4bc612] ::ffff:127.0.0.1 [GET] /metrics Incoming request {"userAgent":"Prometheus/3.7.3"}
2025-12-01 12:33:05.011 [INFO] [API_REQUEST] [07bc5f93-54de-4262-9d57-464cba4bc612] ::ffff:127.0.0.1 [GET] /metrics Incoming Request: GET /metrics {"payload":{}}
2025-12-01 12:33:05.012 [INFO] [API_RESPONSE] [07bc5f93-54de-4262-9d57-464cba4bc612] ::ffff:127.0.0.1 [GET] /metrics 1ms 200 Response: GET /metrics 200 1ms {"payload":{}}
2025-12-01T05:33:10.010Z [INFO] [REQUEST_MIDDLEWARE] [f0dbc2f2-9987-4354-9f8e-d0a5bc0fea0c] ::ffff:127.0.0.1 [GET] /metrics Incoming request {"userAgent":"Prometheus/3.7.3"}
2025-12-01 12:33:10.010 [INFO] [API_REQUEST] [f0dbc2f2-9987-4354-9f8e-d0a5bc0fea0c] ::ffff:127.0.0.1 [GET] /metrics Incoming Request: GET /metrics {"payload":{}}
2025-12-01 12:33:10.012 [INFO] [API_RESPONSE] [f0dbc2f2-9987-4354-9f8e-d0a5bc0fea0c] ::ffff:127.0.0.1 [GET] /metrics 2ms 200 Response: GET /metrics 200 2ms {"payload":{}}
2025-12-01T05:33:15.010Z [INFO] [REQUEST_MIDDLEWARE] [c034114a-df11-4bf7-aadd-7a263116a94e] ::ffff:127.0.0.1 [GET] /metrics Incoming request {"userAgent":"Prometheus/3.7.3"}
2025-12-01 12:33:15.011 [INFO] [API_REQUEST] [c034114a-df11-4bf7-aadd-7a263116a94e] ::ffff:127.0.0.1 [GET] /metrics Incoming Request: GET /metrics {"payload":{}}
2025-12-01 12:33:15.012 [INFO] [API_RESPONSE] [c034114a-df11-4bf7-aadd-7a263116a94e] ::ffff:127.0.0.1 [GET] /metrics 1ms 200 Response: GET /metrics 200 1ms {"payload":{}}
2025-12-01T05:33:20.011Z [INFO] [REQUEST_MIDDLEWARE] [d7201858-071a-439e-88fa-6aa142f71cbf] ::ffff:127.0.0.1 [GET] /metrics Incoming request {"userAgent":"Prometheus/3.7.3"}
2025-12-01 12:33:20.011 [INFO] [API_REQUEST] [d7201858-071a-439e-88fa-6aa142f71cbf] ::ffff:127.0.0.1 [GET] /metrics Incoming Request: GET /metrics {"payload":{}}
2025-12-01 12:33:20.013 [INFO] [API_RESPONSE] [d7201858-071a-439e-88fa-6aa142f71cbf] ::ffff:127.0.0.1 [GET] /metrics 2ms 200 Response: GET /metrics 200 2ms {"payload":{}}
2025-12-01T05:33:25.011Z [INFO] [REQUEST_MIDDLEWARE] [fb4a2356-4eb7-45f7-909e-6f5d1f969b07] ::ffff:127.0.0.1 [GET] /metrics Incoming request {"userAgent":"Prometheus/3.7.3"}
2025-12-01 12:33:25.011 [INFO] [API_REQUEST] [fb4a2356-4eb7-45f7-909e-6f5d1f969b07] ::ffff:127.0.0.1 [GET] /metrics Incoming Request: GET /metrics {"payload":{}}
2025-12-01 12:33:25.013 [INFO] [API_RESPONSE] [fb4a2356-4eb7-45f7-909e-6f5d1f969b07] ::ffff:127.0.0.1 [GET] /metrics 2ms 200 Response: GET /metrics 200 2ms {"payload":{}}
2025-12-01T05:33:30.010Z [INFO] [REQUEST_MIDDLEWARE] [ce363063-1705-4756-9024-7f6077d5e628] ::ffff:127.0.0.1 [GET] /metrics Incoming request {"userAgent":"Prometheus/3.7.3"}
2025-12-01 12:33:30.010 [INFO] [API_REQUEST] [ce363063-1705-4756-9024-7f6077d5e628] ::ffff:127.0.0.1 [GET] /metrics Incoming Request: GET /metrics {"payload":{}}
2025-12-01 12:33:30.012 [INFO] [API_RESPONSE] [ce363063-1705-4756-9024-7f6077d5e628] ::ffff:127.0.0.1 [GET] /metrics 2ms 200 Response: GET /metrics 200 2ms {"payload":{}}
2025-12-01T05:33:35.012Z [INFO] [REQUEST_MIDDLEWARE] [1e9356e0-cb4d-46fc-88fb-58986b16eef5] ::ffff:127.0.0.1 [GET] /metrics Incoming request {"userAgent":"Prometheus/3.7.3"}
2025-12-01 12:33:35.013 [INFO] [API_REQUEST] [1e9356e0-cb4d-46fc-88fb-58986b16eef5] ::ffff:127.0.0.1 [GET] /metrics Incoming Request: GET /metrics {"payload":{}}
2025-12-01 12:33:35.018 [INFO] [API_RESPONSE] [1e9356e0-cb4d-46fc-88fb-58986b16eef5] ::ffff:127.0.0.1 [GET] /metrics 5ms 200 Response: GET /metrics 200 5ms {"payload":{}}
2025-12-01T05:33:40.009Z [INFO] [REQUEST_MIDDLEWARE] [aea20687-4a2c-4adc-b470-1b66d7f9d5bf] ::ffff:127.0.0.1 [GET] /metrics Incoming request {"userAgent":"Prometheus/3.7.3"}
2025-12-01 12:33:40.009 [INFO] [API_REQUEST] [aea20687-4a2c-4adc-b470-1b66d7f9d5bf] ::ffff:127.0.0.1 [GET] /metrics Incoming Request: GET /metrics {"payload":{}}
2025-12-01 12:33:40.011 [INFO] [API_RESPONSE] [aea20687-4a2c-4adc-b470-1b66d7f9d5bf] ::ffff:127.0.0.1 [GET] /metrics 2ms 200 Response: GET /metrics 200 2ms {"payload":{}}
2025-12-01T05:33:45.010Z [INFO] [REQUEST_MIDDLEWARE] [6e239fe0-0ee4-44d2-8bc3-5dcf7fc2476b] ::ffff:127.0.0.1 [GET] /metrics Incoming request {"userAgent":"Prometheus/3.7.3"}
2025-12-01 12:33:45.010 [INFO] [API_REQUEST] [6e239fe0-0ee4-44d2-8bc3-5dcf7fc2476b] ::ffff:127.0.0.1 [GET] /metrics Incoming Request: GET /metrics {"payload":{}}
2025-12-01 12:33:45.012 [INFO] [API_RESPONSE] [6e239fe0-0ee4-44d2-8bc3-5dcf7fc2476b] ::ffff:127.0.0.1 [GET] /metrics 2ms 200 Response: GET /metrics 200 2ms {"payload":{}}
2025-12-01T05:33:50.010Z [INFO] [REQUEST_MIDDLEWARE] [13acf7cc-0cb0-4f2d-9c87-4ac988cf8a20] ::ffff:127.0.0.1 [GET] /metrics Incoming request {"userAgent":"Prometheus/3.7.3"}
2025-12-01 12:33:50.011 [INFO] [API_REQUEST] [13acf7cc-0cb0-4f2d-9c87-4ac988cf8a20] ::ffff:127.0.0.1 [GET] /metrics Incoming Request: GET /metrics {"payload":{}}
2025-12-01 12:33:50.012 [INFO] [API_RESPONSE] [13acf7cc-0cb0-4f2d-9c87-4ac988cf8a20] ::ffff:127.0.0.1 [GET] /metrics 1ms 200 Response: GET /metrics 200 1ms {"payload":{}}
2025-12-01T05:33:55.010Z [INFO] [REQUEST_MIDDLEWARE] [8a9a6a37-ff78-4a18-8f60-068cfad74371] ::ffff:127.0.0.1 [GET] /metrics Incoming request {"userAgent":"Prometheus/3.7.3"}
2025-12-01 12:33:55.010 [INFO] [API_REQUEST] [8a9a6a37-ff78-4a18-8f60-068cfad74371] ::ffff:127.0.0.1 [GET] /metrics Incoming Request: GET /metrics {"payload":{}}
2025-12-01 12:33:55.012 [INFO] [API_RESPONSE] [8a9a6a37-ff78-4a18-8f60-068cfad74371] ::ffff:127.0.0.1 [GET] /metrics 2ms 200 Response: GET /metrics 200 2ms {"payload":{}}
2025-12-01T05:34:00.010Z [INFO] [REQUEST_MIDDLEWARE] [8e6a5dea-f7db-48b2-9ba8-62d6bc90c65a] ::ffff:127.0.0.1 [GET] /metrics Incoming request {"userAgent":"Prometheus/3.7.3"}
2025-12-01 12:34:00.011 [INFO] [API_REQUEST] [8e6a5dea-f7db-48b2-9ba8-62d6bc90c65a] ::ffff:127.0.0.1 [GET] /metrics Incoming Request: GET /metrics {"payload":{}}
2025-12-01 12:34:00.012 [INFO] [API_RESPONSE] [8e6a5dea-f7db-48b2-9ba8-62d6bc90c65a] ::ffff:127.0.0.1 [GET] /metrics 1ms 200 Response: GET /metrics 200 1ms {"payload":{}}
2025-12-01T05:34:05.010Z [INFO] [REQUEST_MIDDLEWARE] [a8e765a4-c696-4572-bac2-0f2e97dd5c5c] ::ffff:127.0.0.1 [GET] /metrics Incoming request {"userAgent":"Prometheus/3.7.3"}
2025-12-01 12:34:05.011 [INFO] [API_REQUEST] [a8e765a4-c696-4572-bac2-0f2e97dd5c5c] ::ffff:127.0.0.1 [GET] /metrics Incoming Request: GET /metrics {"payload":{}}
2025-12-01 12:34:05.013 [INFO] [API_RESPONSE] [a8e765a4-c696-4572-bac2-0f2e97dd5c5c] ::ffff:127.0.0.1 [GET] /metrics 2ms 200 Response: GET /metrics 200 2ms {"payload":{}}
2025-12-01T05:34:10.010Z [INFO] [REQUEST_MIDDLEWARE] [4743a1ad-7e89-4629-87da-35dafe921692] ::ffff:127.0.0.1 [GET] /metrics Incoming request {"userAgent":"Prometheus/3.7.3"}
2025-12-01 12:34:10.010 [INFO] [API_REQUEST] [4743a1ad-7e89-4629-87da-35dafe921692] ::ffff:127.0.0.1 [GET] /metrics Incoming Request: GET /metrics {"payload":{}}
2025-12-01 12:34:10.012 [INFO] [API_RESPONSE] [4743a1ad-7e89-4629-87da-35dafe921692] ::ffff:127.0.0.1 [GET] /metrics 2ms 200 Response: GET /metrics 200 2ms {"payload":{}}
2025-12-01T05:34:15.009Z [INFO] [REQUEST_MIDDLEWARE] [7bd56f96-6edb-4873-b0ef-46915f25d61f] ::ffff:127.0.0.1 [GET] /metrics Incoming request {"userAgent":"Prometheus/3.7.3"}
2025-12-01 12:34:15.009 [INFO] [API_REQUEST] [7bd56f96-6edb-4873-b0ef-46915f25d61f] ::ffff:127.0.0.1 [GET] /metrics Incoming Request: GET /metrics {"payload":{}}
2025-12-01 12:34:15.011 [INFO] [API_RESPONSE] [7bd56f96-6edb-4873-b0ef-46915f25d61f] ::ffff:127.0.0.1 [GET] /metrics 2ms 200 Response: GET /metrics 200 2ms {"payload":{}}
2025-12-01T05:34:20.013Z [INFO] [REQUEST_MIDDLEWARE] [2f25fb22-7f73-4c85-9796-9c5fb3bdff66] ::ffff:127.0.0.1 [GET] /metrics Incoming request {"userAgent":"Prometheus/3.7.3"}
2025-12-01 12:34:20.015 [INFO] [API_REQUEST] [2f25fb22-7f73-4c85-9796-9c5fb3bdff66] ::ffff:127.0.0.1 [GET] /metrics Incoming Request: GET /metrics {"payload":{}}
2025-12-01 12:34:20.019 [INFO] [API_RESPONSE] [2f25fb22-7f73-4c85-9796-9c5fb3bdff66] ::ffff:127.0.0.1 [GET] /metrics 5ms 200 Response: GET /metrics 200 5ms {"payload":{}}
2025-12-01T05:34:25.010Z [INFO] [REQUEST_MIDDLEWARE] [c04e2bf6-07bc-4f07-b89c-20a2960bfbcf] ::ffff:127.0.0.1 [GET] /metrics Incoming request {"userAgent":"Prometheus/3.7.3"}
2025-12-01 12:34:25.010 [INFO] [API_REQUEST] [c04e2bf6-07bc-4f07-b89c-20a2960bfbcf] ::ffff:127.0.0.1 [GET] /metrics Incoming Request: GET /metrics {"payload":{}}
2025-12-01 12:34:25.012 [INFO] [API_RESPONSE] [c04e2bf6-07bc-4f07-b89c-20a2960bfbcf] ::ffff:127.0.0.1 [GET] /metrics 2ms 200 Response: GET /metrics 200 2ms {"payload":{}}
2025-12-01T05:34:30.010Z [INFO] [REQUEST_MIDDLEWARE] [a729b698-bf8b-4159-8c90-e6668149243c] ::ffff:127.0.0.1 [GET] /metrics Incoming request {"userAgent":"Prometheus/3.7.3"}
2025-12-01 12:34:30.011 [INFO] [API_REQUEST] [a729b698-bf8b-4159-8c90-e6668149243c] ::ffff:127.0.0.1 [GET] /metrics Incoming Request: GET /metrics {"payload":{}}
2025-12-01 12:34:30.013 [INFO] [API_RESPONSE] [a729b698-bf8b-4159-8c90-e6668149243c] ::ffff:127.0.0.1 [GET] /metrics 2ms 200 Response: GET /metrics 200 2ms {"payload":{}}
2025-12-01T05:34:35.010Z [INFO] [REQUEST_MIDDLEWARE] [5cebdacd-38f4-4fe8-9fee-5cd61d676740] ::ffff:127.0.0.1 [GET] /metrics Incoming request {"userAgent":"Prometheus/3.7.3"}
2025-12-01 12:34:35.011 [INFO] [API_REQUEST] [5cebdacd-38f4-4fe8-9fee-5cd61d676740] ::ffff:127.0.0.1 [GET] /metrics Incoming Request: GET /metrics {"payload":{}}
2025-12-01 12:34:35.013 [INFO] [API_RESPONSE] [5cebdacd-38f4-4fe8-9fee-5cd61d676740] ::ffff:127.0.0.1 [GET] /metrics 2ms 200 Response: GET /metrics 200 2ms {"payload":{}}
2025-12-01T05:34:40.010Z [INFO] [REQUEST_MIDDLEWARE] [121b3d0a-24b4-40c6-8fdc-a9d0a6cfcbea] ::ffff:127.0.0.1 [GET] /metrics Incoming request {"userAgent":"Prometheus/3.7.3"}
2025-12-01 12:34:40.010 [INFO] [API_REQUEST] [121b3d0a-24b4-40c6-8fdc-a9d0a6cfcbea] ::ffff:127.0.0.1 [GET] /metrics Incoming Request: GET /metrics {"payload":{}}
2025-12-01 12:34:40.012 [INFO] [API_RESPONSE] [121b3d0a-24b4-40c6-8fdc-a9d0a6cfcbea] ::ffff:127.0.0.1 [GET] /metrics 2ms 200 Response: GET /metrics 200 2ms {"payload":{}}
2025-12-01T05:34:45.012Z [INFO] [REQUEST_MIDDLEWARE] [beda3886-4734-4ad9-834a-232cf11d6192] ::ffff:127.0.0.1 [GET] /metrics Incoming request {"userAgent":"Prometheus/3.7.3"}
2025-12-01 12:34:45.013 [INFO] [API_REQUEST] [beda3886-4734-4ad9-834a-232cf11d6192] ::ffff:127.0.0.1 [GET] /metrics Incoming Request: GET /metrics {"payload":{}}
2025-12-01 12:34:45.020 [INFO] [API_RESPONSE] [beda3886-4734-4ad9-834a-232cf11d6192] ::ffff:127.0.0.1 [GET] /metrics 7ms 200 Response: GET /metrics 200 7ms {"payload":{}}
2025-12-01T05:34:50.009Z [INFO] [REQUEST_MIDDLEWARE] [a0d3eefc-de11-4262-9786-278a36596ecc] ::ffff:127.0.0.1 [GET] /metrics Incoming request {"userAgent":"Prometheus/3.7.3"}
2025-12-01 12:34:50.010 [INFO] [API_REQUEST] [a0d3eefc-de11-4262-9786-278a36596ecc] ::ffff:127.0.0.1 [GET] /metrics Incoming Request: GET /metrics {"payload":{}}
2025-12-01 12:34:50.011 [INFO] [API_RESPONSE] [a0d3eefc-de11-4262-9786-278a36596ecc] ::ffff:127.0.0.1 [GET] /metrics 1ms 200 Response: GET /metrics 200 1ms {"payload":{}}
2025-12-01T05:34:55.010Z [INFO] [REQUEST_MIDDLEWARE] [890d05da-98f8-4e48-b58b-60e5e4d77e3e] ::ffff:127.0.0.1 [GET] /metrics Incoming request {"userAgent":"Prometheus/3.7.3"}
2025-12-01 12:34:55.011 [INFO] [API_REQUEST] [890d05da-98f8-4e48-b58b-60e5e4d77e3e] ::ffff:127.0.0.1 [GET] /metrics Incoming Request: GET /metrics {"payload":{}}
2025-12-01 12:34:55.012 [INFO] [API_RESPONSE] [890d05da-98f8-4e48-b58b-60e5e4d77e3e] ::ffff:127.0.0.1 [GET] /metrics 1ms 200 Response: GET /metrics 200 1ms {"payload":{}}
2025-12-01T05:35:00.010Z [INFO] [REQUEST_MIDDLEWARE] [3ad8ee6f-0aea-4f60-a280-ed5e92aced36] ::ffff:127.0.0.1 [GET] /metrics Incoming request {"userAgent":"Prometheus/3.7.3"}
2025-12-01 12:35:00.011 [INFO] [API_REQUEST] [3ad8ee6f-0aea-4f60-a280-ed5e92aced36] ::ffff:127.0.0.1 [GET] /metrics Incoming Request: GET /metrics {"payload":{}}
2025-12-01 12:35:00.013 [INFO] [API_RESPONSE] [3ad8ee6f-0aea-4f60-a280-ed5e92aced36] ::ffff:127.0.0.1 [GET] /metrics 2ms 200 Response: GET /metrics 200 2ms {"payload":{}}
2025-12-01T05:35:05.010Z [INFO] [REQUEST_MIDDLEWARE] [c360a444-31cb-4b04-9087-00a57c1faa18] ::ffff:127.0.0.1 [GET] /metrics Incoming request {"userAgent":"Prometheus/3.7.3"}
2025-12-01 12:35:05.010 [INFO] [API_REQUEST] [c360a444-31cb-4b04-9087-00a57c1faa18] ::ffff:127.0.0.1 [GET] /metrics Incoming Request: GET /metrics {"payload":{}}
2025-12-01 12:35:05.012 [INFO] [API_RESPONSE] [c360a444-31cb-4b04-9087-00a57c1faa18] ::ffff:127.0.0.1 [GET] /metrics 2ms 200 Response: GET /metrics 200 2ms {"payload":{}}
2025-12-01T05:35:10.010Z [INFO] [REQUEST_MIDDLEWARE] [f3a5b8f3-eb84-4e6f-982c-24244371c5d8] ::ffff:127.0.0.1 [GET] /metrics Incoming request {"userAgent":"Prometheus/3.7.3"}
2025-12-01 12:35:10.011 [INFO] [API_REQUEST] [f3a5b8f3-eb84-4e6f-982c-24244371c5d8] ::ffff:127.0.0.1 [GET] /metrics Incoming Request: GET /metrics {"payload":{}}
2025-12-01 12:35:10.013 [INFO] [API_RESPONSE] [f3a5b8f3-eb84-4e6f-982c-24244371c5d8] ::ffff:127.0.0.1 [GET] /metrics 2ms 200 Response: GET /metrics 200 2ms {"payload":{}}
2025-12-01T05:35:15.010Z [INFO] [REQUEST_MIDDLEWARE] [c2f446f1-f701-4985-bc48-0263a0511707] ::ffff:127.0.0.1 [GET] /metrics Incoming request {"userAgent":"Prometheus/3.7.3"}
2025-12-01 12:35:15.010 [INFO] [API_REQUEST] [c2f446f1-f701-4985-bc48-0263a0511707] ::ffff:127.0.0.1 [GET] /metrics Incoming Request: GET /metrics {"payload":{}}
2025-12-01 12:35:15.012 [INFO] [API_RESPONSE] [c2f446f1-f701-4985-bc48-0263a0511707] ::ffff:127.0.0.1 [GET] /metrics 2ms 200 Response: GET /metrics 200 2ms {"payload":{}}
2025-12-01T05:35:20.010Z [INFO] [REQUEST_MIDDLEWARE] [3f9b9354-3822-4b64-aefe-24e13c875ae0] ::ffff:127.0.0.1 [GET] /metrics Incoming request {"userAgent":"Prometheus/3.7.3"}
2025-12-01 12:35:20.011 [INFO] [API_REQUEST] [3f9b9354-3822-4b64-aefe-24e13c875ae0] ::ffff:127.0.0.1 [GET] /metrics Incoming Request: GET /metrics {"payload":{}}
2025-12-01 12:35:20.013 [INFO] [API_RESPONSE] [3f9b9354-3822-4b64-aefe-24e13c875ae0] ::ffff:127.0.0.1 [GET] /metrics 2ms 200 Response: GET /metrics 200 2ms {"payload":{}}
2025-12-01T05:35:25.010Z [INFO] [REQUEST_MIDDLEWARE] [dca4df2b-ecec-4b2d-bef5-91a6b1873d57] ::ffff:127.0.0.1 [GET] /metrics Incoming request {"userAgent":"Prometheus/3.7.3"}
2025-12-01 12:35:25.010 [INFO] [API_REQUEST] [dca4df2b-ecec-4b2d-bef5-91a6b1873d57] ::ffff:127.0.0.1 [GET] /metrics Incoming Request: GET /metrics {"payload":{}}
2025-12-01 12:35:25.012 [INFO] [API_RESPONSE] [dca4df2b-ecec-4b2d-bef5-91a6b1873d57] ::ffff:127.0.0.1 [GET] /metrics 2ms 200 Response: GET /metrics 200 2ms {"payload":{}}
2025-12-01T05:35:30.010Z [INFO] [REQUEST_MIDDLEWARE] [f3b4b0e0-bf62-4c03-8d1f-29eee880fc8e] ::ffff:127.0.0.1 [GET] /metrics Incoming request {"userAgent":"Prometheus/3.7.3"}
2025-12-01 12:35:30.011 [INFO] [API_REQUEST] [f3b4b0e0-bf62-4c03-8d1f-29eee880fc8e] ::ffff:127.0.0.1 [GET] /metrics Incoming Request: GET /metrics {"payload":{}}
2025-12-01 12:35:30.012 [INFO] [API_RESPONSE] [f3b4b0e0-bf62-4c03-8d1f-29eee880fc8e] ::ffff:127.0.0.1 [GET] /metrics 1ms 200 Response: GET /metrics 200 1ms {"payload":{}}
2025-12-01T05:35:35.010Z [INFO] [REQUEST_MIDDLEWARE] [db2fc209-a4dd-4c0a-81cd-8a9cb2b12b4d] ::ffff:127.0.0.1 [GET] /metrics Incoming request {"userAgent":"Prometheus/3.7.3"}
2025-12-01 12:35:35.011 [INFO] [API_REQUEST] [db2fc209-a4dd-4c0a-81cd-8a9cb2b12b4d] ::ffff:127.0.0.1 [GET] /metrics Incoming Request: GET /metrics {"payload":{}}
2025-12-01 12:35:35.012 [INFO] [API_RESPONSE] [db2fc209-a4dd-4c0a-81cd-8a9cb2b12b4d] ::ffff:127.0.0.1 [GET] /metrics 1ms 200 Response: GET /metrics 200 1ms {"payload":{}}
2025-12-01T05:35:40.010Z [INFO] [REQUEST_MIDDLEWARE] [a5ee0d1f-b25d-4225-8f10-1d1a9e99da08] ::ffff:127.0.0.1 [GET] /metrics Incoming request {"userAgent":"Prometheus/3.7.3"}
2025-12-01 12:35:40.010 [INFO] [API_REQUEST] [a5ee0d1f-b25d-4225-8f10-1d1a9e99da08] ::ffff:127.0.0.1 [GET] /metrics Incoming Request: GET /metrics {"payload":{}}
2025-12-01 12:35:40.011 [INFO] [API_RESPONSE] [a5ee0d1f-b25d-4225-8f10-1d1a9e99da08] ::ffff:127.0.0.1 [GET] /metrics 1ms 200 Response: GET /metrics 200 1ms {"payload":{}}
2025-12-01T05:35:45.011Z [INFO] [REQUEST_MIDDLEWARE] [b52896dc-42a0-430b-815e-77a3a3fff97c] ::ffff:127.0.0.1 [GET] /metrics Incoming request {"userAgent":"Prometheus/3.7.3"}
2025-12-01 12:35:45.011 [INFO] [API_REQUEST] [b52896dc-42a0-430b-815e-77a3a3fff97c] ::ffff:127.0.0.1 [GET] /metrics Incoming Request: GET /metrics {"payload":{}}
2025-12-01 12:35:45.013 [INFO] [API_RESPONSE] [b52896dc-42a0-430b-815e-77a3a3fff97c] ::ffff:127.0.0.1 [GET] /metrics 2ms 200 Response: GET /metrics 200 2ms {"payload":{}}
2025-12-01T05:35:50.011Z [INFO] [REQUEST_MIDDLEWARE] [5dc3791a-e10e-47c1-98d1-cf993e2ded07] ::ffff:127.0.0.1 [GET] /metrics Incoming request {"userAgent":"Prometheus/3.7.3"}
2025-12-01 12:35:50.011 [INFO] [API_REQUEST] [5dc3791a-e10e-47c1-98d1-cf993e2ded07] ::ffff:127.0.0.1 [GET] /metrics Incoming Request: GET /metrics {"payload":{}}
2025-12-01 12:35:50.013 [INFO] [API_RESPONSE] [5dc3791a-e10e-47c1-98d1-cf993e2ded07] ::ffff:127.0.0.1 [GET] /metrics 2ms 200 Response: GET /metrics 200 2ms {"payload":{}}
2025-12-01T05:35:55.011Z [INFO] [REQUEST_MIDDLEWARE] [4da25b03-4d0c-4dbe-aa65-634a768bfbe1] ::ffff:127.0.0.1 [GET] /metrics Incoming request {"userAgent":"Prometheus/3.7.3"}
2025-12-01 12:35:55.012 [INFO] [API_REQUEST] [4da25b03-4d0c-4dbe-aa65-634a768bfbe1] ::ffff:127.0.0.1 [GET] /metrics Incoming Request: GET /metrics {"payload":{}}
2025-12-01 12:35:55.014 [INFO] [API_RESPONSE] [4da25b03-4d0c-4dbe-aa65-634a768bfbe1] ::ffff:127.0.0.1 [GET] /metrics 2ms 200 Response: GET /metrics 200 2ms {"payload":{}}
2025-12-01T05:36:00.014Z [INFO] [REQUEST_MIDDLEWARE] [2f69b65b-6ad9-44ee-a723-f4aff2763613] ::ffff:127.0.0.1 [GET] /metrics Incoming request {"userAgent":"Prometheus/3.7.3"}
2025-12-01 12:36:00.015 [INFO] [API_REQUEST] [2f69b65b-6ad9-44ee-a723-f4aff2763613] ::ffff:127.0.0.1 [GET] /metrics Incoming Request: GET /metrics {"payload":{}}
2025-12-01 12:36:00.020 [INFO] [API_RESPONSE] [2f69b65b-6ad9-44ee-a723-f4aff2763613] ::ffff:127.0.0.1 [GET] /metrics 5ms 200 Response: GET /metrics 200 5ms {"payload":{}}
2025-12-01T05:36:05.011Z [INFO] [REQUEST_MIDDLEWARE] [ba28e125-d452-4348-8b6d-9a7e3b14b270] ::ffff:127.0.0.1 [GET] /metrics Incoming request {"userAgent":"Prometheus/3.7.3"}
2025-12-01 12:36:05.011 [INFO] [API_REQUEST] [ba28e125-d452-4348-8b6d-9a7e3b14b270] ::ffff:127.0.0.1 [GET] /metrics Incoming Request: GET /metrics {"payload":{}}
2025-12-01 12:36:05.013 [INFO] [API_RESPONSE] [ba28e125-d452-4348-8b6d-9a7e3b14b270] ::ffff:127.0.0.1 [GET] /metrics 2ms 200 Response: GET /metrics 200 2ms {"payload":{}}
2025-12-01T05:36:10.011Z [INFO] [REQUEST_MIDDLEWARE] [e8041fa7-502a-4a1d-8adf-582e8a605c61] ::ffff:127.0.0.1 [GET] /metrics Incoming request {"userAgent":"Prometheus/3.7.3"}
2025-12-01 12:36:10.011 [INFO] [API_REQUEST] [e8041fa7-502a-4a1d-8adf-582e8a605c61] ::ffff:127.0.0.1 [GET] /metrics Incoming Request: GET /metrics {"payload":{}}
2025-12-01 12:36:10.013 [INFO] [API_RESPONSE] [e8041fa7-502a-4a1d-8adf-582e8a605c61] ::ffff:127.0.0.1 [GET] /metrics 2ms 200 Response: GET /metrics 200 2ms {"payload":{}}
2025-12-01T05:36:15.011Z [INFO] [REQUEST_MIDDLEWARE] [9355b6ea-e49e-4e3a-90de-0ca932dc6a9c] ::ffff:127.0.0.1 [GET] /metrics Incoming request {"userAgent":"Prometheus/3.7.3"}
2025-12-01 12:36:15.011 [INFO] [API_REQUEST] [9355b6ea-e49e-4e3a-90de-0ca932dc6a9c] ::ffff:127.0.0.1 [GET] /metrics Incoming Request: GET /metrics {"payload":{}}
2025-12-01 12:36:15.014 [INFO] [API_RESPONSE] [9355b6ea-e49e-4e3a-90de-0ca932dc6a9c] ::ffff:127.0.0.1 [GET] /metrics 3ms 200 Response: GET /metrics 200 3ms {"payload":{}}
2025-12-01T05:36:20.010Z [INFO] [REQUEST_MIDDLEWARE] [84dd1ecf-b02a-421b-a588-0bd83145c812] ::ffff:127.0.0.1 [GET] /metrics Incoming request {"userAgent":"Prometheus/3.7.3"}
2025-12-01 12:36:20.010 [INFO] [API_REQUEST] [84dd1ecf-b02a-421b-a588-0bd83145c812] ::ffff:127.0.0.1 [GET] /metrics Incoming Request: GET /metrics {"payload":{}}
2025-12-01 12:36:20.012 [INFO] [API_RESPONSE] [84dd1ecf-b02a-421b-a588-0bd83145c812] ::ffff:127.0.0.1 [GET] /metrics 2ms 200 Response: GET /metrics 200 2ms {"payload":{}}
2025-12-01T05:36:25.011Z [INFO] [REQUEST_MIDDLEWARE] [766f1cd4-af55-4836-8860-a0f2eb6ce4da] ::ffff:127.0.0.1 [GET] /metrics Incoming request {"userAgent":"Prometheus/3.7.3"}
2025-12-01 12:36:25.011 [INFO] [API_REQUEST] [766f1cd4-af55-4836-8860-a0f2eb6ce4da] ::ffff:127.0.0.1 [GET] /metrics Incoming Request: GET /metrics {"payload":{}}
2025-12-01 12:36:25.013 [INFO] [API_RESPONSE] [766f1cd4-af55-4836-8860-a0f2eb6ce4da] ::ffff:127.0.0.1 [GET] /metrics 2ms 200 Response: GET /metrics 200 2ms {"payload":{}}
2025-12-01T05:36:30.010Z [INFO] [REQUEST_MIDDLEWARE] [9c34bab1-7ebb-4cf9-8ea9-f5631cc8d335] ::ffff:127.0.0.1 [GET] /metrics Incoming request {"userAgent":"Prometheus/3.7.3"}
2025-12-01 12:36:30.010 [INFO] [API_REQUEST] [9c34bab1-7ebb-4cf9-8ea9-f5631cc8d335] ::ffff:127.0.0.1 [GET] /metrics Incoming Request: GET /metrics {"payload":{}}
2025-12-01 12:36:30.012 [INFO] [API_RESPONSE] [9c34bab1-7ebb-4cf9-8ea9-f5631cc8d335] ::ffff:127.0.0.1 [GET] /metrics 2ms 200 Response: GET /metrics 200 2ms {"payload":{}}
2025-12-01T05:36:35.011Z [INFO] [REQUEST_MIDDLEWARE] [5f98ac22-732b-4370-9449-1e1418441eef] ::ffff:127.0.0.1 [GET] /metrics Incoming request {"userAgent":"Prometheus/3.7.3"}
2025-12-01 12:36:35.011 [INFO] [API_REQUEST] [5f98ac22-732b-4370-9449-1e1418441eef] ::ffff:127.0.0.1 [GET] /metrics Incoming Request: GET /metrics {"payload":{}}
2025-12-01 12:36:35.013 [INFO] [API_RESPONSE] [5f98ac22-732b-4370-9449-1e1418441eef] ::ffff:127.0.0.1 [GET] /metrics 2ms 200 Response: GET /metrics 200 2ms {"payload":{}}
2025-12-01T05:36:40.009Z [INFO] [REQUEST_MIDDLEWARE] [21889a0e-271a-42b4-8fce-4e4cee7abe53] ::ffff:127.0.0.1 [GET] /metrics Incoming request {"userAgent":"Prometheus/3.7.3"}
2025-12-01 12:36:40.010 [INFO] [API_REQUEST] [21889a0e-271a-42b4-8fce-4e4cee7abe53] ::ffff:127.0.0.1 [GET] /metrics Incoming Request: GET /metrics {"payload":{}}
2025-12-01 12:36:40.011 [INFO] [API_RESPONSE] [21889a0e-271a-42b4-8fce-4e4cee7abe53] ::ffff:127.0.0.1 [GET] /metrics 2ms 200 Response: GET /metrics 200 2ms {"payload":{}}
2025-12-01T05:36:45.010Z [INFO] [REQUEST_MIDDLEWARE] [82c9e892-8c7a-4f05-9b98-a0d07be9ac74] ::ffff:127.0.0.1 [GET] /metrics Incoming request {"userAgent":"Prometheus/3.7.3"}
2025-12-01 12:36:45.010 [INFO] [API_REQUEST] [82c9e892-8c7a-4f05-9b98-a0d07be9ac74] ::ffff:127.0.0.1 [GET] /metrics Incoming Request: GET /metrics {"payload":{}}
2025-12-01 12:36:45.012 [INFO] [API_RESPONSE] [82c9e892-8c7a-4f05-9b98-a0d07be9ac74] ::ffff:127.0.0.1 [GET] /metrics 2ms 200 Response: GET /metrics 200 2ms {"payload":{}}
2025-12-01T05:36:50.010Z [INFO] [REQUEST_MIDDLEWARE] [d6f488c8-040f-412b-8a2d-1beb59c0deb3] ::ffff:127.0.0.1 [GET] /metrics Incoming request {"userAgent":"Prometheus/3.7.3"}
2025-12-01 12:36:50.011 [INFO] [API_REQUEST] [d6f488c8-040f-412b-8a2d-1beb59c0deb3] ::ffff:127.0.0.1 [GET] /metrics Incoming Request: GET /metrics {"payload":{}}
2025-12-01 12:36:50.013 [INFO] [API_RESPONSE] [d6f488c8-040f-412b-8a2d-1beb59c0deb3] ::ffff:127.0.0.1 [GET] /metrics 2ms 200 Response: GET /metrics 200 2ms {"payload":{}}
2025-12-01T05:36:55.010Z [INFO] [REQUEST_MIDDLEWARE] [54a49f89-a9a6-4900-abc5-78326496a7f5] ::ffff:127.0.0.1 [GET] /metrics Incoming request {"userAgent":"Prometheus/3.7.3"}
2025-12-01 12:36:55.011 [INFO] [API_REQUEST] [54a49f89-a9a6-4900-abc5-78326496a7f5] ::ffff:127.0.0.1 [GET] /metrics Incoming Request: GET /metrics {"payload":{}}
2025-12-01 12:36:55.013 [INFO] [API_RESPONSE] [54a49f89-a9a6-4900-abc5-78326496a7f5] ::ffff:127.0.0.1 [GET] /metrics 2ms 200 Response: GET /metrics 200 2ms {"payload":{}}
2025-12-01T05:37:00.010Z [INFO] [REQUEST_MIDDLEWARE] [153bf339-63f8-4017-80c7-58e06491d3eb] ::ffff:127.0.0.1 [GET] /metrics Incoming request {"userAgent":"Prometheus/3.7.3"}
2025-12-01 12:37:00.011 [INFO] [API_REQUEST] [153bf339-63f8-4017-80c7-58e06491d3eb] ::ffff:127.0.0.1 [GET] /metrics Incoming Request: GET /metrics {"payload":{}}
2025-12-01 12:37:00.013 [INFO] [API_RESPONSE] [153bf339-63f8-4017-80c7-58e06491d3eb] ::ffff:127.0.0.1 [GET] /metrics 1ms 200 Response: GET /metrics 200 1ms {"payload":{}}
2025-12-01T05:37:05.009Z [INFO] [REQUEST_MIDDLEWARE] [16ff6040-a406-43aa-9eb8-e1929c265c66] ::ffff:127.0.0.1 [GET] /metrics Incoming request {"userAgent":"Prometheus/3.7.3"}
2025-12-01 12:37:05.010 [INFO] [API_REQUEST] [16ff6040-a406-43aa-9eb8-e1929c265c66] ::ffff:127.0.0.1 [GET] /metrics Incoming Request: GET /metrics {"payload":{}}
2025-12-01 12:37:05.011 [INFO] [API_RESPONSE] [16ff6040-a406-43aa-9eb8-e1929c265c66] ::ffff:127.0.0.1 [GET] /metrics 1ms 200 Response: GET /metrics 200 1ms {"payload":{}}
2025-12-01T05:37:10.010Z [INFO] [REQUEST_MIDDLEWARE] [2367e9f0-d554-44b9-84ef-86bdca432e26] ::ffff:127.0.0.1 [GET] /metrics Incoming request {"userAgent":"Prometheus/3.7.3"}
2025-12-01 12:37:10.010 [INFO] [API_REQUEST] [2367e9f0-d554-44b9-84ef-86bdca432e26] ::ffff:127.0.0.1 [GET] /metrics Incoming Request: GET /metrics {"payload":{}}
2025-12-01 12:37:10.012 [INFO] [API_RESPONSE] [2367e9f0-d554-44b9-84ef-86bdca432e26] ::ffff:127.0.0.1 [GET] /metrics 2ms 200 Response: GET /metrics 200 2ms {"payload":{}}
2025-12-01T05:37:15.010Z [INFO] [REQUEST_MIDDLEWARE] [72252f98-6c20-45d9-9f69-f37786d8a046] ::ffff:127.0.0.1 [GET] /metrics Incoming request {"userAgent":"Prometheus/3.7.3"}
2025-12-01 12:37:15.010 [INFO] [API_REQUEST] [72252f98-6c20-45d9-9f69-f37786d8a046] ::ffff:127.0.0.1 [GET] /metrics Incoming Request: GET /metrics {"payload":{}}
2025-12-01 12:37:15.012 [INFO] [API_RESPONSE] [72252f98-6c20-45d9-9f69-f37786d8a046] ::ffff:127.0.0.1 [GET] /metrics 2ms 200 Response: GET /metrics 200 2ms {"payload":{}}
2025-12-01T05:37:20.010Z [INFO] [REQUEST_MIDDLEWARE] [6f4a0c00-de7a-4d03-a865-d991a9c54c4d] ::ffff:127.0.0.1 [GET] /metrics Incoming request {"userAgent":"Prometheus/3.7.3"}
2025-12-01 12:37:20.010 [INFO] [API_REQUEST] [6f4a0c00-de7a-4d03-a865-d991a9c54c4d] ::ffff:127.0.0.1 [GET] /metrics Incoming Request: GET /metrics {"payload":{}}
2025-12-01 12:37:20.012 [INFO] [API_RESPONSE] [6f4a0c00-de7a-4d03-a865-d991a9c54c4d] ::ffff:127.0.0.1 [GET] /metrics 2ms 200 Response: GET /metrics 200 2ms {"payload":{}}
2025-12-01T05:37:25.010Z [INFO] [REQUEST_MIDDLEWARE] [d0e8e269-aaba-46c1-9a46-f2b200b7bc10] ::ffff:127.0.0.1 [GET] /metrics Incoming request {"userAgent":"Prometheus/3.7.3"}
2025-12-01 12:37:25.010 [INFO] [API_REQUEST] [d0e8e269-aaba-46c1-9a46-f2b200b7bc10] ::ffff:127.0.0.1 [GET] /metrics Incoming Request: GET /metrics {"payload":{}}
2025-12-01 12:37:25.012 [INFO] [API_RESPONSE] [d0e8e269-aaba-46c1-9a46-f2b200b7bc10] ::ffff:127.0.0.1 [GET] /metrics 2ms 200 Response: GET /metrics 200 2ms {"payload":{}}
2025-12-01T05:37:30.010Z [INFO] [REQUEST_MIDDLEWARE] [1195ce3d-132d-4a56-9973-6576cb9ce68c] ::ffff:127.0.0.1 [GET] /metrics Incoming request {"userAgent":"Prometheus/3.7.3"}
2025-12-01 12:37:30.011 [INFO] [API_REQUEST] [1195ce3d-132d-4a56-9973-6576cb9ce68c] ::ffff:127.0.0.1 [GET] /metrics Incoming Request: GET /metrics {"payload":{}}
2025-12-01 12:37:30.013 [INFO] [API_RESPONSE] [1195ce3d-132d-4a56-9973-6576cb9ce68c] ::ffff:127.0.0.1 [GET] /metrics 2ms 200 Response: GET /metrics 200 2ms {"payload":{}}
2025-12-01T05:37:35.010Z [INFO] [REQUEST_MIDDLEWARE] [71f0e4d5-14f7-40b4-adaf-fba722d33428] ::ffff:127.0.0.1 [GET] /metrics Incoming request {"userAgent":"Prometheus/3.7.3"}
2025-12-01 12:37:35.011 [INFO] [API_REQUEST] [71f0e4d5-14f7-40b4-adaf-fba722d33428] ::ffff:127.0.0.1 [GET] /metrics Incoming Request: GET /metrics {"payload":{}}
2025-12-01 12:37:35.012 [INFO] [API_RESPONSE] [71f0e4d5-14f7-40b4-adaf-fba722d33428] ::ffff:127.0.0.1 [GET] /metrics 1ms 200 Response: GET /metrics 200 1ms {"payload":{}}
2025-12-01T05:37:40.010Z [INFO] [REQUEST_MIDDLEWARE] [10f56fb7-90c3-45c5-90b4-25d689967431] ::ffff:127.0.0.1 [GET] /metrics Incoming request {"userAgent":"Prometheus/3.7.3"}
2025-12-01 12:37:40.011 [INFO] [API_REQUEST] [10f56fb7-90c3-45c5-90b4-25d689967431] ::ffff:127.0.0.1 [GET] /metrics Incoming Request: GET /metrics {"payload":{}}
2025-12-01 12:37:40.012 [INFO] [API_RESPONSE] [10f56fb7-90c3-45c5-90b4-25d689967431] ::ffff:127.0.0.1 [GET] /metrics 1ms 200 Response: GET /metrics 200 1ms {"payload":{}}
2025-12-01T05:37:45.011Z [INFO] [REQUEST_MIDDLEWARE] [2545d9be-9096-48f3-ac66-5477c1f65405] ::ffff:127.0.0.1 [GET] /metrics Incoming request {"userAgent":"Prometheus/3.7.3"}
2025-12-01 12:37:45.011 [INFO] [API_REQUEST] [2545d9be-9096-48f3-ac66-5477c1f65405] ::ffff:127.0.0.1 [GET] /metrics Incoming Request: GET /metrics {"payload":{}}
2025-12-01 12:37:45.013 [INFO] [API_RESPONSE] [2545d9be-9096-48f3-ac66-5477c1f65405] ::ffff:127.0.0.1 [GET] /metrics 2ms 200 Response: GET /metrics 200 2ms {"payload":{}}
2025-12-01T05:37:50.010Z [INFO] [REQUEST_MIDDLEWARE] [96bfe8c2-9f72-40e2-a0b3-45a0b1bc7ad6] ::ffff:127.0.0.1 [GET] /metrics Incoming request {"userAgent":"Prometheus/3.7.3"}
2025-12-01 12:37:50.011 [INFO] [API_REQUEST] [96bfe8c2-9f72-40e2-a0b3-45a0b1bc7ad6] ::ffff:127.0.0.1 [GET] /metrics Incoming Request: GET /metrics {"payload":{}}
2025-12-01 12:37:50.012 [INFO] [API_RESPONSE] [96bfe8c2-9f72-40e2-a0b3-45a0b1bc7ad6] ::ffff:127.0.0.1 [GET] /metrics 1ms 200 Response: GET /metrics 200 1ms {"payload":{}}
2025-12-01T05:37:55.011Z [INFO] [REQUEST_MIDDLEWARE] [3f48b9d9-0f7c-415b-b42b-0aa6540fc51d] ::ffff:127.0.0.1 [GET] /metrics Incoming request {"userAgent":"Prometheus/3.7.3"}
2025-12-01 12:37:55.011 [INFO] [API_REQUEST] [3f48b9d9-0f7c-415b-b42b-0aa6540fc51d] ::ffff:127.0.0.1 [GET] /metrics Incoming Request: GET /metrics {"payload":{}}
2025-12-01 12:37:55.012 [INFO] [API_RESPONSE] [3f48b9d9-0f7c-415b-b42b-0aa6540fc51d] ::ffff:127.0.0.1 [GET] /metrics 1ms 200 Response: GET /metrics 200 1ms {"payload":{}}
2025-12-01T05:38:00.009Z [INFO] [REQUEST_MIDDLEWARE] [4d4420d0-e0a2-4938-bb20-6ce9256b68b1] ::ffff:127.0.0.1 [GET] /metrics Incoming request {"userAgent":"Prometheus/3.7.3"}
2025-12-01 12:38:00.010 [INFO] [API_REQUEST] [4d4420d0-e0a2-4938-bb20-6ce9256b68b1] ::ffff:127.0.0.1 [GET] /metrics Incoming Request: GET /metrics {"payload":{}}
2025-12-01 12:38:00.011 [INFO] [API_RESPONSE] [4d4420d0-e0a2-4938-bb20-6ce9256b68b1] ::ffff:127.0.0.1 [GET] /metrics 1ms 200 Response: GET /metrics 200 1ms {"payload":{}}
2025-12-01T05:38:05.010Z [INFO] [REQUEST_MIDDLEWARE] [cf5148eb-9d31-4b2f-856a-8ebfa19579e0] ::ffff:127.0.0.1 [GET] /metrics Incoming request {"userAgent":"Prometheus/3.7.3"}
2025-12-01 12:38:05.011 [INFO] [API_REQUEST] [cf5148eb-9d31-4b2f-856a-8ebfa19579e0] ::ffff:127.0.0.1 [GET] /metrics Incoming Request: GET /metrics {"payload":{}}
2025-12-01 12:38:05.012 [INFO] [API_RESPONSE] [cf5148eb-9d31-4b2f-856a-8ebfa19579e0] ::ffff:127.0.0.1 [GET] /metrics 1ms 200 Response: GET /metrics 200 1ms {"payload":{}}
2025-12-01T05:38:10.014Z [INFO] [REQUEST_MIDDLEWARE] [b5599af0-ea89-4d37-b0ef-caf267a3936b] ::ffff:127.0.0.1 [GET] /metrics Incoming request {"userAgent":"Prometheus/3.7.3"}
2025-12-01 12:38:10.015 [INFO] [API_REQUEST] [b5599af0-ea89-4d37-b0ef-caf267a3936b] ::ffff:127.0.0.1 [GET] /metrics Incoming Request: GET /metrics {"payload":{}}
2025-12-01 12:38:10.020 [INFO] [API_RESPONSE] [b5599af0-ea89-4d37-b0ef-caf267a3936b] ::ffff:127.0.0.1 [GET] /metrics 5ms 200 Response: GET /metrics 200 5ms {"payload":{}}
2025-12-01T05:38:15.010Z [INFO] [REQUEST_MIDDLEWARE] [c71898e8-4f7a-405e-abea-5ecb9d5ca9be] ::ffff:127.0.0.1 [GET] /metrics Incoming request {"userAgent":"Prometheus/3.7.3"}
2025-12-01 12:38:15.011 [INFO] [API_REQUEST] [c71898e8-4f7a-405e-abea-5ecb9d5ca9be] ::ffff:127.0.0.1 [GET] /metrics Incoming Request: GET /metrics {"payload":{}}
2025-12-01 12:38:15.012 [INFO] [API_RESPONSE] [c71898e8-4f7a-405e-abea-5ecb9d5ca9be] ::ffff:127.0.0.1 [GET] /metrics 1ms 200 Response: GET /metrics 200 1ms {"payload":{}}
2025-12-01T05:38:20.010Z [INFO] [REQUEST_MIDDLEWARE] [70e6e61d-e3fb-4219-90bf-6a937be71fad] ::ffff:127.0.0.1 [GET] /metrics Incoming request {"userAgent":"Prometheus/3.7.3"}
2025-12-01 12:38:20.011 [INFO] [API_REQUEST] [70e6e61d-e3fb-4219-90bf-6a937be71fad] ::ffff:127.0.0.1 [GET] /metrics Incoming Request: GET /metrics {"payload":{}}
2025-12-01 12:38:20.012 [INFO] [API_RESPONSE] [70e6e61d-e3fb-4219-90bf-6a937be71fad] ::ffff:127.0.0.1 [GET] /metrics 1ms 200 Response: GET /metrics 200 1ms {"payload":{}}
2025-12-01T05:38:25.012Z [INFO] [REQUEST_MIDDLEWARE] [2f658b93-a816-4dd0-b745-a4d9be3fc28e] ::ffff:127.0.0.1 [GET] /metrics Incoming request {"userAgent":"Prometheus/3.7.3"}
2025-12-01 12:38:25.012 [INFO] [API_REQUEST] [2f658b93-a816-4dd0-b745-a4d9be3fc28e] ::ffff:127.0.0.1 [GET] /metrics Incoming Request: GET /metrics {"payload":{}}
2025-12-01 12:38:25.015 [INFO] [API_RESPONSE] [2f658b93-a816-4dd0-b745-a4d9be3fc28e] ::ffff:127.0.0.1 [GET] /metrics 3ms 200 Response: GET /metrics 200 3ms {"payload":{}}
2025-12-01T05:38:30.011Z [INFO] [REQUEST_MIDDLEWARE] [ef97bbcf-4789-4133-95f5-f22adf2e0423] ::ffff:127.0.0.1 [GET] /metrics Incoming request {"userAgent":"Prometheus/3.7.3"}
2025-12-01 12:38:30.011 [INFO] [API_REQUEST] [ef97bbcf-4789-4133-95f5-f22adf2e0423] ::ffff:127.0.0.1 [GET] /metrics Incoming Request: GET /metrics {"payload":{}}
2025-12-01 12:38:30.013 [INFO] [API_RESPONSE] [ef97bbcf-4789-4133-95f5-f22adf2e0423] ::ffff:127.0.0.1 [GET] /metrics 2ms 200 Response: GET /metrics 200 2ms {"payload":{}}
2025-12-01T05:38:35.010Z [INFO] [REQUEST_MIDDLEWARE] [8273438c-15bb-4bf1-962b-0e4a794d79a6] ::ffff:127.0.0.1 [GET] /metrics Incoming request {"userAgent":"Prometheus/3.7.3"}
2025-12-01 12:38:35.011 [INFO] [API_REQUEST] [8273438c-15bb-4bf1-962b-0e4a794d79a6] ::ffff:127.0.0.1 [GET] /metrics Incoming Request: GET /metrics {"payload":{}}
2025-12-01 12:38:35.012 [INFO] [API_RESPONSE] [8273438c-15bb-4bf1-962b-0e4a794d79a6] ::ffff:127.0.0.1 [GET] /metrics 1ms 200 Response: GET /metrics 200 1ms {"payload":{}}
2025-12-01T05:38:40.010Z [INFO] [REQUEST_MIDDLEWARE] [686e7d89-05e9-46ea-8611-e3254cea4e29] ::ffff:127.0.0.1 [GET] /metrics Incoming request {"userAgent":"Prometheus/3.7.3"}
2025-12-01 12:38:40.011 [INFO] [API_REQUEST] [686e7d89-05e9-46ea-8611-e3254cea4e29] ::ffff:127.0.0.1 [GET] /metrics Incoming Request: GET /metrics {"payload":{}}
2025-12-01 12:38:40.012 [INFO] [API_RESPONSE] [686e7d89-05e9-46ea-8611-e3254cea4e29] ::ffff:127.0.0.1 [GET] /metrics 1ms 200 Response: GET /metrics 200 1ms {"payload":{}}
2025-12-01T05:38:45.014Z [INFO] [REQUEST_MIDDLEWARE] [48799e2d-9253-4186-97f5-a674e211018b] ::ffff:127.0.0.1 [GET] /metrics Incoming request {"userAgent":"Prometheus/3.7.3"}
2025-12-01 12:38:45.015 [INFO] [API_REQUEST] [48799e2d-9253-4186-97f5-a674e211018b] ::ffff:127.0.0.1 [GET] /metrics Incoming Request: GET /metrics {"payload":{}}
2025-12-01 12:38:45.022 [INFO] [API_RESPONSE] [48799e2d-9253-4186-97f5-a674e211018b] ::ffff:127.0.0.1 [GET] /metrics 7ms 200 Response: GET /metrics 200 7ms {"payload":{}}
2025-12-01T05:38:50.011Z [INFO] [REQUEST_MIDDLEWARE] [9f7f6544-ddc3-4a1a-9d5f-6adb6183c4dd] ::ffff:127.0.0.1 [GET] /metrics Incoming request {"userAgent":"Prometheus/3.7.3"}
2025-12-01 12:38:50.011 [INFO] [API_REQUEST] [9f7f6544-ddc3-4a1a-9d5f-6adb6183c4dd] ::ffff:127.0.0.1 [GET] /metrics Incoming Request: GET /metrics {"payload":{}}
2025-12-01 12:38:50.013 [INFO] [API_RESPONSE] [9f7f6544-ddc3-4a1a-9d5f-6adb6183c4dd] ::ffff:127.0.0.1 [GET] /metrics 2ms 200 Response: GET /metrics 200 2ms {"payload":{}}
2025-12-01T05:38:55.013Z [INFO] [REQUEST_MIDDLEWARE] [b2dbfda7-4d04-41ba-af8b-017feb4333eb] ::ffff:127.0.0.1 [GET] /metrics Incoming request {"userAgent":"Prometheus/3.7.3"}
2025-12-01 12:38:55.015 [INFO] [API_REQUEST] [b2dbfda7-4d04-41ba-af8b-017feb4333eb] ::ffff:127.0.0.1 [GET] /metrics Incoming Request: GET /metrics {"payload":{}}
2025-12-01 12:38:55.021 [INFO] [API_RESPONSE] [b2dbfda7-4d04-41ba-af8b-017feb4333eb] ::ffff:127.0.0.1 [GET] /metrics 7ms 200 Response: GET /metrics 200 7ms {"payload":{}}
2025-12-01T05:39:00.012Z [INFO] [REQUEST_MIDDLEWARE] [6556203c-3522-41a2-8c83-48110317b9a6] ::ffff:127.0.0.1 [GET] /metrics Incoming request {"userAgent":"Prometheus/3.7.3"}
2025-12-01 12:39:00.012 [INFO] [API_REQUEST] [6556203c-3522-41a2-8c83-48110317b9a6] ::ffff:127.0.0.1 [GET] /metrics Incoming Request: GET /metrics {"payload":{}}
2025-12-01 12:39:00.014 [INFO] [API_RESPONSE] [6556203c-3522-41a2-8c83-48110317b9a6] ::ffff:127.0.0.1 [GET] /metrics 2ms 200 Response: GET /metrics 200 2ms {"payload":{}}
2025-12-01T05:39:05.014Z [INFO] [REQUEST_MIDDLEWARE] [f482b7ef-ddd6-4086-aa76-f21e2d7441d4] ::ffff:127.0.0.1 [GET] /metrics Incoming request {"userAgent":"Prometheus/3.7.3"}
2025-12-01 12:39:05.015 [INFO] [API_REQUEST] [f482b7ef-ddd6-4086-aa76-f21e2d7441d4] ::ffff:127.0.0.1 [GET] /metrics Incoming Request: GET /metrics {"payload":{}}
2025-12-01 12:39:05.019 [INFO] [API_RESPONSE] [f482b7ef-ddd6-4086-aa76-f21e2d7441d4] ::ffff:127.0.0.1 [GET] /metrics 4ms 200 Response: GET /metrics 200 4ms {"payload":{}}
2025-12-01T05:39:10.011Z [INFO] [REQUEST_MIDDLEWARE] [8ad5d785-45a7-42b6-839b-5f5153259e36] ::ffff:127.0.0.1 [GET] /metrics Incoming request {"userAgent":"Prometheus/3.7.3"}
2025-12-01 12:39:10.012 [INFO] [API_REQUEST] [8ad5d785-45a7-42b6-839b-5f5153259e36] ::ffff:127.0.0.1 [GET] /metrics Incoming Request: GET /metrics {"payload":{}}
2025-12-01 12:39:10.013 [INFO] [API_RESPONSE] [8ad5d785-45a7-42b6-839b-5f5153259e36] ::ffff:127.0.0.1 [GET] /metrics 1ms 200 Response: GET /metrics 200 1ms {"payload":{}}
2025-12-01T05:39:15.011Z [INFO] [REQUEST_MIDDLEWARE] [0a51cf8c-fa60-44eb-9cad-2792bf3fb3fc] ::ffff:127.0.0.1 [GET] /metrics Incoming request {"userAgent":"Prometheus/3.7.3"}
2025-12-01 12:39:15.012 [INFO] [API_REQUEST] [0a51cf8c-fa60-44eb-9cad-2792bf3fb3fc] ::ffff:127.0.0.1 [GET] /metrics Incoming Request: GET /metrics {"payload":{}}
2025-12-01 12:39:15.013 [INFO] [API_RESPONSE] [0a51cf8c-fa60-44eb-9cad-2792bf3fb3fc] ::ffff:127.0.0.1 [GET] /metrics 1ms 200 Response: GET /metrics 200 1ms {"payload":{}}
2025-12-01T05:39:20.011Z [INFO] [REQUEST_MIDDLEWARE] [b5a2aa7e-72c2-4613-b616-556efb746759] ::ffff:127.0.0.1 [GET] /metrics Incoming request {"userAgent":"Prometheus/3.7.3"}
2025-12-01 12:39:20.011 [INFO] [API_REQUEST] [b5a2aa7e-72c2-4613-b616-556efb746759] ::ffff:127.0.0.1 [GET] /metrics Incoming Request: GET /metrics {"payload":{}}
2025-12-01 12:39:20.012 [INFO] [API_RESPONSE] [b5a2aa7e-72c2-4613-b616-556efb746759] ::ffff:127.0.0.1 [GET] /metrics 1ms 200 Response: GET /metrics 200 1ms {"payload":{}}
2025-12-01T05:39:25.011Z [INFO] [REQUEST_MIDDLEWARE] [690f2dc9-e25e-429e-b62a-e43bbf82e6e7] ::ffff:127.0.0.1 [GET] /metrics Incoming request {"userAgent":"Prometheus/3.7.3"}
2025-12-01 12:39:25.012 [INFO] [API_REQUEST] [690f2dc9-e25e-429e-b62a-e43bbf82e6e7] ::ffff:127.0.0.1 [GET] /metrics Incoming Request: GET /metrics {"payload":{}}
2025-12-01 12:39:25.013 [INFO] [API_RESPONSE] [690f2dc9-e25e-429e-b62a-e43bbf82e6e7] ::ffff:127.0.0.1 [GET] /metrics 1ms 200 Response: GET /metrics 200 1ms {"payload":{}}
2025-12-01T05:39:30.011Z [INFO] [REQUEST_MIDDLEWARE] [a7cbddfe-96cd-4666-8f34-ebcfaf446268] ::ffff:127.0.0.1 [GET] /metrics Incoming request {"userAgent":"Prometheus/3.7.3"}
2025-12-01 12:39:30.011 [INFO] [API_REQUEST] [a7cbddfe-96cd-4666-8f34-ebcfaf446268] ::ffff:127.0.0.1 [GET] /metrics Incoming Request: GET /metrics {"payload":{}}
2025-12-01 12:39:30.013 [INFO] [API_RESPONSE] [a7cbddfe-96cd-4666-8f34-ebcfaf446268] ::ffff:127.0.0.1 [GET] /metrics 2ms 200 Response: GET /metrics 200 2ms {"payload":{}}
2025-12-01T05:39:35.011Z [INFO] [REQUEST_MIDDLEWARE] [02aacf1a-3a19-436c-8d6d-26926668d320] ::ffff:127.0.0.1 [GET] /metrics Incoming request {"userAgent":"Prometheus/3.7.3"}
2025-12-01 12:39:35.011 [INFO] [API_REQUEST] [02aacf1a-3a19-436c-8d6d-26926668d320] ::ffff:127.0.0.1 [GET] /metrics Incoming Request: GET /metrics {"payload":{}}
2025-12-01 12:39:35.012 [INFO] [API_RESPONSE] [02aacf1a-3a19-436c-8d6d-26926668d320] ::ffff:127.0.0.1 [GET] /metrics 1ms 200 Response: GET /metrics 200 1ms {"payload":{}}
2025-12-01T05:39:40.010Z [INFO] [REQUEST_MIDDLEWARE] [3136b55e-6679-4914-8e0f-987ec828164d] ::ffff:127.0.0.1 [GET] /metrics Incoming request {"userAgent":"Prometheus/3.7.3"}
2025-12-01 12:39:40.010 [INFO] [API_REQUEST] [3136b55e-6679-4914-8e0f-987ec828164d] ::ffff:127.0.0.1 [GET] /metrics Incoming Request: GET /metrics {"payload":{}}
2025-12-01 12:39:40.011 [INFO] [API_RESPONSE] [3136b55e-6679-4914-8e0f-987ec828164d] ::ffff:127.0.0.1 [GET] /metrics 1ms 200 Response: GET /metrics 200 1ms {"payload":{}}
2025-12-01T05:39:45.011Z [INFO] [REQUEST_MIDDLEWARE] [2f34954e-c702-4f6d-a582-be57db2ea5c9] ::ffff:127.0.0.1 [GET] /metrics Incoming request {"userAgent":"Prometheus/3.7.3"}
2025-12-01 12:39:45.011 [INFO] [API_REQUEST] [2f34954e-c702-4f6d-a582-be57db2ea5c9] ::ffff:127.0.0.1 [GET] /metrics Incoming Request: GET /metrics {"payload":{}}
2025-12-01 12:39:45.013 [INFO] [API_RESPONSE] [2f34954e-c702-4f6d-a582-be57db2ea5c9] ::ffff:127.0.0.1 [GET] /metrics 2ms 200 Response: GET /metrics 200 2ms {"payload":{}}
2025-12-01T05:39:50.011Z [INFO] [REQUEST_MIDDLEWARE] [db71e3e6-440b-4bbe-a3e8-a1d3f8c44da3] ::ffff:127.0.0.1 [GET] /metrics Incoming request {"userAgent":"Prometheus/3.7.3"}
2025-12-01 12:39:50.011 [INFO] [API_REQUEST] [db71e3e6-440b-4bbe-a3e8-a1d3f8c44da3] ::ffff:127.0.0.1 [GET] /metrics Incoming Request: GET /metrics {"payload":{}}
2025-12-01 12:39:50.013 [INFO] [API_RESPONSE] [db71e3e6-440b-4bbe-a3e8-a1d3f8c44da3] ::ffff:127.0.0.1 [GET] /metrics 2ms 200 Response: GET /metrics 200 2ms {"payload":{}}
2025-12-01T05:39:55.010Z [INFO] [REQUEST_MIDDLEWARE] [6dc1a6f6-2446-42fb-88c0-1ddbb257f1d3] ::ffff:127.0.0.1 [GET] /metrics Incoming request {"userAgent":"Prometheus/3.7.3"}
2025-12-01 12:39:55.011 [INFO] [API_REQUEST] [6dc1a6f6-2446-42fb-88c0-1ddbb257f1d3] ::ffff:127.0.0.1 [GET] /metrics Incoming Request: GET /metrics {"payload":{}}
2025-12-01 12:39:55.012 [INFO] [API_RESPONSE] [6dc1a6f6-2446-42fb-88c0-1ddbb257f1d3] ::ffff:127.0.0.1 [GET] /metrics 1ms 200 Response: GET /metrics 200 1ms {"payload":{}}
2025-12-01T05:40:00.011Z [INFO] [REQUEST_MIDDLEWARE] [c3ee6883-b3c9-44d9-ac9e-cd878f0ae90b] ::ffff:127.0.0.1 [GET] /metrics Incoming request {"userAgent":"Prometheus/3.7.3"}
2025-12-01 12:40:00.011 [INFO] [API_REQUEST] [c3ee6883-b3c9-44d9-ac9e-cd878f0ae90b] ::ffff:127.0.0.1 [GET] /metrics Incoming Request: GET /metrics {"payload":{}}
2025-12-01 12:40:00.014 [INFO] [API_RESPONSE] [c3ee6883-b3c9-44d9-ac9e-cd878f0ae90b] ::ffff:127.0.0.1 [GET] /metrics 3ms 200 Response: GET /metrics 200 3ms {"payload":{}}
2025-12-01T05:40:05.011Z [INFO] [REQUEST_MIDDLEWARE] [2c21598b-3aa3-4cc3-b829-5fada474a8f4] ::ffff:127.0.0.1 [GET] /metrics Incoming request {"userAgent":"Prometheus/3.7.3"}
2025-12-01 12:40:05.011 [INFO] [API_REQUEST] [2c21598b-3aa3-4cc3-b829-5fada474a8f4] ::ffff:127.0.0.1 [GET] /metrics Incoming Request: GET /metrics {"payload":{}}
2025-12-01 12:40:05.013 [INFO] [API_RESPONSE] [2c21598b-3aa3-4cc3-b829-5fada474a8f4] ::ffff:127.0.0.1 [GET] /metrics 2ms 200 Response: GET /metrics 200 2ms {"payload":{}}
2025-12-01T05:40:10.010Z [INFO] [REQUEST_MIDDLEWARE] [bcf473ba-e33a-430b-b717-7c77587ce0d1] ::ffff:127.0.0.1 [GET] /metrics Incoming request {"userAgent":"Prometheus/3.7.3"}
2025-12-01 12:40:10.011 [INFO] [API_REQUEST] [bcf473ba-e33a-430b-b717-7c77587ce0d1] ::ffff:127.0.0.1 [GET] /metrics Incoming Request: GET /metrics {"payload":{}}
2025-12-01 12:40:10.013 [INFO] [API_RESPONSE] [bcf473ba-e33a-430b-b717-7c77587ce0d1] ::ffff:127.0.0.1 [GET] /metrics 2ms 200 Response: GET /metrics 200 2ms {"payload":{}}
2025-12-01T05:40:15.011Z [INFO] [REQUEST_MIDDLEWARE] [d22a1955-e19c-4871-804d-720a55c62867] ::ffff:127.0.0.1 [GET] /metrics Incoming request {"userAgent":"Prometheus/3.7.3"}
2025-12-01 12:40:15.012 [INFO] [API_REQUEST] [d22a1955-e19c-4871-804d-720a55c62867] ::ffff:127.0.0.1 [GET] /metrics Incoming Request: GET /metrics {"payload":{}}
2025-12-01 12:40:15.013 [INFO] [API_RESPONSE] [d22a1955-e19c-4871-804d-720a55c62867] ::ffff:127.0.0.1 [GET] /metrics 1ms 200 Response: GET /metrics 200 1ms {"payload":{}}
2025-12-01T05:40:20.011Z [INFO] [REQUEST_MIDDLEWARE] [7cdc8af7-b1a6-4d08-a405-309c26fc73d7] ::ffff:127.0.0.1 [GET] /metrics Incoming request {"userAgent":"Prometheus/3.7.3"}
2025-12-01 12:40:20.011 [INFO] [API_REQUEST] [7cdc8af7-b1a6-4d08-a405-309c26fc73d7] ::ffff:127.0.0.1 [GET] /metrics Incoming Request: GET /metrics {"payload":{}}
2025-12-01 12:40:20.013 [INFO] [API_RESPONSE] [7cdc8af7-b1a6-4d08-a405-309c26fc73d7] ::ffff:127.0.0.1 [GET] /metrics 2ms 200 Response: GET /metrics 200 2ms {"payload":{}}
2025-12-01T05:40:25.011Z [INFO] [REQUEST_MIDDLEWARE] [950af223-0f97-4096-a9f5-2d2d69e42c12] ::ffff:127.0.0.1 [GET] /metrics Incoming request {"userAgent":"Prometheus/3.7.3"}
2025-12-01 12:40:25.011 [INFO] [API_REQUEST] [950af223-0f97-4096-a9f5-2d2d69e42c12] ::ffff:127.0.0.1 [GET] /metrics Incoming Request: GET /metrics {"payload":{}}
2025-12-01 12:40:25.014 [INFO] [API_RESPONSE] [950af223-0f97-4096-a9f5-2d2d69e42c12] ::ffff:127.0.0.1 [GET] /metrics 3ms 200 Response: GET /metrics 200 3ms {"payload":{}}
2025-12-01T05:40:30.011Z [INFO] [REQUEST_MIDDLEWARE] [09eeffe5-763f-461a-9130-3864f54b6d4f] ::ffff:127.0.0.1 [GET] /metrics Incoming request {"userAgent":"Prometheus/3.7.3"}
2025-12-01 12:40:30.011 [INFO] [API_REQUEST] [09eeffe5-763f-461a-9130-3864f54b6d4f] ::ffff:127.0.0.1 [GET] /metrics Incoming Request: GET /metrics {"payload":{}}
2025-12-01 12:40:30.013 [INFO] [API_RESPONSE] [09eeffe5-763f-461a-9130-3864f54b6d4f] ::ffff:127.0.0.1 [GET] /metrics 2ms 200 Response: GET /metrics 200 2ms {"payload":{}}
2025-12-01T05:40:35.010Z [INFO] [REQUEST_MIDDLEWARE] [56c8d4f8-8e5e-4be1-81a5-b6cf62dd71bd] ::ffff:127.0.0.1 [GET] /metrics Incoming request {"userAgent":"Prometheus/3.7.3"}
2025-12-01 12:40:35.010 [INFO] [API_REQUEST] [56c8d4f8-8e5e-4be1-81a5-b6cf62dd71bd] ::ffff:127.0.0.1 [GET] /metrics Incoming Request: GET /metrics {"payload":{}}
2025-12-01 12:40:35.012 [INFO] [API_RESPONSE] [56c8d4f8-8e5e-4be1-81a5-b6cf62dd71bd] ::ffff:127.0.0.1 [GET] /metrics 2ms 200 Response: GET /metrics 200 2ms {"payload":{}}
2025-12-01T05:40:40.010Z [INFO] [REQUEST_MIDDLEWARE] [19d9dc3e-cf5d-46bf-9b0d-4c8d9fc5757b] ::ffff:127.0.0.1 [GET] /metrics Incoming request {"userAgent":"Prometheus/3.7.3"}
2025-12-01 12:40:40.010 [INFO] [API_REQUEST] [19d9dc3e-cf5d-46bf-9b0d-4c8d9fc5757b] ::ffff:127.0.0.1 [GET] /metrics Incoming Request: GET /metrics {"payload":{}}
2025-12-01 12:40:40.011 [INFO] [API_RESPONSE] [19d9dc3e-cf5d-46bf-9b0d-4c8d9fc5757b] ::ffff:127.0.0.1 [GET] /metrics 1ms 200 Response: GET /metrics 200 1ms {"payload":{}}
2025-12-01T05:40:45.010Z [INFO] [REQUEST_MIDDLEWARE] [d81b204d-7dd7-4977-9442-90238edb0e64] ::ffff:127.0.0.1 [GET] /metrics Incoming request {"userAgent":"Prometheus/3.7.3"}
2025-12-01 12:40:45.010 [INFO] [API_REQUEST] [d81b204d-7dd7-4977-9442-90238edb0e64] ::ffff:127.0.0.1 [GET] /metrics Incoming Request: GET /metrics {"payload":{}}
2025-12-01 12:40:45.012 [INFO] [API_RESPONSE] [d81b204d-7dd7-4977-9442-90238edb0e64] ::ffff:127.0.0.1 [GET] /metrics 2ms 200 Response: GET /metrics 200 2ms {"payload":{}}
2025-12-01T05:40:50.012Z [INFO] [REQUEST_MIDDLEWARE] [642c97ea-8cd5-4e2a-966e-5f6321d4e445] ::ffff:127.0.0.1 [GET] /metrics Incoming request {"userAgent":"Prometheus/3.7.3"}
2025-12-01 12:40:50.012 [INFO] [API_REQUEST] [642c97ea-8cd5-4e2a-966e-5f6321d4e445] ::ffff:127.0.0.1 [GET] /metrics Incoming Request: GET /metrics {"payload":{}}
2025-12-01 12:40:50.014 [INFO] [API_RESPONSE] [642c97ea-8cd5-4e2a-966e-5f6321d4e445] ::ffff:127.0.0.1 [GET] /metrics 2ms 200 Response: GET /metrics 200 2ms {"payload":{}}
2025-12-01T05:40:55.010Z [INFO] [REQUEST_MIDDLEWARE] [ddee363d-9586-41c9-b6af-c5ac6f03930d] ::ffff:127.0.0.1 [GET] /metrics Incoming request {"userAgent":"Prometheus/3.7.3"}
2025-12-01 12:40:55.011 [INFO] [API_REQUEST] [ddee363d-9586-41c9-b6af-c5ac6f03930d] ::ffff:127.0.0.1 [GET] /metrics Incoming Request: GET /metrics {"payload":{}}
2025-12-01 12:40:55.012 [INFO] [API_RESPONSE] [ddee363d-9586-41c9-b6af-c5ac6f03930d] ::ffff:127.0.0.1 [GET] /metrics 1ms 200 Response: GET /metrics 200 1ms {"payload":{}}
2025-12-01T05:41:00.011Z [INFO] [REQUEST_MIDDLEWARE] [3c3329e0-ab08-4c4c-bb48-d8526a610bb1] ::ffff:127.0.0.1 [GET] /metrics Incoming request {"userAgent":"Prometheus/3.7.3"}
2025-12-01 12:41:00.012 [INFO] [API_REQUEST] [3c3329e0-ab08-4c4c-bb48-d8526a610bb1] ::ffff:127.0.0.1 [GET] /metrics Incoming Request: GET /metrics {"payload":{}}
2025-12-01 12:41:00.013 [INFO] [API_RESPONSE] [3c3329e0-ab08-4c4c-bb48-d8526a610bb1] ::ffff:127.0.0.1 [GET] /metrics 1ms 200 Response: GET /metrics 200 1ms {"payload":{}}
2025-12-01T05:41:05.011Z [INFO] [REQUEST_MIDDLEWARE] [cb986258-eaf1-47a3-96b8-eef056813066] ::ffff:127.0.0.1 [GET] /metrics Incoming request {"userAgent":"Prometheus/3.7.3"}
2025-12-01 12:41:05.012 [INFO] [API_REQUEST] [cb986258-eaf1-47a3-96b8-eef056813066] ::ffff:127.0.0.1 [GET] /metrics Incoming Request: GET /metrics {"payload":{}}
2025-12-01 12:41:05.013 [INFO] [API_RESPONSE] [cb986258-eaf1-47a3-96b8-eef056813066] ::ffff:127.0.0.1 [GET] /metrics 1ms 200 Response: GET /metrics 200 1ms {"payload":{}}
2025-12-01T05:41:10.011Z [INFO] [REQUEST_MIDDLEWARE] [4a880662-15a2-4180-8a2b-9eb049bc8897] ::ffff:127.0.0.1 [GET] /metrics Incoming request {"userAgent":"Prometheus/3.7.3"}
2025-12-01 12:41:10.011 [INFO] [API_REQUEST] [4a880662-15a2-4180-8a2b-9eb049bc8897] ::ffff:127.0.0.1 [GET] /metrics Incoming Request: GET /metrics {"payload":{}}
2025-12-01 12:41:10.013 [INFO] [API_RESPONSE] [4a880662-15a2-4180-8a2b-9eb049bc8897] ::ffff:127.0.0.1 [GET] /metrics 2ms 200 Response: GET /metrics 200 2ms {"payload":{}}
2025-12-01T05:41:15.011Z [INFO] [REQUEST_MIDDLEWARE] [0a45b7eb-d286-4a1c-a80c-2698543f3f75] ::ffff:127.0.0.1 [GET] /metrics Incoming request {"userAgent":"Prometheus/3.7.3"}
2025-12-01 12:41:15.011 [INFO] [API_REQUEST] [0a45b7eb-d286-4a1c-a80c-2698543f3f75] ::ffff:127.0.0.1 [GET] /metrics Incoming Request: GET /metrics {"payload":{}}
2025-12-01 12:41:15.013 [INFO] [API_RESPONSE] [0a45b7eb-d286-4a1c-a80c-2698543f3f75] ::ffff:127.0.0.1 [GET] /metrics 2ms 200 Response: GET /metrics 200 2ms {"payload":{}}
2025-12-01T05:41:20.010Z [INFO] [REQUEST_MIDDLEWARE] [0fdff40b-8542-4d4a-babc-9ab5ef2fda73] ::ffff:127.0.0.1 [GET] /metrics Incoming request {"userAgent":"Prometheus/3.7.3"}
2025-12-01 12:41:20.010 [INFO] [API_REQUEST] [0fdff40b-8542-4d4a-babc-9ab5ef2fda73] ::ffff:127.0.0.1 [GET] /metrics Incoming Request: GET /metrics {"payload":{}}
2025-12-01 12:41:20.012 [INFO] [API_RESPONSE] [0fdff40b-8542-4d4a-babc-9ab5ef2fda73] ::ffff:127.0.0.1 [GET] /metrics 2ms 200 Response: GET /metrics 200 2ms {"payload":{}}
2025-12-01T05:41:25.010Z [INFO] [REQUEST_MIDDLEWARE] [6500f38e-6035-48fb-8ebd-8c031fcdbb72] ::ffff:127.0.0.1 [GET] /metrics Incoming request {"userAgent":"Prometheus/3.7.3"}
2025-12-01 12:41:25.010 [INFO] [API_REQUEST] [6500f38e-6035-48fb-8ebd-8c031fcdbb72] ::ffff:127.0.0.1 [GET] /metrics Incoming Request: GET /metrics {"payload":{}}
2025-12-01 12:41:25.013 [INFO] [API_RESPONSE] [6500f38e-6035-48fb-8ebd-8c031fcdbb72] ::ffff:127.0.0.1 [GET] /metrics 3ms 200 Response: GET /metrics 200 3ms {"payload":{}}
2025-12-01T05:41:30.010Z [INFO] [REQUEST_MIDDLEWARE] [cef7df69-a981-4f63-a6df-5819536e8530] ::ffff:127.0.0.1 [GET] /metrics Incoming request {"userAgent":"Prometheus/3.7.3"}
2025-12-01 12:41:30.011 [INFO] [API_REQUEST] [cef7df69-a981-4f63-a6df-5819536e8530] ::ffff:127.0.0.1 [GET] /metrics Incoming Request: GET /metrics {"payload":{}}
2025-12-01 12:41:30.012 [INFO] [API_RESPONSE] [cef7df69-a981-4f63-a6df-5819536e8530] ::ffff:127.0.0.1 [GET] /metrics 1ms 200 Response: GET /metrics 200 1ms {"payload":{}}
2025-12-01T05:41:35.009Z [INFO] [REQUEST_MIDDLEWARE] [0b79aee2-cf82-4599-9501-b29f1536326a] ::ffff:127.0.0.1 [GET] /metrics Incoming request {"userAgent":"Prometheus/3.7.3"}
2025-12-01 12:41:35.009 [INFO] [API_REQUEST] [0b79aee2-cf82-4599-9501-b29f1536326a] ::ffff:127.0.0.1 [GET] /metrics Incoming Request: GET /metrics {"payload":{}}
2025-12-01 12:41:35.011 [INFO] [API_RESPONSE] [0b79aee2-cf82-4599-9501-b29f1536326a] ::ffff:127.0.0.1 [GET] /metrics 2ms 200 Response: GET /metrics 200 2ms {"payload":{}}
2025-12-01T05:41:40.009Z [INFO] [REQUEST_MIDDLEWARE] [9afcdd1f-1472-4997-a2ad-9ccded2cf854] ::ffff:127.0.0.1 [GET] /metrics Incoming request {"userAgent":"Prometheus/3.7.3"}
2025-12-01 12:41:40.010 [INFO] [API_REQUEST] [9afcdd1f-1472-4997-a2ad-9ccded2cf854] ::ffff:127.0.0.1 [GET] /metrics Incoming Request: GET /metrics {"payload":{}}
2025-12-01 12:41:40.011 [INFO] [API_RESPONSE] [9afcdd1f-1472-4997-a2ad-9ccded2cf854] ::ffff:127.0.0.1 [GET] /metrics 1ms 200 Response: GET /metrics 200 1ms {"payload":{}}
2025-12-01T05:41:45.010Z [INFO] [REQUEST_MIDDLEWARE] [e1ff19fb-73fb-4fd9-8ac9-bbd99d602ca7] ::ffff:127.0.0.1 [GET] /metrics Incoming request {"userAgent":"Prometheus/3.7.3"}
2025-12-01 12:41:45.010 [INFO] [API_REQUEST] [e1ff19fb-73fb-4fd9-8ac9-bbd99d602ca7] ::ffff:127.0.0.1 [GET] /metrics Incoming Request: GET /metrics {"payload":{}}
2025-12-01 12:41:45.012 [INFO] [API_RESPONSE] [e1ff19fb-73fb-4fd9-8ac9-bbd99d602ca7] ::ffff:127.0.0.1 [GET] /metrics 2ms 200 Response: GET /metrics 200 2ms {"payload":{}}
2025-12-01T05:41:50.011Z [INFO] [REQUEST_MIDDLEWARE] [2d6025a1-83c7-4e2f-a86c-dab923e8f4cf] ::ffff:127.0.0.1 [GET] /metrics Incoming request {"userAgent":"Prometheus/3.7.3"}
2025-12-01 12:41:50.011 [INFO] [API_REQUEST] [2d6025a1-83c7-4e2f-a86c-dab923e8f4cf] ::ffff:127.0.0.1 [GET] /metrics Incoming Request: GET /metrics {"payload":{}}
2025-12-01 12:41:50.013 [INFO] [API_RESPONSE] [2d6025a1-83c7-4e2f-a86c-dab923e8f4cf] ::ffff:127.0.0.1 [GET] /metrics 2ms 200 Response: GET /metrics 200 2ms {"payload":{}}
2025-12-01T05:41:55.009Z [INFO] [REQUEST_MIDDLEWARE] [dd996a16-2284-4063-a441-9f3ae8cfe2ff] ::ffff:127.0.0.1 [GET] /metrics Incoming request {"userAgent":"Prometheus/3.7.3"}
2025-12-01 12:41:55.010 [INFO] [API_REQUEST] [dd996a16-2284-4063-a441-9f3ae8cfe2ff] ::ffff:127.0.0.1 [GET] /metrics Incoming Request: GET /metrics {"payload":{}}
2025-12-01 12:41:55.011 [INFO] [API_RESPONSE] [dd996a16-2284-4063-a441-9f3ae8cfe2ff] ::ffff:127.0.0.1 [GET] /metrics 1ms 200 Response: GET /metrics 200 1ms {"payload":{}}
2025-12-01T05:42:00.012Z [INFO] [REQUEST_MIDDLEWARE] [15d3545f-870e-4667-96d8-a3046d865b77] ::ffff:127.0.0.1 [GET] /metrics Incoming request {"userAgent":"Prometheus/3.7.3"}
2025-12-01 12:42:00.012 [INFO] [API_REQUEST] [15d3545f-870e-4667-96d8-a3046d865b77] ::ffff:127.0.0.1 [GET] /metrics Incoming Request: GET /metrics {"payload":{}}
2025-12-01 12:42:00.014 [INFO] [API_RESPONSE] [15d3545f-870e-4667-96d8-a3046d865b77] ::ffff:127.0.0.1 [GET] /metrics 2ms 200 Response: GET /metrics 200 2ms {"payload":{}}
2025-12-01T05:42:05.010Z [INFO] [REQUEST_MIDDLEWARE] [1a0c78de-07ca-4a4a-87ca-cae6d4fa1cb5] ::ffff:127.0.0.1 [GET] /metrics Incoming request {"userAgent":"Prometheus/3.7.3"}
2025-12-01 12:42:05.010 [INFO] [API_REQUEST] [1a0c78de-07ca-4a4a-87ca-cae6d4fa1cb5] ::ffff:127.0.0.1 [GET] /metrics Incoming Request: GET /metrics {"payload":{}}
2025-12-01 12:42:05.012 [INFO] [API_RESPONSE] [1a0c78de-07ca-4a4a-87ca-cae6d4fa1cb5] ::ffff:127.0.0.1 [GET] /metrics 2ms 200 Response: GET /metrics 200 2ms {"payload":{}}
2025-12-01T05:42:10.011Z [INFO] [REQUEST_MIDDLEWARE] [6cafd414-5155-4ed7-981c-1bfb7ee7b586] ::ffff:127.0.0.1 [GET] /metrics Incoming request {"userAgent":"Prometheus/3.7.3"}
2025-12-01 12:42:10.011 [INFO] [API_REQUEST] [6cafd414-5155-4ed7-981c-1bfb7ee7b586] ::ffff:127.0.0.1 [GET] /metrics Incoming Request: GET /metrics {"payload":{}}
2025-12-01 12:42:10.013 [INFO] [API_RESPONSE] [6cafd414-5155-4ed7-981c-1bfb7ee7b586] ::ffff:127.0.0.1 [GET] /metrics 2ms 200 Response: GET /metrics 200 2ms {"payload":{}}
2025-12-01T05:42:15.010Z [INFO] [REQUEST_MIDDLEWARE] [78405876-ef4e-4275-a06d-5b566f4106ce] ::ffff:127.0.0.1 [GET] /metrics Incoming request {"userAgent":"Prometheus/3.7.3"}
2025-12-01 12:42:15.010 [INFO] [API_REQUEST] [78405876-ef4e-4275-a06d-5b566f4106ce] ::ffff:127.0.0.1 [GET] /metrics Incoming Request: GET /metrics {"payload":{}}
2025-12-01 12:42:15.012 [INFO] [API_RESPONSE] [78405876-ef4e-4275-a06d-5b566f4106ce] ::ffff:127.0.0.1 [GET] /metrics 2ms 200 Response: GET /metrics 200 2ms {"payload":{}}
2025-12-01T05:42:20.011Z [INFO] [REQUEST_MIDDLEWARE] [489aab91-3467-431f-8151-1d5e49ba0720] ::ffff:127.0.0.1 [GET] /metrics Incoming request {"userAgent":"Prometheus/3.7.3"}
2025-12-01 12:42:20.011 [INFO] [API_REQUEST] [489aab91-3467-431f-8151-1d5e49ba0720] ::ffff:127.0.0.1 [GET] /metrics Incoming Request: GET /metrics {"payload":{}}
2025-12-01 12:42:20.012 [INFO] [API_RESPONSE] [489aab91-3467-431f-8151-1d5e49ba0720] ::ffff:127.0.0.1 [GET] /metrics 1ms 200 Response: GET /metrics 200 1ms {"payload":{}}
2025-12-01T05:42:25.011Z [INFO] [REQUEST_MIDDLEWARE] [5ad69306-3602-4721-a100-116bd2f0030e] ::ffff:127.0.0.1 [GET] /metrics Incoming request {"userAgent":"Prometheus/3.7.3"}
2025-12-01 12:42:25.011 [INFO] [API_REQUEST] [5ad69306-3602-4721-a100-116bd2f0030e] ::ffff:127.0.0.1 [GET] /metrics Incoming Request: GET /metrics {"payload":{}}
2025-12-01 12:42:25.014 [INFO] [API_RESPONSE] [5ad69306-3602-4721-a100-116bd2f0030e] ::ffff:127.0.0.1 [GET] /metrics 3ms 200 Response: GET /metrics 200 3ms {"payload":{}}
2025-12-01T05:42:30.011Z [INFO] [REQUEST_MIDDLEWARE] [9e717bbb-fa32-4cab-8236-fef634d01ca9] ::ffff:127.0.0.1 [GET] /metrics Incoming request {"userAgent":"Prometheus/3.7.3"}
2025-12-01 12:42:30.012 [INFO] [API_REQUEST] [9e717bbb-fa32-4cab-8236-fef634d01ca9] ::ffff:127.0.0.1 [GET] /metrics Incoming Request: GET /metrics {"payload":{}}
2025-12-01 12:42:30.013 [INFO] [API_RESPONSE] [9e717bbb-fa32-4cab-8236-fef634d01ca9] ::ffff:127.0.0.1 [GET] /metrics 1ms 200 Response: GET /metrics 200 1ms {"payload":{}}
2025-12-01T05:42:35.010Z [INFO] [REQUEST_MIDDLEWARE] [46403f28-b3d3-4606-8030-83359399f53a] ::ffff:127.0.0.1 [GET] /metrics Incoming request {"userAgent":"Prometheus/3.7.3"}
2025-12-01 12:42:35.010 [INFO] [API_REQUEST] [46403f28-b3d3-4606-8030-83359399f53a] ::ffff:127.0.0.1 [GET] /metrics Incoming Request: GET /metrics {"payload":{}}
2025-12-01 12:42:35.012 [INFO] [API_RESPONSE] [46403f28-b3d3-4606-8030-83359399f53a] ::ffff:127.0.0.1 [GET] /metrics 2ms 200 Response: GET /metrics 200 2ms {"payload":{}}
2025-12-01T05:42:40.011Z [INFO] [REQUEST_MIDDLEWARE] [883871a4-efe3-4114-ae50-03e0126b6344] ::ffff:127.0.0.1 [GET] /metrics Incoming request {"userAgent":"Prometheus/3.7.3"}
2025-12-01 12:42:40.011 [INFO] [API_REQUEST] [883871a4-efe3-4114-ae50-03e0126b6344] ::ffff:127.0.0.1 [GET] /metrics Incoming Request: GET /metrics {"payload":{}}
2025-12-01 12:42:40.012 [INFO] [API_RESPONSE] [883871a4-efe3-4114-ae50-03e0126b6344] ::ffff:127.0.0.1 [GET] /metrics 1ms 200 Response: GET /metrics 200 1ms {"payload":{}}
2025-12-01T05:42:45.010Z [INFO] [REQUEST_MIDDLEWARE] [dac8517c-9353-499e-9905-5aa7c4a6fb35] ::ffff:127.0.0.1 [GET] /metrics Incoming request {"userAgent":"Prometheus/3.7.3"}
2025-12-01 12:42:45.011 [INFO] [API_REQUEST] [dac8517c-9353-499e-9905-5aa7c4a6fb35] ::ffff:127.0.0.1 [GET] /metrics Incoming Request: GET /metrics {"payload":{}}
2025-12-01 12:42:45.014 [INFO] [API_RESPONSE] [dac8517c-9353-499e-9905-5aa7c4a6fb35] ::ffff:127.0.0.1 [GET] /metrics 3ms 200 Response: GET /metrics 200 3ms {"payload":{}}
2025-12-01T05:42:50.010Z [INFO] [REQUEST_MIDDLEWARE] [c536b564-e5e4-431c-9675-2ddb10ef9e34] ::ffff:127.0.0.1 [GET] /metrics Incoming request {"userAgent":"Prometheus/3.7.3"}
2025-12-01 12:42:50.011 [INFO] [API_REQUEST] [c536b564-e5e4-431c-9675-2ddb10ef9e34] ::ffff:127.0.0.1 [GET] /metrics Incoming Request: GET /metrics {"payload":{}}
2025-12-01 12:42:50.012 [INFO] [API_RESPONSE] [c536b564-e5e4-431c-9675-2ddb10ef9e34] ::ffff:127.0.0.1 [GET] /metrics 1ms 200 Response: GET /metrics 200 1ms {"payload":{}}
2025-12-01T05:42:55.010Z [INFO] [REQUEST_MIDDLEWARE] [b65a3534-7411-4c81-adfe-062c0cce09f6] ::ffff:127.0.0.1 [GET] /metrics Incoming request {"userAgent":"Prometheus/3.7.3"}
2025-12-01 12:42:55.010 [INFO] [API_REQUEST] [b65a3534-7411-4c81-adfe-062c0cce09f6] ::ffff:127.0.0.1 [GET] /metrics Incoming Request: GET /metrics {"payload":{}}
2025-12-01 12:42:55.013 [INFO] [API_RESPONSE] [b65a3534-7411-4c81-adfe-062c0cce09f6] ::ffff:127.0.0.1 [GET] /metrics 3ms 200 Response: GET /metrics 200 3ms {"payload":{}}
2025-12-01T05:43:00.011Z [INFO] [REQUEST_MIDDLEWARE] [00c880d3-991f-4e66-8d75-66d6a539ec7c] ::ffff:127.0.0.1 [GET] /metrics Incoming request {"userAgent":"Prometheus/3.7.3"}
2025-12-01 12:43:00.011 [INFO] [API_REQUEST] [00c880d3-991f-4e66-8d75-66d6a539ec7c] ::ffff:127.0.0.1 [GET] /metrics Incoming Request: GET /metrics {"payload":{}}
2025-12-01 12:43:00.013 [INFO] [API_RESPONSE] [00c880d3-991f-4e66-8d75-66d6a539ec7c] ::ffff:127.0.0.1 [GET] /metrics 2ms 200 Response: GET /metrics 200 2ms {"payload":{}}
2025-12-01T05:43:05.010Z [INFO] [REQUEST_MIDDLEWARE] [46286d6b-1140-4c15-964b-9e77cd869784] ::ffff:127.0.0.1 [GET] /metrics Incoming request {"userAgent":"Prometheus/3.7.3"}
2025-12-01 12:43:05.010 [INFO] [API_REQUEST] [46286d6b-1140-4c15-964b-9e77cd869784] ::ffff:127.0.0.1 [GET] /metrics Incoming Request: GET /metrics {"payload":{}}
2025-12-01 12:43:05.013 [INFO] [API_RESPONSE] [46286d6b-1140-4c15-964b-9e77cd869784] ::ffff:127.0.0.1 [GET] /metrics 3ms 200 Response: GET /metrics 200 3ms {"payload":{}}
2025-12-01T05:43:10.010Z [INFO] [REQUEST_MIDDLEWARE] [3916be39-4ae7-4182-a5fc-e621e22e1c68] ::ffff:127.0.0.1 [GET] /metrics Incoming request {"userAgent":"Prometheus/3.7.3"}
2025-12-01 12:43:10.010 [INFO] [API_REQUEST] [3916be39-4ae7-4182-a5fc-e621e22e1c68] ::ffff:127.0.0.1 [GET] /metrics Incoming Request: GET /metrics {"payload":{}}
2025-12-01 12:43:10.012 [INFO] [API_RESPONSE] [3916be39-4ae7-4182-a5fc-e621e22e1c68] ::ffff:127.0.0.1 [GET] /metrics 2ms 200 Response: GET /metrics 200 2ms {"payload":{}}
2025-12-01T05:43:15.010Z [INFO] [REQUEST_MIDDLEWARE] [803d09a2-4f5f-4f7e-b13d-a3de11676d3d] ::ffff:127.0.0.1 [GET] /metrics Incoming request {"userAgent":"Prometheus/3.7.3"}
2025-12-01 12:43:15.010 [INFO] [API_REQUEST] [803d09a2-4f5f-4f7e-b13d-a3de11676d3d] ::ffff:127.0.0.1 [GET] /metrics Incoming Request: GET /metrics {"payload":{}}
2025-12-01 12:43:15.012 [INFO] [API_RESPONSE] [803d09a2-4f5f-4f7e-b13d-a3de11676d3d] ::ffff:127.0.0.1 [GET] /metrics 2ms 200 Response: GET /metrics 200 2ms {"payload":{}}
2025-12-01T05:43:20.010Z [INFO] [REQUEST_MIDDLEWARE] [66e8ad86-6648-466d-bc0b-819f4df69aed] ::ffff:127.0.0.1 [GET] /metrics Incoming request {"userAgent":"Prometheus/3.7.3"}
2025-12-01 12:43:20.010 [INFO] [API_REQUEST] [66e8ad86-6648-466d-bc0b-819f4df69aed] ::ffff:127.0.0.1 [GET] /metrics Incoming Request: GET /metrics {"payload":{}}
2025-12-01 12:43:20.012 [INFO] [API_RESPONSE] [66e8ad86-6648-466d-bc0b-819f4df69aed] ::ffff:127.0.0.1 [GET] /metrics 2ms 200 Response: GET /metrics 200 2ms {"payload":{}}
2025-12-01T05:43:25.010Z [INFO] [REQUEST_MIDDLEWARE] [fe1777cb-7b78-49e5-b0c4-0ea6dd9af103] ::ffff:127.0.0.1 [GET] /metrics Incoming request {"userAgent":"Prometheus/3.7.3"}
2025-12-01 12:43:25.011 [INFO] [API_REQUEST] [fe1777cb-7b78-49e5-b0c4-0ea6dd9af103] ::ffff:127.0.0.1 [GET] /metrics Incoming Request: GET /metrics {"payload":{}}
2025-12-01 12:43:25.014 [INFO] [API_RESPONSE] [fe1777cb-7b78-49e5-b0c4-0ea6dd9af103] ::ffff:127.0.0.1 [GET] /metrics 3ms 200 Response: GET /metrics 200 3ms {"payload":{}}
2025-12-01T05:43:30.011Z [INFO] [REQUEST_MIDDLEWARE] [39b29be7-b1e1-44d0-ba58-db680df052d6] ::ffff:127.0.0.1 [GET] /metrics Incoming request {"userAgent":"Prometheus/3.7.3"}
2025-12-01 12:43:30.011 [INFO] [API_REQUEST] [39b29be7-b1e1-44d0-ba58-db680df052d6] ::ffff:127.0.0.1 [GET] /metrics Incoming Request: GET /metrics {"payload":{}}
2025-12-01 12:43:30.013 [INFO] [API_RESPONSE] [39b29be7-b1e1-44d0-ba58-db680df052d6] ::ffff:127.0.0.1 [GET] /metrics 2ms 200 Response: GET /metrics 200 2ms {"payload":{}}
2025-12-01T05:43:35.010Z [INFO] [REQUEST_MIDDLEWARE] [a4632532-50de-4b55-80a5-f33a96226f5b] ::ffff:127.0.0.1 [GET] /metrics Incoming request {"userAgent":"Prometheus/3.7.3"}
2025-12-01 12:43:35.010 [INFO] [API_REQUEST] [a4632532-50de-4b55-80a5-f33a96226f5b] ::ffff:127.0.0.1 [GET] /metrics Incoming Request: GET /metrics {"payload":{}}
2025-12-01 12:43:35.013 [INFO] [API_RESPONSE] [a4632532-50de-4b55-80a5-f33a96226f5b] ::ffff:127.0.0.1 [GET] /metrics 3ms 200 Response: GET /metrics 200 3ms {"payload":{}}
2025-12-01T05:43:40.009Z [INFO] [REQUEST_MIDDLEWARE] [d323bcb6-7f06-46f0-8bdf-3952d4ad4b16] ::ffff:127.0.0.1 [GET] /metrics Incoming request {"userAgent":"Prometheus/3.7.3"}
2025-12-01 12:43:40.009 [INFO] [API_REQUEST] [d323bcb6-7f06-46f0-8bdf-3952d4ad4b16] ::ffff:127.0.0.1 [GET] /metrics Incoming Request: GET /metrics {"payload":{}}
2025-12-01 12:43:40.011 [INFO] [API_RESPONSE] [d323bcb6-7f06-46f0-8bdf-3952d4ad4b16] ::ffff:127.0.0.1 [GET] /metrics 2ms 200 Response: GET /metrics 200 2ms {"payload":{}}
2025-12-01T05:43:45.010Z [INFO] [REQUEST_MIDDLEWARE] [ec55364e-e62f-4638-91ea-80478d061a7b] ::ffff:127.0.0.1 [GET] /metrics Incoming request {"userAgent":"Prometheus/3.7.3"}
2025-12-01 12:43:45.011 [INFO] [API_REQUEST] [ec55364e-e62f-4638-91ea-80478d061a7b] ::ffff:127.0.0.1 [GET] /metrics Incoming Request: GET /metrics {"payload":{}}
2025-12-01 12:43:45.014 [INFO] [API_RESPONSE] [ec55364e-e62f-4638-91ea-80478d061a7b] ::ffff:127.0.0.1 [GET] /metrics 3ms 200 Response: GET /metrics 200 3ms {"payload":{}}
2025-12-01T05:43:50.010Z [INFO] [REQUEST_MIDDLEWARE] [756394e9-0041-4c17-b41d-f8a02b722516] ::ffff:127.0.0.1 [GET] /metrics Incoming request {"userAgent":"Prometheus/3.7.3"}
2025-12-01 12:43:50.010 [INFO] [API_REQUEST] [756394e9-0041-4c17-b41d-f8a02b722516] ::ffff:127.0.0.1 [GET] /metrics Incoming Request: GET /metrics {"payload":{}}
2025-12-01 12:43:50.012 [INFO] [API_RESPONSE] [756394e9-0041-4c17-b41d-f8a02b722516] ::ffff:127.0.0.1 [GET] /metrics 2ms 200 Response: GET /metrics 200 2ms {"payload":{}}
2025-12-01 23:06:03.836 [INFO] Booking System Server Started
2025-12-01 23:06:03.838 [INFO] API Server: http://localhost:5000
2025-12-01 23:06:03.839 [INFO] Health Check: http://localhost:5000/health
2025-12-01 23:06:03.839 [INFO] Deep Health Check: http://localhost:5000/health/deep
2025-12-01 23:06:03.839 [INFO] Circuit Breaker Status: http://localhost:5000/health/circuits

2025-12-01 23:06:03.846 [INFO] [REDIS] Connecting to Redis...
2025-12-01 23:06:04.205 [INFO] [REDIS] Redis client ready. Host: 127.0.0.1:6379
2025-12-01T16:06:04.217Z [INFO] [REQUEST_MIDDLEWARE] [6b844ed5-4a79-4ca8-8d02-7fb1afff8cb3] ::ffff:127.0.0.1 [GET] /metrics Incoming request {"userAgent":"Prometheus/3.7.3"}
2025-12-01 23:06:04.218 [INFO] [API_REQUEST] [6b844ed5-4a79-4ca8-8d02-7fb1afff8cb3] ::ffff:127.0.0.1 [GET] /metrics Incoming Request: GET /metrics {"payload":{}}
2025-12-01 23:06:04.224 [INFO] [API_RESPONSE] [6b844ed5-4a79-4ca8-8d02-7fb1afff8cb3] ::ffff:127.0.0.1 [GET] /metrics 6ms 200 Response: GET /metrics 200 6ms {"payload":{}}
2025-12-01 23:06:04.275 [INFO] Database connection established successfully. Host: localhost:3307. Database: meetingroombooking
2025-12-01T16:06:04.316Z [INFO] [REQUEST_MIDDLEWARE] [09e112c3-84e2-4c9b-9fb5-a57750f9d554] ::1 [GET] /health Incoming request {"userAgent":"curl/8.16.0"}
2025-12-01 23:06:04.317 [INFO] [API_REQUEST] [09e112c3-84e2-4c9b-9fb5-a57750f9d554] ::1 [GET] /health Incoming Request: GET /health {"payload":{}}
2025-12-01 23:06:04.322 [INFO] [API_RESPONSE] [09e112c3-84e2-4c9b-9fb5-a57750f9d554] ::1 [GET] /health 5ms 200 Response: GET /health 200 5ms {"payload":{}}
2025-12-01T16:06:09.075Z [INFO] [REQUEST_MIDDLEWARE] [9035436c-b75b-4a4c-9fd6-533bf36df38f] ::ffff:127.0.0.1 [GET] /metrics Incoming request {"userAgent":"Prometheus/3.7.3"}
2025-12-01 23:06:09.075 [INFO] [API_REQUEST] [9035436c-b75b-4a4c-9fd6-533bf36df38f] ::ffff:127.0.0.1 [GET] /metrics Incoming Request: GET /metrics {"payload":{}}
2025-12-01 23:06:09.078 [INFO] [API_RESPONSE] [9035436c-b75b-4a4c-9fd6-533bf36df38f] ::ffff:127.0.0.1 [GET] /metrics 3ms 200 Response: GET /metrics 200 3ms {"payload":{}}
2025-12-01T16:06:14.075Z [INFO] [REQUEST_MIDDLEWARE] [8e0db34f-50e2-4eda-8c44-9a724c0374f4] ::ffff:127.0.0.1 [GET] /metrics Incoming request {"userAgent":"Prometheus/3.7.3"}
2025-12-01 23:06:14.075 [INFO] [API_REQUEST] [8e0db34f-50e2-4eda-8c44-9a724c0374f4] ::ffff:127.0.0.1 [GET] /metrics Incoming Request: GET /metrics {"payload":{}}
2025-12-01 23:06:14.077 [INFO] [API_RESPONSE] [8e0db34f-50e2-4eda-8c44-9a724c0374f4] ::ffff:127.0.0.1 [GET] /metrics 2ms 200 Response: GET /metrics 200 2ms {"payload":{}}
2025-12-01T16:06:19.070Z [INFO] [REQUEST_MIDDLEWARE] [c65eadbc-4084-48f6-aedc-fb485d8f2391] ::ffff:127.0.0.1 [GET] /metrics Incoming request {"userAgent":"Prometheus/3.7.3"}
2025-12-01 23:06:19.070 [INFO] [API_REQUEST] [c65eadbc-4084-48f6-aedc-fb485d8f2391] ::ffff:127.0.0.1 [GET] /metrics Incoming Request: GET /metrics {"payload":{}}
2025-12-01 23:06:19.072 [INFO] [API_RESPONSE] [c65eadbc-4084-48f6-aedc-fb485d8f2391] ::ffff:127.0.0.1 [GET] /metrics 2ms 200 Response: GET /metrics 200 2ms {"payload":{}}
2025-12-01T16:06:24.072Z [INFO] [REQUEST_MIDDLEWARE] [845b728a-d86e-4740-89b3-85b5b371a3cb] ::ffff:127.0.0.1 [GET] /metrics Incoming request {"userAgent":"Prometheus/3.7.3"}
2025-12-01 23:06:24.073 [INFO] [API_REQUEST] [845b728a-d86e-4740-89b3-85b5b371a3cb] ::ffff:127.0.0.1 [GET] /metrics Incoming Request: GET /metrics {"payload":{}}
2025-12-01 23:06:24.076 [INFO] [API_RESPONSE] [845b728a-d86e-4740-89b3-85b5b371a3cb] ::ffff:127.0.0.1 [GET] /metrics 3ms 200 Response: GET /metrics 200 3ms {"payload":{}}
2025-12-01T16:06:29.071Z [INFO] [REQUEST_MIDDLEWARE] [3f1ea37a-8579-4adf-92f7-9e5570b46847] ::ffff:127.0.0.1 [GET] /metrics Incoming request {"userAgent":"Prometheus/3.7.3"}
2025-12-01 23:06:29.071 [INFO] [API_REQUEST] [3f1ea37a-8579-4adf-92f7-9e5570b46847] ::ffff:127.0.0.1 [GET] /metrics Incoming Request: GET /metrics {"payload":{}}
2025-12-01 23:06:29.073 [INFO] [API_RESPONSE] [3f1ea37a-8579-4adf-92f7-9e5570b46847] ::ffff:127.0.0.1 [GET] /metrics 2ms 200 Response: GET /metrics 200 2ms {"payload":{}}
2025-12-01T16:06:34.070Z [INFO] [REQUEST_MIDDLEWARE] [caba1070-dce3-4ad9-8871-20f084c9985c] ::ffff:127.0.0.1 [GET] /metrics Incoming request {"userAgent":"Prometheus/3.7.3"}
2025-12-01 23:06:34.070 [INFO] [API_REQUEST] [caba1070-dce3-4ad9-8871-20f084c9985c] ::ffff:127.0.0.1 [GET] /metrics Incoming Request: GET /metrics {"payload":{}}
2025-12-01 23:06:34.072 [INFO] [API_RESPONSE] [caba1070-dce3-4ad9-8871-20f084c9985c] ::ffff:127.0.0.1 [GET] /metrics 2ms 200 Response: GET /metrics 200 2ms {"payload":{}}
2025-12-01T16:06:39.069Z [INFO] [REQUEST_MIDDLEWARE] [fc2767be-b1a9-4855-a03a-989cbdfd56bb] ::ffff:127.0.0.1 [GET] /metrics Incoming request {"userAgent":"Prometheus/3.7.3"}
2025-12-01 23:06:39.069 [INFO] [API_REQUEST] [fc2767be-b1a9-4855-a03a-989cbdfd56bb] ::ffff:127.0.0.1 [GET] /metrics Incoming Request: GET /metrics {"payload":{}}
2025-12-01 23:06:39.072 [INFO] [API_RESPONSE] [fc2767be-b1a9-4855-a03a-989cbdfd56bb] ::ffff:127.0.0.1 [GET] /metrics 3ms 200 Response: GET /metrics 200 3ms {"payload":{}}
2025-12-01T16:06:44.067Z [INFO] [REQUEST_MIDDLEWARE] [a0271de4-e778-41fa-a2dd-a5eda18d4b05] ::ffff:127.0.0.1 [GET] /metrics Incoming request {"userAgent":"Prometheus/3.7.3"}
2025-12-01 23:06:44.068 [INFO] [API_REQUEST] [a0271de4-e778-41fa-a2dd-a5eda18d4b05] ::ffff:127.0.0.1 [GET] /metrics Incoming Request: GET /metrics {"payload":{}}
2025-12-01 23:06:44.070 [INFO] [API_RESPONSE] [a0271de4-e778-41fa-a2dd-a5eda18d4b05] ::ffff:127.0.0.1 [GET] /metrics 2ms 200 Response: GET /metrics 200 2ms {"payload":{}}
2025-12-01T16:06:49.064Z [INFO] [REQUEST_MIDDLEWARE] [1e9d96b9-0914-4d63-9574-9696a8801b3f] ::ffff:127.0.0.1 [GET] /metrics Incoming request {"userAgent":"Prometheus/3.7.3"}
2025-12-01 23:06:49.064 [INFO] [API_REQUEST] [1e9d96b9-0914-4d63-9574-9696a8801b3f] ::ffff:127.0.0.1 [GET] /metrics Incoming Request: GET /metrics {"payload":{}}
2025-12-01 23:06:49.066 [INFO] [API_RESPONSE] [1e9d96b9-0914-4d63-9574-9696a8801b3f] ::ffff:127.0.0.1 [GET] /metrics 2ms 200 Response: GET /metrics 200 2ms {"payload":{}}
2025-12-01T16:06:54.062Z [INFO] [REQUEST_MIDDLEWARE] [5a186dec-344a-4a77-94c0-eeb96c017441] ::ffff:127.0.0.1 [GET] /metrics Incoming request {"userAgent":"Prometheus/3.7.3"}
2025-12-01 23:06:54.063 [INFO] [API_REQUEST] [5a186dec-344a-4a77-94c0-eeb96c017441] ::ffff:127.0.0.1 [GET] /metrics Incoming Request: GET /metrics {"payload":{}}
2025-12-01 23:06:54.064 [INFO] [API_RESPONSE] [5a186dec-344a-4a77-94c0-eeb96c017441] ::ffff:127.0.0.1 [GET] /metrics 1ms 200 Response: GET /metrics 200 1ms {"payload":{}}
2025-12-01T16:06:59.064Z [INFO] [REQUEST_MIDDLEWARE] [86b933b1-86b4-4aa7-bd9c-7bf5d8a55601] ::ffff:127.0.0.1 [GET] /metrics Incoming request {"userAgent":"Prometheus/3.7.3"}
2025-12-01 23:06:59.064 [INFO] [API_REQUEST] [86b933b1-86b4-4aa7-bd9c-7bf5d8a55601] ::ffff:127.0.0.1 [GET] /metrics Incoming Request: GET /metrics {"payload":{}}
2025-12-01 23:06:59.066 [INFO] [API_RESPONSE] [86b933b1-86b4-4aa7-bd9c-7bf5d8a55601] ::ffff:127.0.0.1 [GET] /metrics 2ms 200 Response: GET /metrics 200 2ms {"payload":{}}
2025-12-01T16:07:04.061Z [INFO] [REQUEST_MIDDLEWARE] [83b7d5f0-848e-4cbd-8ce2-a7993dbc009b] ::ffff:127.0.0.1 [GET] /metrics Incoming request {"userAgent":"Prometheus/3.7.3"}
2025-12-01 23:07:04.061 [INFO] [API_REQUEST] [83b7d5f0-848e-4cbd-8ce2-a7993dbc009b] ::ffff:127.0.0.1 [GET] /metrics Incoming Request: GET /metrics {"payload":{}}
2025-12-01 23:07:04.063 [INFO] [API_RESPONSE] [83b7d5f0-848e-4cbd-8ce2-a7993dbc009b] ::ffff:127.0.0.1 [GET] /metrics 2ms 200 Response: GET /metrics 200 2ms {"payload":{}}
2025-12-01T16:07:09.061Z [INFO] [REQUEST_MIDDLEWARE] [85fe7cd0-77d0-4902-b3f0-2077354cc981] ::ffff:127.0.0.1 [GET] /metrics Incoming request {"userAgent":"Prometheus/3.7.3"}
2025-12-01 23:07:09.061 [INFO] [API_REQUEST] [85fe7cd0-77d0-4902-b3f0-2077354cc981] ::ffff:127.0.0.1 [GET] /metrics Incoming Request: GET /metrics {"payload":{}}
2025-12-01 23:07:09.063 [INFO] [API_RESPONSE] [85fe7cd0-77d0-4902-b3f0-2077354cc981] ::ffff:127.0.0.1 [GET] /metrics 2ms 200 Response: GET /metrics 200 2ms {"payload":{}}
2025-12-01T16:07:14.060Z [INFO] [REQUEST_MIDDLEWARE] [5d45bb1d-300e-471e-9274-334d61f54b1b] ::ffff:127.0.0.1 [GET] /metrics Incoming request {"userAgent":"Prometheus/3.7.3"}
2025-12-01 23:07:14.061 [INFO] [API_REQUEST] [5d45bb1d-300e-471e-9274-334d61f54b1b] ::ffff:127.0.0.1 [GET] /metrics Incoming Request: GET /metrics {"payload":{}}
2025-12-01 23:07:14.062 [INFO] [API_RESPONSE] [5d45bb1d-300e-471e-9274-334d61f54b1b] ::ffff:127.0.0.1 [GET] /metrics 1ms 200 Response: GET /metrics 200 1ms {"payload":{}}
2025-12-01T16:07:19.059Z [INFO] [REQUEST_MIDDLEWARE] [a48e0f29-91a9-4aa8-967b-7d8499afa94d] ::ffff:127.0.0.1 [GET] /metrics Incoming request {"userAgent":"Prometheus/3.7.3"}
2025-12-01 23:07:19.059 [INFO] [API_REQUEST] [a48e0f29-91a9-4aa8-967b-7d8499afa94d] ::ffff:127.0.0.1 [GET] /metrics Incoming Request: GET /metrics {"payload":{}}
2025-12-01 23:07:19.061 [INFO] [API_RESPONSE] [a48e0f29-91a9-4aa8-967b-7d8499afa94d] ::ffff:127.0.0.1 [GET] /metrics 2ms 200 Response: GET /metrics 200 2ms {"payload":{}}
2025-12-01T16:07:24.058Z [INFO] [REQUEST_MIDDLEWARE] [197f6134-ed0b-432a-889f-8bb6d6994597] ::ffff:127.0.0.1 [GET] /metrics Incoming request {"userAgent":"Prometheus/3.7.3"}
2025-12-01 23:07:24.059 [INFO] [API_REQUEST] [197f6134-ed0b-432a-889f-8bb6d6994597] ::ffff:127.0.0.1 [GET] /metrics Incoming Request: GET /metrics {"payload":{}}
2025-12-01 23:07:24.061 [INFO] [API_RESPONSE] [197f6134-ed0b-432a-889f-8bb6d6994597] ::ffff:127.0.0.1 [GET] /metrics 2ms 200 Response: GET /metrics 200 2ms {"payload":{}}
2025-12-01T16:07:29.057Z [INFO] [REQUEST_MIDDLEWARE] [22a53ae7-742e-4546-9a93-e3c2c9fee8d6] ::ffff:127.0.0.1 [GET] /metrics Incoming request {"userAgent":"Prometheus/3.7.3"}
2025-12-01 23:07:29.058 [INFO] [API_REQUEST] [22a53ae7-742e-4546-9a93-e3c2c9fee8d6] ::ffff:127.0.0.1 [GET] /metrics Incoming Request: GET /metrics {"payload":{}}
2025-12-01 23:07:29.059 [INFO] [API_RESPONSE] [22a53ae7-742e-4546-9a93-e3c2c9fee8d6] ::ffff:127.0.0.1 [GET] /metrics 1ms 200 Response: GET /metrics 200 1ms {"payload":{}}
2025-12-01T16:07:34.056Z [INFO] [REQUEST_MIDDLEWARE] [bbce2e82-ec3b-4bfc-a48e-c138b93048d9] ::ffff:127.0.0.1 [GET] /metrics Incoming request {"userAgent":"Prometheus/3.7.3"}
2025-12-01 23:07:34.056 [INFO] [API_REQUEST] [bbce2e82-ec3b-4bfc-a48e-c138b93048d9] ::ffff:127.0.0.1 [GET] /metrics Incoming Request: GET /metrics {"payload":{}}
2025-12-01 23:07:34.058 [INFO] [API_RESPONSE] [bbce2e82-ec3b-4bfc-a48e-c138b93048d9] ::ffff:127.0.0.1 [GET] /metrics 2ms 200 Response: GET /metrics 200 2ms {"payload":{}}
2025-12-01T16:07:39.055Z [INFO] [REQUEST_MIDDLEWARE] [cd701738-c0fe-42dd-bb78-a53e3ad4d599] ::ffff:127.0.0.1 [GET] /metrics Incoming request {"userAgent":"Prometheus/3.7.3"}
2025-12-01 23:07:39.055 [INFO] [API_REQUEST] [cd701738-c0fe-42dd-bb78-a53e3ad4d599] ::ffff:127.0.0.1 [GET] /metrics Incoming Request: GET /metrics {"payload":{}}
2025-12-01 23:07:39.057 [INFO] [API_RESPONSE] [cd701738-c0fe-42dd-bb78-a53e3ad4d599] ::ffff:127.0.0.1 [GET] /metrics 2ms 200 Response: GET /metrics 200 2ms {"payload":{}}
2025-12-01T16:07:44.053Z [INFO] [REQUEST_MIDDLEWARE] [66d2db0d-c0c8-4f94-8f71-763bb17006dd] ::ffff:127.0.0.1 [GET] /metrics Incoming request {"userAgent":"Prometheus/3.7.3"}
2025-12-01 23:07:44.053 [INFO] [API_REQUEST] [66d2db0d-c0c8-4f94-8f71-763bb17006dd] ::ffff:127.0.0.1 [GET] /metrics Incoming Request: GET /metrics {"payload":{}}
2025-12-01 23:07:44.055 [INFO] [API_RESPONSE] [66d2db0d-c0c8-4f94-8f71-763bb17006dd] ::ffff:127.0.0.1 [GET] /metrics 2ms 200 Response: GET /metrics 200 2ms {"payload":{}}
2025-12-01T16:07:49.050Z [INFO] [REQUEST_MIDDLEWARE] [d30de1f4-9751-4a90-a7c3-584a43bddb31] ::ffff:127.0.0.1 [GET] /metrics Incoming request {"userAgent":"Prometheus/3.7.3"}
2025-12-01 23:07:49.050 [INFO] [API_REQUEST] [d30de1f4-9751-4a90-a7c3-584a43bddb31] ::ffff:127.0.0.1 [GET] /metrics Incoming Request: GET /metrics {"payload":{}}
2025-12-01 23:07:49.052 [INFO] [API_RESPONSE] [d30de1f4-9751-4a90-a7c3-584a43bddb31] ::ffff:127.0.0.1 [GET] /metrics 2ms 200 Response: GET /metrics 200 2ms {"payload":{}}
2025-12-01T16:07:54.051Z [INFO] [REQUEST_MIDDLEWARE] [cf8e3f43-c7d3-4688-b211-b9132aff2550] ::ffff:127.0.0.1 [GET] /metrics Incoming request {"userAgent":"Prometheus/3.7.3"}
2025-12-01 23:07:54.051 [INFO] [API_REQUEST] [cf8e3f43-c7d3-4688-b211-b9132aff2550] ::ffff:127.0.0.1 [GET] /metrics Incoming Request: GET /metrics {"payload":{}}
2025-12-01 23:07:54.053 [INFO] [API_RESPONSE] [cf8e3f43-c7d3-4688-b211-b9132aff2550] ::ffff:127.0.0.1 [GET] /metrics 2ms 200 Response: GET /metrics 200 2ms {"payload":{}}
2025-12-01 23:07:58.211 [INFO] 
  Received shutdown signal, starting graceful shutdown...
